{
  "n_trades": 26,
  "n_wins": 24,
  "n_losses": 2,
  "win_rate": 0.9230769230769231,
  "total_gross_pnl_pts": 6995.0,
  "total_net_pnl_pts": 6246.199999999998,
  "avg_win_pts": 304.895652173913,
  "avg_loss_pts": -255.4666666666667,
  "profit_factor": 9.150052192066802,
  "sharpe_ratio": 16.263852855880586,
  "max_drawdown_pts": 762.6000000000004,
  "calmar_ratio": 516.0118017309202,
  "opportunity_capture_rate": 0.7431528851873882,
  "trades_per_day": 6.5,
  "n_trading_days": 4,
  "n_total_days": 4,
  "total_cost_pts": 748.800000000002,
  "buy_trades": 16,
  "sell_trades": 10,
  "buy_win_rate": 0.875,
  "sell_win_rate": 1.0
}