,volatility_bollinger_upper,volatility_bollinger_lower,volatility_atr,volatility_historical,momentum_rsi,momentum_macd,momentum_roc,momentum_obv,ma_sma_50,ma_ema_9,ma_ema_21,ma_slope_short,ma_slope_long,pattern_mean_reversion,pattern_volume_spike,pattern_impulse,lag_return_1,lag_return_2,lag_close_1,lag_close_2,lag_volume_1,lag_volume_2,correlation_20d,correlation_trend,label
2026-01-22 21:22:06.812200,-1.254598811526375,2.0096913145911994,-1.2669068372024703,3.709691237460856,82.75378955668742,3.3704112524294008,3.393384923560024,3818217.712109781,-3.463089571557955,-1.0484470252769498,2.844054732127973,-1.2313311965281146,-2.000706025269338,12.985701341788102,2675731.911935784,4.985608065856287,0.3133995323660912,-4.383920147075307,-2.9953095223364103,-4.860509813080886,4711602.519448108,3208889.120695386,40.21563818439675,86.57009923240037,0
2026-01-22 22:22:06.812200,0.5606554294044854,-1.31724539832522,-0.985861660614774,-2.698719225397152,47.833932017595565,-2.1511360440477296,1.235588723143492,1956795.75125242,-3.357989763228637,0.4920355105019067,1.165344653792907,0.2413748673637447,-0.5638844462205647,9.53990756597184,2378080.6912478497,2.033844513535614,-2.7961981549886104,-5.022222620212531,1.1918039375234049,1.979912833215237,3702629.219333112,3499672.598231812,94.87664024112011,1.8506364956425685,0
2026-01-22 23:22:06.812200,-1.401223500158408,-3.647501627128346,-0.1894483522882896,3.6496802451272514,6.584635353554971,3.282031953767182,0.8968117810756153,1021024.2153347156,-0.9801817841873084,-1.911439005076972,-2.0259859338436,-4.226088213907637,1.1162292856104892,64.35618029261637,4760250.773572129,-1.83291922513066,4.546468918555877,0.0036072424379139,-0.5694993412195621,2.788549235533756,3282231.7799819205,2199962.0765259773,72.87865307636508,8.89088539016123,0
2026-01-23 00:22:06.812200,4.507143064099161,-4.272369936358064,-2.292553268564462,2.1408693213242778,73.3614380561402,-2.207239115455896,-4.9618007734141685,2690914.547575729,0.7260723288202247,2.28370854339646,0.9856299321775994,3.759049249998945,-0.2569133513156973,67.61957463565392,4103460.2608111473,-4.751827885548509,-1.0028044902557245,-3.375015845255586,-0.8653423328983987,1.5711883906127335,4313512.582406585,3643895.282598703,10.239446279317654,3.2109580482058253,1
2026-01-23 01:22:06.812200,2.3199394181140507,3.218600592903563,1.4399954323901571,3.017280830697919,76.93048936413398,1.4288191005870765,-2.531761307980977,2386096.671810873,-2.2298747567402124,-1.5419390158957502,-0.8585893178433377,4.052989990105155,-3.3197994780732145,85.86001069824982,2354931.8230977254,3.352440601588656,4.537036264917079,3.950338588534368,-2.9379728409822112,-1.3490607976819415,2291914.933455232,2291604.274311604,6.150573645863855,64.38679275551263,1
2026-01-23 02:22:06.812200,-0.5268811372739041,-4.366802189395971,0.1734392740881002,-3.552717755875066,24.052135702519493,3.310328891940083,-1.2894179369191885,2112478.037076673,3.206549728982453,-2.2020909726395788,4.877234333063513,-1.938402635625185,-4.491155942522424,91.67152699933796,4180004.156424643,3.18462761568872,-4.170768515747674,-2.7411064215889445,1.707913417752016,-4.881386935331772,2971411.9501179163,1479309.4262945324,57.04328820246116,19.076664329889088,0
2026-01-23 03:22:06.812200,0.986584841970366,2.0624222715649623,-0.9126582890190358,-1.6054980745719396,1.1031264428647214,1.9415057350983105,2.4090405615207144,2590449.5142114824,4.213075122129755,1.7109315708597608,4.579458599261375,-0.0704302834413992,-1.4520271034361132,96.27325838611392,3254948.405781598,-1.346331584493472,1.421102350255211,1.86024223935891,3.765604907887175,1.1149485271919914,1949017.454628549,2925095.80731042,5.133437132367757,76.29488785115612,0
2026-01-23 04:22:06.812200,-3.5428068946838884,-4.112226427418337,-4.7670653198248605,3.091961858950407,42.46174402733714,0.1237613799023325,-1.832940450558055,1994733.823248519,0.8691580588153024,3.047768049633253,0.3988265547507654,-1.740803553316867,-0.971919475800765,61.34560514731018,1808542.4557431687,3.4379278911847897,-1.9906678779072824,-2.512607463746772,-3.4623749337784933,2.0000918729186754,2110734.265564414,3582717.8570760763,37.32238793130265,75.02297835719274,0
2026-01-23 05:22:06.812200,3.052795456341804,5.027715514064073,3.2496246957338326,-4.177217488102979,3.4095534751884045,-2.011383205211856,-1.7006341197073225,3576078.119071738,4.0993499980827774,1.3193456134359722,3.5595809016611395,1.5651136496565718,-3.5165468738981653,72.0963638999221,1231914.1212928847,-2.1324472729366994,-4.966066597928564,-2.2682778805178603,3.024172881054181,-1.7510453625294111,1420486.029857946,2537103.7146337046,87.44222787229143,47.43478316736324,1
2026-01-23 06:22:06.812200,-3.439813595575635,-4.186512193581002,-4.746136443396551,3.148251137465122,41.61539981797616,0.1265475314505293,-1.837298502706932,2057105.052634557,0.8319080427709755,3.05430043045979,0.4111382487884469,-1.698440496843956,-1.0001698170643143,62.83471175494444,1819916.9313036432,3.416154597578153,-2.018496437234444,-2.500982783631102,-3.41713743940902,1.9603140698911368,2050534.4494642944,3469417.003952268,38.015014195766994,75.94865691883071,0
2026-01-23 07:22:06.812200,-4.551240101817751,3.817403397185114,1.1654497755133069,0.1875962564541928,84.06203640113269,3.651159191696594,-2.708253445302613,3856827.6392179225,-1.0008438244704616,3.2837892515594547,-4.5464294919678965,0.0474627501694568,3.3944684083171417,63.25024877138772,1366937.1624600578,3.0462434102212854,-2.4681155818914022,1.8072975867392835,2.89882089815256,0.4112667786747551,4602498.93406356,2191665.717983532,27.29649361376367,72.53758895685523,1
2026-01-23 08:22:06.812200,-3.4400547966379733,-4.15162285914808,-3.4384740263380964,-4.198851536153248,48.13441516353236,-1.9468932330326871,-3.981076119339865,1821331.7548271995,0.9284018050811014,4.467562446922408,1.050895185405384,-3.931992959976363,-4.426081563117265,18.410132336095696,3967981.564504689,0.5462049121114498,-3.735357545964289,-4.343992350549705,-0.44339178446908,-1.5752478081369583,3017684.158860852,2619643.257079376,33.72377508358421,88.60739670955252,0
2026-01-23 09:22:06.812200,-1.1067006560536905,-1.4769289055302346,-3.590181676311551,-3.815761916485544,96.202525461213,0.931689502668746,1.4339371558124572,2727850.214975096,-2.8315876027105413,3.9257065393088255,-4.330508597103575,-1.0709311435133393,4.990086169921795,30.6930334475205,3206612.133319973,-0.9228921759555752,0.5071528542486947,4.979866843096685,-3.609401233616709,3.26570705939595,1104939.670906149,1365777.7271378804,16.238786633015646,64.72196759298697,1
2026-01-23 10:22:06.812200,-4.419163878318005,4.866395785011754,2.159722288473976,3.948166560605277,1.9192276823056689,-2.873556236289039,-1.3976608119957217,2932158.79023556,-1.4507533912298998,-0.9978772415032804,-2.7951236058525075,4.53402879382095,0.833072481842045,10.56503454489307,1209116.4130750385,4.016312294863601,3.4255450146518136,1.9061531238663632,1.0569924045987564,-3.920375518891644,3976197.804914311,1793490.1593908053,71.79370236225695,72.9033742829494,0
2026-01-23 11:22:06.812200,3.656969137212159,3.214644198045717,1.7943704962210607,1.428009224293104,91.26835815100236,-2.961747008001234,-2.9209705858520625,1003273.90977317,-1.849046171094551,0.7789767784792239,-3.5267854643635523,-2.2486386305398525,0.6784020494406581,66.02604976560258,1936151.0697896865,-1.92351519671641,-4.427388678396899,1.9731408104015564,-1.1185361386604502,3.862724015043437,2090185.7894119008,3200306.200918177,29.75021822301857,80.37153672632832,0
2026-01-23 12:22:06.812200,3.661761457749352,-1.257292042438797,1.5892394191015136,0.4759237615373628,25.98132087450342,-4.668106454375738,-2.2960671361547447,2074135.0242704293,-4.480106480222926,2.832979829560477,1.2565078942727652,-4.397730550997025,3.8434342797128753,81.28509715367578,4410170.579502001,4.261929864146266,-1.3781839720584843,0.7240772596776512,1.918639081608444,-4.303541322517344,3012876.8287318484,4846561.969261216,74.28215015848659,92.78100616476964,1
2026-01-23 13:22:06.812200,3.9279628444394175,-2.253146746057293,-4.846919409792658,1.0954175494249765,71.02808869854455,-0.5387330800612633,-3.361056144685228,4414225.261635076,-2.668712543302527,-3.5922529726928274,3.838578787699936,2.276281167391316,-0.9069536706659556,2.01141758101159,2260751.4225130635,4.5906317417807925,2.0186998989455662,5.038939585967985,-3.887768533149718,-2.0105061053431057,3866124.181376643,2188112.292028416,40.87419289094284,2.8529756257112577,0
2026-01-23 14:22:06.812200,1.0111501174320878,-1.293578529331091,-4.729040074965165,3.172977699624937,76.0289823122135,-1.960535987592762,3.4271190216055487,2149846.6595890005,-4.682562346270114,-2.340715493678812,0.7160764948294389,-2.023497224317196,-3.482570870469476,57.875647635999925,1792785.5456866724,-4.90901818719224,1.6046972136443118,-0.9548047554176496,-1.1693063027349329,0.8893602256254782,1271185.5833124504,3045870.160170469,5.085396883373983,33.26565998208915,0
2026-01-23 15:22:06.812200,2.0807257779604544,3.1279956725750253,-2.780278380670506,-0.4768171548169988,13.710970572899903,1.5316279053128303,-1.8665208241485685,3627024.253898228,-0.7666485584680247,4.903323037936483,-3.1516160205297505,-2.0193379882999585,0.9780801340151406,61.82850210137198,4497592.126833323,-4.245878240072117,-0.2918358063410187,-1.3638855080993617,3.690990687247286,0.2065535373411151,3894322.801759924,3935681.481150802,22.112326288901496,50.32094167515431,0
2026-01-23 16:22:06.812200,-4.0017062340913,3.470262716016725,0.4128816641789429,-1.2974899460559113,85.67939792674088,2.075206869585533,-0.9242421815595502,2951385.671907248,4.873080500471824,3.277031234010539,-2.085779797213264,-2.708578637299998,-1.4769312480643944,71.50814987246932,1749665.439906218,1.958178515491128,0.3590491497603598,0.6023461975046366,-4.750417471164517,-0.2941556332258029,2121852.285547735,3018115.512688232,59.676544326126056,43.41431637100339,0
2026-01-23 17:22:06.812200,-4.794155057041976,4.472485773838587,-2.689252034119286,1.4357769519652497,53.531013145259166,4.383048184484826,2.889324717760072,4874149.326799569,-4.154346219027621,-4.742304012356488,-4.404129026468563,-1.7959871385978508,1.647392049108463,78.14620887547092,2410116.9652020694,-2.496412704291445,-3.0107022020496164,-2.831857240708917,0.6831915107792552,2.422010091211325,4223880.514683816,2644188.7742242324,27.42618501588997,1.4079663282890675,0
2026-01-23 18:22:06.812200,2.107230431138317,-0.8618722622471252,1.0376434133430426,-0.7012448702072632,59.61156135748309,0.8916570709291433,4.701045167947803,3896982.956446555,0.3805548681872036,-1.4000364277237634,3.420076608374063,1.0289148498861604,1.147640988096043,66.58589645017129,1790028.0582814333,-3.103122064389625,0.2648449152974713,-0.7820229431033306,2.119560173760576,-2.154639728655724,1227143.0934650465,2622481.145711624,25.71076927870003,59.01713211427423,1
2026-01-23 19:22:06.812200,1.4621989912407665,4.423010096419919,-2.7080813820461693,-2.899333737804764,52.84655639257842,2.348610596380675,-3.378092448542226,4291175.255191561,-4.727245683489147,-0.9880447987159096,-0.4152404971292503,1.5192578093440512,-1.3828148791982369,12.774958406215775,5094000.56730273,-2.8951175866060708,0.3118553302106743,-2.3807565245565336,-1.037949792722075,-2.310008414972322,4448284.152417775,2919057.997198451,10.435493233163536,84.77343652672934,1
2026-01-23 20:22:06.812200,4.699098521619943,4.860010638228708,1.7189274359872844,0.2640266093611316,21.52018720172375,3.7120448226305207,3.918721448107348,3414548.8022375004,1.068469555401391,1.0352880650112093,1.043593197147711,-3.357131567275907,-0.806653195807117,70.32772277324516,3890734.2978979466,1.6931541636350165,1.0168660862046508,1.6961125653751763,-0.6049221955244821,0.0973551000393708,2157991.4604788786,2420527.0561028654,54.76119841428094,0.6957587303291213,1
2026-01-23 21:22:06.812200,3.324426408004218,2.533781852589416,-4.802894622456359,2.3158952175533187,1.2120774643893273,2.6606477653530263,-0.6618258042347049,1307917.868259865,3.809730056396575,1.5950598165132712,2.6369226935032053,2.831614309236972,2.0109758736427,83.44582528560966,2276901.191144754,3.88272196511506,-4.393169310493176,4.706680277938705,-4.327593659479634,-0.7755420996912088,3656502.9571334017,2628657.1938685,14.451522390695024,24.012662045151988,0
2026-01-23 22:22:06.812200,-0.886227244772335,-1.5596982077068229,3.0263938110270217,-4.636479270906129,1.254925847095452,-2.669854176311198,2.97186780566264,1914378.385357003,-3.2106718930228983,-0.236326087993547,-3.878151500406784,3.846114075476724,1.707153364015398,10.867538177226972,2995250.1346021453,-1.1784269747273852,-4.584510878475606,-1.559420118445452,-3.066315348711876,0.374433512147571,1295184.2186189755,4611805.245799096,57.78774664621025,50.57427099577952,0
2026-01-23 23:22:06.812200,-2.8766088932172384,-1.237404144690842,-3.958914180154261,-4.183700179694104,24.12014575995415,2.884473432532987,4.09943143854392,1302334.455416268,3.829148165187222,1.8804555707412884,0.2340137092200827,-3.775021380340108,-0.8926845650898798,5.621390545987848,4623646.68493859,-0.4005804870603722,-0.8665754012880775,-3.242847541631741,-0.3531053155483494,-1.0191282176376912,2706367.604217573,2636786.575142599,13.394121940000035,10.080719713908524,0
2026-01-24 00:22:06.812200,3.179966009928438,4.206918310741434,4.181982844365973,3.151182903235588,8.462931084793336,4.4155434957277935,2.1696139409430244,1123847.0611436968,-0.99432065120309,4.158710701400477,2.355216251782023,-0.3207150342805764,1.6218474092721793,22.84906173408012,4692528.594319534,1.4377541716085271,1.5335013186305977,-1.7773805813440098,-1.9590488965227089,-2.3562831265062454,3854537.773250925,3816992.4245486,50.66508746662025,86.81726753309303,0
2026-01-24 01:22:06.812200,0.4629641572056674,2.058627504382499,-4.711490175535963,-3.820070577480993,71.73279683923658,2.559584213176509,2.33186643683123,1996352.5892545567,-0.9262971424877708,-3.696629616808761,2.58540939063782,1.178941782178731,1.9888748425936629,54.5034630670921,2220244.923699391,-3.5069694500782425,1.9039401028338816,3.8227659733627366,-2.9155493143342994,-2.2018974598095205,2530547.504128589,4862959.58120597,0.3050822227113476,59.28836303160255,0
2026-01-24 02:22:06.812200,-3.181750327928994,-4.164992833013312,2.999160853731894,-4.396479160094362,97.58737549100536,1.6498490347599528,-1.2268194603680715,4805692.8833822645,1.590454101322324,-3.7961242121091097,-2.7322737468035427,1.3490665915316278,0.0463728797743492,74.75206367465049,1506548.5020734975,1.069731162742654,0.4661493966367107,0.971166200155034,3.2073584081573028,-4.735530974023325,4556477.422909771,3176720.4637678144,94.3788889207958,26.02113679357536,1
2026-01-24 03:22:06.812200,-0.938736742975132,4.244665008618901,1.8349541958614604,-4.317014213572259,46.38941689593121,-2.9822432438266446,3.173588307383934,2077425.274280428,0.30769064434701,0.5707396819413397,-3.7931624849002894,0.7714339774783999,-3.456894318853905,19.720174784137487,2343821.7118040505,-3.297918859434969,-1.9463597052412365,-1.320311130960058,-1.9972999795874768,2.5529485782880013,1418214.9268640946,3536826.100595307,90.48570510455212,25.89648316303337,1
2026-01-24 04:22:06.812200,-3.165954901465662,2.771469159274368,-3.214553379456664,-2.528967659898536,80.15371118829896,-2.39713142433997,4.640784164901081,2189163.161229335,-2.8876816852706897,4.385297834731304,1.665219766930349,-3.7615397329418254,-4.92646955445573,85.08527573220954,1714079.1570903948,-3.115001472044389,-0.6395302588142098,-0.7581494425402378,1.1454101822131548,-1.6444279830334283,4380902.23264296,3173879.4799254527,80.4202907297781,17.70432945283974,1
2026-01-24 05:22:06.812200,-4.204547874245819,-1.3765878689284996,1.0932408394234208,-1.9016041306216405,81.261838441548,-4.848040322090846,-3.737481579476883,3310519.751120032,-1.8321350949787745,-1.8160292935653817,-2.5517608859069165,3.396610822234285,-3.695272353392336,64.38708597035077,3730255.036610792,-4.194558516932175,2.885167135057948,2.497202493432705,4.667133298789668,0.1350876559289741,3563779.5784317823,1702339.0949689476,1.474833942541613,78.4461445015704,0
2026-01-24 06:22:06.812200,-1.9575775704046228,0.58404249735805,1.5274610785187468,-3.4045531988681166,95.95766443210334,4.071950307058298,-4.10710475474427,1368267.9443299016,3.629968313588721,-3.188167209499172,-4.198942733903977,-4.294643624070434,1.9172011413468883,28.613504245831432,2972120.500635209,3.049668338816854,2.486721752509908,-0.533112782553351,3.321624537291184,4.760201575244942,3101727.993238569,2988615.2635314865,18.06549020911703,2.852002483864824,0
2026-01-24 07:22:06.812200,-1.335326118129144,-4.510870893719638,-1.0467601579938808,1.6340547096765008,49.38869598203223,0.4719503978579648,-3.3938731897688483,1985550.1981403604,-4.700803197973643,-3.27067970746476,-0.9881472549608308,-2.563354726341066,4.088741200268908,70.93232315925762,3206458.7993661235,-3.458397751245057,3.3313751325766887,-4.07387287920308,-2.0384874117339256,-4.274021631637748,2603821.04698107,3748851.951878468,40.74095520621438,65.72315875987786,0
2026-01-24 08:22:06.812200,0.2475643163223786,-0.7577799075302369,-2.618172189532735,3.717835665922017,48.785404392636245,1.7073231190583409,1.870192665032428,3396178.348601526,3.860934353132082,1.2275340323984103,-0.5816629519804541,4.094295036858766,1.613426789447244,64.04472739932528,1327753.7561525845,4.673281113534697,3.2792495454531245,-2.458527198721856,-0.0598832940069442,3.735555762270888,3766022.183254378,1539143.1396697522,40.6567807905491,90.93041464060494,1
2026-01-24 09:22:06.812200,4.078501123379709,-3.732677588140933,-4.668439067221936,3.798140249277639,93.91834913278088,-4.230801345256309,-4.97566885657237,2873269.30826644,-0.9540378352432324,-2.7119657573880827,3.6003690870498084,1.918978017678337,-4.439515856267631,31.0185875221404,3745726.354904058,2.0089496079839613,-3.744007356072992,1.674576874240902,-2.4248486062882675,-3.798287709009278,3721411.7112389,3751613.172614296,39.7203474932751,16.425449993022976,0
2026-01-24 10:22:06.812200,-0.6805498135788426,4.06354385094736,-4.005586072406548,-2.807860126419557,10.973619867750353,0.6044063098043999,-0.0618595954307128,3494595.113161064,-3.033464150470413,-2.77323920876915,-3.366332416015798,-3.0987123368129432,-4.615991226736554,31.416206383697208,1783920.7388070475,-2.3140106708540253,2.71243074033178,3.25134875661419,-3.8153829490551816,-1.7062193296578232,4533398.804088416,2984301.914002124,35.56219992575655,0.8223131388891525,1
2026-01-24 11:22:06.812200,-2.0877085980195806,-3.888025176938487,-2.56827809000546,4.758652558191313,54.79594889736929,-3.8901053078651895,-1.1235119454435294,3594019.2804747527,2.3742608577067728,-1.9278358297872915,-3.1554094894011664,3.2125015455970427,-1.3174989260486694,95.7971066482454,4775065.528848058,-0.0517404839945365,-4.611870521881979,-0.1474439585275888,-4.86360154164119,0.877954050663722,2982868.0403131023,1676415.601682606,79.10040740654073,73.60821443370854,0
2026-01-24 12:22:06.812200,-2.139520793403124,-4.244527781488607,-2.568038008503927,4.826165811282751,54.961600249434646,-3.9342474047200944,-1.170145464899428,3689511.769984494,2.396080553265466,-1.8940529437363265,-3.2474117427303137,3.250951707336964,-1.3667725205093313,96.58103417855249,4668455.071129,-0.0515114549199272,-4.454085174171511,-0.1482769462055278,-4.910776264753777,0.8622229243663455,3034753.024622959,1648072.9698477853,79.83374128104172,70.45568855017042,0
2026-01-24 13:22:06.812200,1.118528947223795,-0.0737489570914089,2.222669318556592,-1.6310420822889315,45.43773345599609,-0.5294445619357457,1.3271187874860093,2069608.111430165,-2.1348045107287703,0.4645854172812438,-2.9770605084179635,0.4463087110713584,4.790318407916674,3.342357243550376,4905958.6445915485,-4.138838894936262,-3.058712295540278,0.4340585219826405,-1.967804532814088,3.47296745535494,2253002.9619552875,1504543.1451830608,51.021291647812205,15.214788691951654,1
2026-01-24 14:22:06.812200,1.5067174767892324,2.435606756806849,4.666548629063555,-3.984769200577968,65.05292516651005,-3.565496698535845,-0.7219116789435531,1048155.6916574136,4.186809481983734,1.363993152257244,-3.56654437035376,-1.6213026962397437,-4.76526034839671,85.42920425876878,3127642.6619832194,3.61172312538332,-2.908795613983449,-1.0405782463647506,3.69032674254848,4.339744414439962,2831478.0081498674,1761390.326091294,49.37021001767464,25.36635486704116,1
2026-01-24 15:22:06.812200,3.738146899101872,3.118467014888812,1.7861110521674617,1.4117706962994805,94.34516455048832,-3.074714294432427,-2.965162585696749,1026228.175717844,-1.8130417454341303,0.7824412459971041,-3.411838856547075,-2.301630322478075,0.6824547659586286,67.63390712367831,1906887.8719669948,-1.89236749451604,-4.587707496826397,1.917018529186532,-1.1249860796366935,3.724789193557608,2126468.6491128206,3161101.706070192,29.15857370677888,79.48308892586995,0
2026-01-24 16:22:06.812200,-3.605061393479581,-4.886463552325809,3.5569646810628583,-3.178820843113007,84.4357082739616,-0.3964172879807375,2.0385709163433123,1060442.7368579002,3.026403123529297,-0.8280658143542352,-1.132929429560221,-4.221434803912304,-0.792634374313832,57.97928438329551,2505037.317321688,0.5913665646296842,0.3660750926377432,-1.9523908720267429,1.9799047149779248,-0.5872566324993134,4014664.551638325,4730582.869364671,12.784973699346702,91.22296219996,0
2026-01-24 17:22:06.812200,1.9693020464669744,0.9152455295157784,-0.1863700120077613,4.291924971279215,51.27381744438044,0.226175064270118,2.9634817383137406,3260098.1488256305,1.064553018066808,-3.56904330857335,-4.290836758567105,-2.9769973143402204,-1.8823601748931125,71.32098149583352,4217107.629466193,-2.7777727807859645,-1.0508830169813104,-1.6304956630649918,2.504205665575716,-0.5774738175602676,2831281.021586236,2822151.882881638,70.938507356586,13.162662466796654,1
2026-01-24 18:22:06.812200,-2.0785535146478185,-0.3133935800587375,3.3021986456699164,2.896985071424792,9.808258078424458,3.645636095226699,-4.95636730349691,4860061.477817887,4.972378999036026,-3.397743990234937,-4.488497943796023,4.554481914380675,0.0194540513184175,16.65035470495151,4693144.084055742,0.0278344184668055,4.348220404438013,-3.1819153433305027,2.9025990394169376,-4.82042136249849,1880265.019138767,3419800.052590817,73.89920631562438,89.27959395898858,1
2026-01-24 19:22:06.812200,-1.336381567063083,-4.436967243181627,-1.0281647038154516,1.5870777550087611,48.82411370217782,0.4664822018778842,-3.3304691125280126,2003572.18276441,-4.699739946706072,-3.290635975791517,-1.022065590709018,-2.5303883300810748,4.099301581597185,71.22202051771586,3179298.702693727,-3.555635158449224,3.349567750521169,-4.140896117971796,-2.0424716537967056,-4.254895381813599,2554124.592024168,3637960.232498337,39.68879782249189,65.39011463692573,0
2026-01-24 20:22:06.812200,-1.1497647414191556,2.060336763899846,-1.287949544214302,-1.1725338011747628,31.229045879434928,1.5768605532006146,-4.8514788069328025,2604270.861947015,1.608594725351088,-3.311847370446193,-1.824547916554781,-1.8891983340146503,-4.540713235154283,40.78851140408052,1830786.992612244,-0.405820198312423,-3.115081867182483,1.153700140638834,-1.8619914477887145,1.8161517387227664,2937695.950457027,3049725.55746051,11.253243945703504,36.136348459977775,1
2026-01-24 21:22:06.812200,1.9866151530877283,0.0778774320751049,-0.9030649979284904,2.807252681481003,6.859441850009558,4.982924327348421,2.539942659649866,3286243.15388088,2.55423385857895,-0.540712195652493,-3.092969118369912,-3.0931379756256963,1.948207056059018,70.86006523932278,4987656.785209884,0.0307999635377537,2.144929326231739,-4.1887393613386,2.278792976755277,-3.3365664301456563,4447465.737460956,1957233.1431999125,54.77665660977334,66.41218379412342,0
2026-01-24 22:22:06.812200,-0.4393001578296402,-3.811820837319281,1.6808513657064612,-0.0180428354686101,15.004866469398426,-1.1959945102959035,2.130460506343187,3704105.15221019,3.97365865790932,-0.8185521183720033,0.1170744711470082,3.596453453526065,2.1726187586575643,17.589028341866207,2078969.863495068,-0.5793378688192501,3.425345083518017,2.141191409249159,-0.0434607911675293,0.1039272134870659,4462908.948427174,2607174.681333456,26.292424763214704,67.22341498006051,1
2026-01-24 23:22:06.812200,2.8517596139301364,-3.824737532228952,-2.9501570458417903,0.5536355093763126,32.467592689006,4.768003285106593,1.6638541357820644,3826519.479514838,1.2263053359865808,2.572829782755007,-0.1670571503367481,-3.3118999421543585,0.8207013112422352,23.53832618983576,3809594.8843223946,-1.6589534791343672,-1.967918062403251,-3.037657183121444,-0.7888109556591836,4.694393756758784,3897689.36107726,4635923.567659456,37.54986220207201,0.5339141969688543,0
2026-01-25 00:22:06.812200,-3.36965452160614,-0.3797418323432156,4.432644276306321,-1.037224451711282,52.60085385998302,-4.881254533864379,4.711007451509653,2030568.62063424,-1.1614695669775332,3.0343096459514167,0.961903977680835,1.851360868805702,1.4907222602132806,63.672354050472784,1143398.6428216922,2.7388222932150463,-1.3746126877715936,-1.9576177900584983,4.953966989429319,-4.853977005482474,2280193.511129804,1442588.5169987746,62.40186206916114,9.891070654268525,0
2026-01-25 01:22:06.812200,-3.003262178416403,1.492103021160636,-2.0685226973898674,2.1920177827226386,73.73570773877996,-3.892794066736843,4.660475051286772,3440029.668317943,4.7338261916482125,3.9796464684778847,-1.1721589959695944,3.5394288214185288,2.9780468134107254,49.43708110457581,3635607.226299429,0.2183087530518932,-0.7055210292129743,1.900753541887977,-0.8947721564857218,1.9320954221886768,2615244.0209899973,3551721.958318662,49.77565636068964,98.4871566113602,1
2026-01-25 02:22:06.812200,0.5545314005434486,-1.30470790405883,-1.0249470466094803,-2.646092322055818,49.84034712053024,-2.1229153684898985,1.2497382141173357,1962231.761199856,-3.419676440136899,0.4701127186334053,1.1497803535624112,0.2559318062802375,-0.5737151730512068,9.483733035083269,2481983.743798964,2.077501908818984,-2.8481392853665013,-5.043947905985728,1.1835663876307665,1.9668043425545447,3703169.878944032,3474444.143932356,96.04631501828946,1.931921171019048,0
2026-01-25 03:22:06.812200,0.1423443841361162,2.4604487926542333,3.963358185211197,-2.7154525866870127,47.601812936876655,-0.7745157168805541,2.61037790250783,2251629.576854593,-0.3499048247357237,-4.158723377406171,3.3914660807075254,-4.86771187094706,3.643662664559733,91.4834949996878,4956501.276434934,0.8565433542879921,-0.292940526840626,-1.0962355395304613,-2.686512867998495,-4.290838085614305,1858978.0096334296,4076679.4780943496,34.311551641700945,87.78326035758144,0
2026-01-25 04:22:06.812200,-3.3350844843448084,-3.960131425087985,2.6968687853655102,-4.659165326718046,81.64238587687996,4.787790079530467,2.890463637202678,4684244.686283784,-3.2206681160805246,-1.047538157784906,0.1935655157469037,-3.540601867693565,-1.85117615117874,26.123510342914635,2576148.295212313,4.123934846791238,-0.6605175303479812,-0.8816866418380119,1.4041135791522283,-3.2563921142355925,2491136.0032662367,2864749.3258916223,2.4212268667375363,10.07790217932177,1
2026-01-25 05:22:06.812200,-3.099865979108927,1.075366272586612,4.677046044368828,2.9972016046231573,27.89406669601136,1.1610339410348396,2.043221893156674,2472251.773101509,2.082308929133387,-4.516477249703847,-0.6616417113177605,2.6599831314762223,4.243302037947006,9.983623183759107,1160958.6079246772,-1.1851788772735703,-3.0456031443082425,2.131346616204588,0.798733986699877,-0.8622224625587525,1126712.8657354675,4700595.121157871,86.02001675148975,45.778304906445925,0
2026-01-25 06:22:06.812200,0.9241456886204248,0.833687650971596,-4.86998076489264,4.963339160567418,37.58882851457693,-4.579753248285947,4.50772707731338,2084385.015056263,3.473879305713737,-1.0689609244059897,-3.546733075794959,0.117804565694807,-0.4311192826273311,21.171437214797084,2060189.149637133,-4.915044213927905,-3.426284166500896,-0.8422519901034855,-3.636288949705416,-3.106391242081372,2423873.563328946,2474249.8761108555,24.190577259175782,89.5106225730092,0
2026-01-25 07:22:06.812200,3.114514479777026,-2.8598155373848018,4.20705038386696,0.1530324973011502,4.367511990232191,0.6941878147071355,4.960947777572176,2073835.7758627464,3.205836271964907,-1.96613736299627,-0.8213693720704867,0.5255457359371106,-4.747623989396325,40.19008338302853,1640235.16417588,3.606400420644309,1.5396679909320383,0.0596478082819703,1.6769522103594805,-4.045411577093847,3761460.6104244,2964620.6610705205,23.20558101889895,23.68315173101836,0
2026-01-25 08:22:06.812200,-4.535495872800023,4.6217254847454186,-4.14491469145532,4.747931621467831,39.44762785700353,2.3990412076693035,2.0254050153480696,3390673.1308108126,-4.376059314017228,-3.997544362771234,0.0569674378137392,2.694425794215568,-0.2489163506816458,14.424002111810353,3688238.0106469416,2.6100598294955537,-4.689318697555437,-0.3082250390722834,-3.0331144176878686,2.7132314321685005,2136416.596909732,4840047.523276502,39.85020288039804,65.92445370508719,1
2026-01-25 09:22:06.812200,1.0754485190143832,-1.2512942047629592,-2.921137448539727,1.5032568634693693,45.94467684059866,4.180765521991507,-2.0194779136055683,4464382.534446767,-1.647209499217043,-4.834075193674021,-4.379585830434457,4.347955174927833,-1.139490643481642,75.89768318540307,1208095.0201177876,2.130142918617408,4.469028994605168,-1.3229149187245683,-4.446676128366539,3.414397599562447,1704357.1517754155,4281845.16063326,1.917291074989824,34.47869286545365,1
2026-01-25 10:22:06.812200,2.13028707087359,-0.0153517518412943,4.337123474267941,4.244775196601225,101.43607762309092,1.8891766584510608,-1.727831976608249,4553600.534940191,-1.569427279987642,-5.020180231462481,-2.6382982438578653,0.9752642601095156,0.9571518692311778,58.58415196853961,2474461.6417956003,4.33355748102651,-4.057866351052311,-2.887877440424573,-0.4863308374560544,4.649000670138246,1326202.4690761638,4325023.786532394,54.23540195619734,9.00274305715203,1
2026-01-25 11:22:06.812200,-3.382215470126791,-4.168078349013047,-3.353568303007324,-4.125952611366904,47.45242487695186,-1.948121663967341,-4.069807724754063,1809460.038328684,0.9323904679161747,4.342072616139996,1.0477030339519426,-3.9948243737143,-4.389675613697277,18.8620597179306,3982590.4808254433,0.5496050142622542,-3.700085132270989,-4.398558172986054,-0.4464532349352572,-1.5616876874716057,3020740.141300896,2621426.252491352,33.678346118851,89.77884229519798,0
2026-01-25 12:22:06.812200,-3.294758763127085,-2.1428791371813927,-4.734677961261803,-3.0045754907085485,78.50165438370568,-2.1996267044951057,-3.946350777491436,4786934.915693583,-4.3298346224879,1.617186826439566,-4.288443211220903,4.0920213620648695,4.667061400184606,50.0619532333931,1454584.1547868776,-1.337136137934778,-2.5928741433649325,-3.9938002277740994,-3.0186925817642294,1.1769458618859083,3973331.6542626265,4415793.852058174,77.24978460963139,89.36486490904808,1
2026-01-25 13:22:06.812200,-2.09263148931596,2.4132031943008974,3.667161906975058,-4.007312930431218,26.159020512337484,0.6995548432470848,-0.7532049407622041,1756604.5966040257,-3.425574081713009,4.621102055471467,2.5094596808731526,-4.149173095248558,-2.422624303390452,88.0854686335362,4826490.48446699,2.9411560758425,-3.3652841653724286,-0.1782131706277214,-3.306020718137969,-0.8574845844281926,4215608.653980444,2689392.1047219764,33.59071892312545,66.97739731835863,1
2026-01-25 14:22:06.812200,-4.349484070147205,3.6859912818946032,-3.185645649102027,1.8022824243129136,89.20846889402344,3.583416767991208,2.818238633449356,1423623.2176150305,4.7534313347907045,1.0244944196658778,0.7386584967709631,3.1962486954764486,1.971662542903504,91.17851123817714,1015673.499804373,-4.470640644311818,-2.600510962763687,-1.9036818999715424,-4.907991023746206,1.444231696298166,2008279.547400686,1688777.0697030171,17.09448935675858,29.15169281511924,1
2026-01-25 15:22:06.812200,4.488855372533333,-2.764041614805474,0.8304156096969217,-4.278015910208241,95.53346865039283,-2.0778176953810226,1.4414922147591591,1619314.4503908795,3.169739072718368,-3.369808861851138,0.6601842488782097,3.881913496613041,-4.167769337919277,14.661455715984228,4997842.724238692,2.549325397850504,-4.166209462312405,1.6373436069393843,1.2725840063597822,-4.716625496166154,2816669.880671055,2083852.8314848784,4.390461363063725,56.271154334220284,0
2026-01-25 16:22:06.812200,-1.1123349449638782,3.816126904798216,3.9385913288121497,3.497269921585436,89.876343352134,3.3316385184957937,-1.1865461462857043,4199654.341396192,0.3182668125939472,0.8234661272291708,-0.7932916072157734,3.76697819331101,-4.639004493492339,74.95340813974732,4468416.961034465,4.3703665613397895,-2.548185950491455,2.4704648336440407,3.681402400679136,1.0518087652036483,4671814.778039495,2914542.376868544,81.0810163652137,37.544321823785126,1
2026-01-25 17:22:06.812200,-3.779422498596692,-1.581119649804408,-1.7539789897583935,4.997770923965442,86.68096164617185,3.448974980434863,2.0404857403917647,1327950.4029121413,1.1572265435779006,0.8501899330208798,-2.039626259306888,2.5904801330653084,1.097470467758601,65.5834609153488,2095918.8953110343,4.196877370251689,-0.0699218774338835,4.256050468521303,-0.1863642075755088,0.206534541457903,4199570.320802619,2958278.487326959,55.894107893188,36.14511483312602,1
2026-01-25 18:22:06.812200,4.656320330745594,4.632225394406113,-0.7857544940750207,-4.693474977941939,78.6903386255295,4.107701616439153,-4.518139876067037,4778945.035132319,3.525474212459706,-2.6618716690693587,3.7803351284445696,-3.007803141629235,3.6295962331301848,64.59278930230393,4209094.788589912,4.551751604781325,4.285077519437785,1.6578440146887097,-1.836245926123171,3.285302595815086,2543437.787344436,2142506.3987343083,65.36986929050792,9.97309723438824,1
2026-01-25 19:22:06.812200,3.99071002703752,-2.559160131348541,2.8041408048332976,-2.163236474015902,33.39609135381195,-1.911318339315184,2.5818737498271167,3154984.8496531453,-2.093278603437386,3.341492789459641,4.632161106914958,1.345899756266377,0.4524920628635037,99.890761838903,3514758.143663828,-4.098029124611701,0.019437400271101,1.8802867189382697,-0.1964351833292576,4.156195785240048,1510187.647046565,1750739.5539798113,41.66933919652715,47.14140985764366,1
2026-01-25 20:22:06.812200,3.0839734811646107,-4.878455253101837,3.926717110769749,-2.423171114887863,31.54068957480128,2.5396190359678394,-1.3994953409902164,3946140.91333917,4.379652314338943,-4.762922463554816,0.5787367566007315,-2.1581570428827126,-0.1944005916373195,23.287914615181503,4146892.0589341633,-2.598484039779858,0.79737114939772,-2.1377569276000563,4.731447114269086,2.882752081708296,4928309.514542524,2083636.8929874848,77.39361288236722,92.19556301327502,1
2026-01-25 21:22:06.812200,-1.9538623082662927,4.69878826707639,3.1744356173844093,-0.3737704326068369,68.81347060865421,3.049067768414385,4.567998154842861,4531975.299319092,-4.148965138802146,3.349472056944037,4.597910204048501,-2.110314750789415,-4.312460935775126,15.67604286516393,3038904.3011527187,-1.7647538626296209,1.6703685712535383,-0.3989737344231203,-3.0628294922370216,-2.4096485589665284,2564368.976592882,4421632.648417152,81.38291315928431,14.077045777121333,1
2026-01-25 22:22:06.812200,-2.822021580697538,-1.0851409187854315,0.4129892849748656,-1.9624704376112647,21.46138967683055,-4.059623573950431,-2.825205139359149,3666764.588870845,-3.5831818716715467,-1.6663819436073963,-0.2808491419916288,-1.706238701637638,5.010467052213009,26.88080129972209,3813787.9882234577,-2.493068409991461,4.16180605042345,0.8441973415318923,-1.819670415637824,0.9093538918760404,2593462.5705162263,2227470.978889262,21.75988728046521,11.987912664434692,1
2026-01-25 23:22:06.812200,-4.023278859936161,-4.568400880494239,-1.5818264830212403,3.6827250540838055,43.7603124055392,-4.819934443995456,0.0040114571020124,1810530.5365413723,-1.1440240748666666,4.746905960485515,-4.513051516000703,-1.2294606899830116,0.4971725516331107,68.34294151572705,2200268.33162176,-3.1618711051818504,4.115768872630525,-3.065527719880625,-1.5417142969040611,2.0867671996550694,1319929.9311870192,1127539.1808343683,49.35091826605999,22.48968057304073,0
2026-01-26 00:22:06.812200,-3.168455604952598,-3.145189515759907,2.3549738988433333,3.6779466859468655,37.12532955557287,-4.202013558049159,-3.2964475054565745,1695893.6501504465,-0.6924161333980993,1.2633303468163852,4.042559620815752,-0.986132141663949,4.641436778170531,70.76825057108016,3731991.4459894886,1.7480007121914796,-2.114150204943326,-3.911242715313736,-0.4417673696955611,-4.367143054247295,3294027.7961312085,4464293.862610647,1.85421999965162,50.96330517952154,1
2026-01-26 01:22:06.812200,-0.6961634399768261,-2.3628677532291724,-4.100928660727319,1.0242364559219956,70.36634660670177,-4.697874709546505,-2.7138366767325697,4455037.613341997,-4.344544527761677,-4.200797327553029,2.4274216655473824,0.3255010140064009,2.746967763410572,54.14489857857925,1619411.6991228904,3.7149599243963336,-2.5304976391852536,-1.652478293830918,1.0983060342761202,1.5461832557608168,4165748.288201287,2140821.771335664,59.25945312488833,25.25493042859425,0
2026-01-26 02:22:06.812200,1.8423302651215687,3.911431136980712,-2.405765665687075,2.2716906976630806,25.46706220460512,4.62810357074026,-0.6727086398029538,3350343.484437607,-4.289651109559979,-3.645404632053092,-4.0199231521925896,-1.0667932961481128,-0.828357210242979,59.36846199087332,1605057.1378507037,0.7693612334483966,-1.5437983109921047,-2.8962791847016423,-1.4215884135846677,-2.851453935750019,1359303.010288336,1304399.9559230972,20.53681846899853,55.813415812821496,1
2026-01-26 03:22:06.812200,-1.9826096550912229,-0.0808408478705893,-4.771850009620413,4.439562133313408,74.85680420108895,-0.7885836490000064,-1.52517754174702,4447281.71756755,3.7064333408224543,3.787929029444112,3.0244889801746697,2.392103038132454,1.978445378156782,99.04923157247202,1734508.4791712256,-3.451891681234467,1.130232084765039,-0.9253470563606456,4.186496813607246,0.095130097800496,4436205.079117972,1081904.692294763,22.58650045025154,82.61381727935704,0
2026-01-26 04:22:06.812200,-0.5984750626039865,0.2770110908629988,-1.2030759183273307,2.4270652119998104,84.08715794259226,2.2667099207032324,-0.42300394840706,3804558.377669895,-2.892068984499714,-2.685247862347019,-4.559341384296186,0.4455532465467549,3.7774940486262487,75.48274583623312,2138698.9553858545,-3.4515860535254506,1.2150731113808408,-4.769529115933926,-4.915485039375395,-4.59669838948487,3363014.885412259,2095659.482519615,73.72276772498267,76.40930002129815,1
2026-01-26 05:22:06.812200,-2.1821372133131143,-2.387651729742124,2.086624436648347,1.866583907966989,15.788495162564894,-0.895726127775449,4.239698821304155,4012220.4968574047,-2.5184949970612056,4.859971108065969,2.4016490869975256,4.152702685914115,0.1535395800962192,16.021652316245834,2565400.8015944767,-3.732640740848281,-2.3616967334625,-1.0394612867051274,0.1633349294177597,-1.197393927421685,1081573.6334281482,1316256.3864582458,47.67154004290519,38.56252232308045,1
2026-01-26 06:22:06.812200,-3.779617651552212,4.929647961193004,0.9029494251480772,-0.7450666555192464,3.8426348962325,-1.952489046138667,-2.9111727599483626,3720447.54178789,-2.706342229623276,3.68409523946934,-3.1472314966646,-3.4012023663355864,-2.9600539639061263,30.946257644618235,2503884.8877165564,-1.4380605653862055,-4.612005452711125,3.967465499077447,3.392079530394589,-2.9886345740962272,3397454.206953062,1799491.8985977746,69.97130771543371,61.93513059362989,0
2026-01-26 07:22:06.812200,-0.0482308988872981,-4.262034352646012,-2.3193635917712374,-1.5406500745303706,90.17619921354236,3.29394664858847,-1.3129282913520477,2632606.763466792,-0.3089278895242131,4.264637979561849,0.4127011094167807,1.912466637859893,3.264646094921829,44.79716563821899,4025240.387921176,1.9701301393426287,-3.1322747176887065,-2.8929333492509377,-4.680055398556753,-3.2137112324570047,2675035.96193062,1927438.4555313936,24.627073410317323,23.213391280015617,0
2026-01-26 08:22:06.812200,1.6510923327405085,-2.83616232193999,1.8442258811172063,4.521014953722675,14.515382128592345,4.13491921311298,-4.904043538221964,3330597.586934566,-1.145092246662407,1.992850335723916,1.8702884509388733,-1.5969975406473955,-2.583656681250237,0.757846822995396,1345249.0668946807,4.242607926698034,-0.4181113950461825,0.7774617075447751,3.491113603966172,-0.5593726973146389,3520000.20027205,4392549.372033751,98.85863746741764,11.879424453908634,1
2026-01-26 09:22:06.812200,-4.656114788847816,0.5385428440132074,1.2414890784913402,-1.2896123701539732,46.14774646247341,-2.1847880158507005,-1.301867440128234,1061579.566765234,-2.314378325463574,-0.8037261719318964,1.4557218142742805,-3.324334606954935,0.576886911854527,40.547167633041845,3158647.15561261,0.6011598300934837,3.312458050899425,-2.724661230635367,4.401798347292413,-1.6225200326515274,2727374.7692481186,4191772.7570132,90.34077558627928,0.0943042527490334,0
2026-01-26 10:22:06.812200,4.608368886005057,4.935635681723815,0.5851780375578007,1.898710377717835,71.76018581114919,1.774832569366206,1.83150680126492,3674572.997654053,1.7766436967510146,4.862511472035123,2.6036923058458257,-4.2524201668507375,-3.096610844915562,31.72675346562582,2847733.06772997,2.6702016913089355,-4.045097689614918,3.507474147067529,-4.767042144579576,2.04740719213928,3133534.961665097,1128008.3785741006,31.247380425974747,8.525860175354076,0
2026-01-26 11:22:06.812200,4.093204020787821,4.69302535619099,-0.9058834780875956,4.876495637360579,63.72014768082804,3.727538395661279,-4.476449798125276,3331704.2272170526,-3.990218931822389,-4.4937752773092585,-4.544148420513312,-1.8969151789545249,-4.45389696786531,98.40894639665142,1309934.5062219307,-1.1353743567206471,2.667683563383357,-2.203985673548682,3.920743510936207,-0.8155050282454193,1215730.3313634847,3252506.375568188,10.4371458082829,75.71505803074392,1
2026-01-26 12:22:06.812200,0.0152718574263939,2.6149463223409355,3.929610856267165,-2.6347047294844965,40.52019550262675,-2.278739642696003,4.466121264601093,3277921.3420456178,-3.0634010615484786,2.4962113294379726,1.8361999895481247,4.291893007899993,-1.6546344167096478,7.786711821867069,3345174.677489675,-4.520836203767489,-0.2623193434857787,2.669808968542949,1.0200936442653206,0.8590043893680818,3226649.598298365,1685225.6945250072,40.61718091400045,41.05175477593118,1
2026-01-26 13:22:06.812200,5.114607860693271,-2.1578573202524134,-0.0412480689340243,1.7452980411218335,23.833986625369736,-1.1329456200580863,4.59842996840361,2458307.320460535,3.1300748766790605,0.8334752829538096,-4.4623293585547055,-0.1043520913153422,-2.026202761713596,97.6452244922732,3026079.1308384896,4.479201517721686,-2.63117859907344,2.0960335888447306,-0.5724542821596852,-0.5734435243402453,3089036.2555331616,1021306.3141135608,89.05956615146654,48.31914704417306,1
2026-01-26 14:22:06.812200,-2.412200183999831,0.2309784417014881,0.5204718085198028,-4.598908085875175,65.93539222057827,-3.87419609588063,2.6756762851791827,2012406.156718435,-3.325089109058923,-4.606081663071806,4.459708898455993,0.03345130606154,4.718453013254846,29.22489567393879,1072116.035835649,-0.7975039819245815,-1.4935730854285314,-3.7259192830457097,0.3552191608596358,0.085388914977079,3066186.041557049,1023082.645171872,98.26882395913256,98.52073259110938,1
2026-01-26 15:22:06.812200,1.6252228435398202,1.2939863813526251,-0.6387347086468331,3.670314961224486,89.51177407065364,2.036859774607958,-0.83495568096121,2801016.984571561,-3.527244364479091,0.7394986606901046,3.4216537665038107,2.9644056152347726,0.1261524410319996,29.48172383467669,1409328.7181362526,0.6211088262322946,-1.2318937222578752,1.392628831813628,0.4359557491129209,-0.2324612449167187,3018957.901521407,2717291.062816781,86.02478109774646,80.99131203060904,1
2026-01-26 16:22:06.812200,4.001867187018802,0.5903948328542536,-2.55505565294608,-3.5249833162516446,81.99227381066287,0.1682503813112347,-2.528017448577446,2983332.436953224,-1.2686093048633835,4.891785475615901,4.442786667158506,-1.8695076487514928,4.157918558437604,73.46561224002036,2540819.906998881,3.967709844852487,0.5727407436503448,-3.97093526147473,4.294960352173489,3.4648016964842068,3304922.603788608,2273664.550490021,38.59089956755566,70.76119592542238,0
2026-01-26 17:22:06.812200,-1.8828892391058905,1.957486889846172,-2.0553424045808235,0.7867540857239339,63.66696821672073,0.4069847664491028,3.2217988681642336,4830324.060335269,4.730767979122984,-1.0710489110682095,-2.033875178429069,2.3946923323872724,-2.091231457684175,35.45482088286074,2641994.8547895174,-4.941352721128387,0.3355443355357943,-4.248570468224134,1.537779229561563,-2.2932539403471064,1598197.274227778,2631539.707401436,68.78986454790751,46.02066181566153,1
2026-01-26 18:22:06.812200,4.440938914178301,2.976340662369373,-4.530677816903778,-0.4932988082238178,5.156055404167859,-0.9059856792858256,2.0470863238424863,3901208.479409773,-2.4085700698171832,-1.6725923926088728,-0.9163426090084535,4.5469475737704,1.25664012183953,57.5543171385566,1857700.715308439,-4.319701222791476,-2.956814148122887,4.928721065182611,2.969013379693376,1.7647676069572622,2897338.042035449,2319806.344107472,72.78391920781169,89.06776048572314,0
2026-01-26 19:22:06.812200,0.2006802117781081,-0.4545893523222677,4.484533069621566,-0.6138458081040952,61.39335847600618,-4.034655298045592,3.5034800111989544,2596141.270569739,2.5929250691847363,-4.713475724223455,-4.22812469773532,1.455343564105222,-0.3059315801074191,56.45940812903215,4732771.668196073,-4.2149013154639015,-4.997589953148655,-3.657975736736497,-1.1294998806511305,-4.708293314259255,1415357.5444437102,1455781.077778174,93.87498882798327,90.37672613991066,0
2026-01-26 20:22:06.812200,-0.5832807173581587,-0.4751461857397027,-3.4199409830091323,1.2441953008664115,62.78648276932637,-4.5525544716282464,-0.6670555540206841,4142913.193520056,0.1398022925632805,-4.469731417614102,-5.079763858475907,-2.86496291417656,-4.74083044398229,95.1524071827468,4385328.236649832,-0.2661986780999409,-4.020870712869464,-1.209101944900868,-2.559399044557267,1.5832000276407852,2662308.6861533923,1315463.8967889312,89.6948050110449,8.415006201191375,1
2026-01-26 21:22:06.812200,0.4671027934327965,1.2755808008406344,2.636057941597608,2.252576604151365,6.665204056068996,-2.58106171741161,-2.88005945301342,4359206.4266577065,4.67761465269562,0.8325239231255672,-3.3011292678094275,-3.442267394198298,3.5785778351748903,25.232274426374524,3549609.9248368866,3.812580677630116,-2.5875566396197214,1.447567265900929,1.472222833978555,1.0510162223715067,1494289.962397962,3704567.154405829,72.23111683237077,40.984767311835,1
2026-01-26 22:22:06.812200,1.4398366936627405,2.338178216928473,4.819341656420543,-4.059623022688717,64.37682147371557,-3.5452317369657087,-0.7085354175228934,1069113.202301646,4.273875893029579,1.3054047454823938,-3.5964235326607663,-1.5590144512784274,-4.815742607729181,83.45067460088187,3146738.078408014,3.6407840544921792,-2.894349252573935,-1.074215001242235,3.5297610649195303,4.354630819020222,2781431.902212534,1736736.5819288436,49.734149562566735,26.38180412770357,1
2026-01-26 23:22:06.812200,-2.594100571425055,-3.9828007587521976,-0.3204073464742004,-4.494724983491091,94.2483460731811,-1.240757427621182,3.5658499158573385,1779341.2140619962,-4.760397579367568,-2.309206420304305,3.865317157603769,-1.0828397027797043,2.4374865847541365,20.733592125750256,2822493.933997737,-3.2591535582438502,-0.2318163526127825,-1.8743938683529069,-3.973502975020815,-4.802396672996014,3007019.326202196,1481662.579997249,75.57610508040248,67.74984612152109,1
2026-01-27 00:22:06.812200,-3.1514554447447294,0.8431431192310024,-3.5988682423354748,-0.1333105857529712,51.84080219452041,-4.8759596372268525,1.5735348217012852,1754162.4229970046,-0.6025951349209144,-4.886974634109775,-3.730555862450273,0.4704534561557771,-1.950968756149365,91.5289940379274,4207303.599502061,-4.221210109087092,-2.917681913917856,-1.6033937951855726,-4.552316113115131,-1.042551701526456,1404112.985965034,3808388.753517965,19.0456997030046,52.493408424346754,0
2026-01-27 01:22:06.812200,4.695846277645586,4.011580104909889,3.684679758979128,3.734232380816605,15.016900081704163,-0.3123203453549417,-0.2771819583701829,3689841.9921001154,-2.216315183373434,2.87371958149273,-3.7671622070105313,-4.125534982001145,-3.0732360351329966,26.56855648662635,2865498.378018194,2.068035962105052,-2.4951705325023656,2.0794782670118908,-4.459523726502734,-2.013278426124503,3438832.782147039,3883572.876208391,44.21561381128117,47.712976739568326,0
2026-01-27 02:22:06.812200,-4.975652700826743,-4.697983498199598,-0.7280518451917175,3.185929762502863,54.022162460163614,3.308491363932834,2.720187067914734,3089693.2287655245,0.6888507311686256,-2.06079369369803,0.6377181221927913,4.692101821639489,0.7517871070218496,44.88373444514202,4547954.297033055,-0.4109547985387141,-4.425968112944373,1.683985060375326,-4.036948784084871,-2.6852482186110795,3639774.609983226,3687845.892612029,45.57711991213713,95.03793232941332,0
2026-01-27 03:22:06.812200,2.751328233611145,-4.545536196585421,-0.1256880175048635,4.007018640112586,73.74337687214856,-1.987347392399996,3.80156737921485,4908027.817755774,2.9829319720918672,-1.935671772966284,0.1856168866573391,-1.2263682320334923,-3.7092875306911854,89.58157315601947,2446664.332780171,4.200381641090527,3.0590584253344133,0.5742474467014205,-0.4276958038045562,3.669410428305124,1785930.6096116744,3913883.782234368,7.150302433163535,44.762387266552494,1
2026-01-27 04:22:06.812200,0.3897860352367187,3.635937750681035,3.2015612663050463,4.747374276319763,74.75884057936601,-4.9037528528596575,-0.1616398969386798,1225913.3887864037,1.5699722012329465,-3.464862772445613,3.909368904184289,4.302877845561701,-4.995008490257906,2.8210233013466124,1210386.8521233485,-2.39693727032644,2.390582465622153,1.0824255202568132,-2.269790630895111,-2.46844528185332,2312655.9786595823,4198956.904861563,84.53204632477528,7.56250657911543,0
2026-01-27 05:22:06.812200,4.017122485424317,4.60809507993842,-0.9013776741812204,4.815699219932134,61.32643776684749,3.7639670537371854,-4.601099373029295,3278500.8309374563,-3.871338461463835,-4.634672347454362,-4.557288773319438,-1.917471790236963,-4.423116283039798,97.9988205894413,1292115.6181461504,-1.1243519935717745,2.679662239163549,-2.2317347966925727,3.873509490992478,-0.8316668868970795,1229709.603693779,3296857.0983147467,10.372219569712628,75.04573545186001,1
2026-01-27 06:22:06.812200,4.394989415641891,-2.190368104077697,3.9455222689409135,-0.7827907312654458,51.22219208126745,0.983574842977588,-2.842593208235459,1407572.403491747,-1.7374608195885322,-4.597419969907679,-2.541525575065997,-0.8648346971004086,-2.021406016097888,10.347506364658464,1433601.4908664909,-2.293163956982689,-2.2032614345355683,-2.439788269384869,0.4962230110603496,2.467433077981598,2005720.608749854,1000211.3077291872,38.96574222881154,77.51907692939058,1
2026-01-27 07:22:06.812200,2.9691993636725607,0.0272823976450976,2.673183900254285,-1.802159810001516,52.12031257820035,-3.5581402580937627,-0.743851161692266,2954272.602469695,-4.020544383103628,3.1725985357433,-3.238308556271602,-3.888075448746559,-0.6574587648227095,79.5070035718247,2717058.8929722635,4.138838362242669,-0.1567466388854524,-1.4519896812802977,0.3781197113145608,-2.264478010420372,3031255.059311301,2568497.9402869744,72.4753121559307,5.240416162218063,0
2026-01-27 08:22:06.812200,3.948273504276488,4.504114840765588,2.9985525594731524,-2.231722027649484,68.02277792083532,-2.027621922913828,1.778132003100442,1033279.768908768,-2.0061662629465173,0.8835222098315327,-1.4186028347085555,-4.601885605542462,2.8004808704004347,65.65627023996524,4503732.088744819,-1.2950856294048574,-3.0847867794985184,1.5082795048932809,3.878176403358189,3.5776554837244223,1694288.576605759,4815683.215386888,74.16030197372086,52.6768907269492,0
2026-01-27 09:22:06.812200,-1.6189418148509087,-0.4770529781200551,-4.795380685954946,0.4989164958772933,69.26180213115495,4.334032403829253,0.739598388985423,4835829.473238563,-4.640095536504661,2.8219470222232315,-2.6794165733874564,4.127468931690132,-0.7865171285516414,94.29595740297692,1771450.3853664035,-0.8737845056004749,-3.282265524588752,0.8014819242678529,-1.4764725261949712,3.849095108851418,3014968.7156655923,4724953.972617093,48.58455523558728,49.68674721704136,0
2026-01-27 10:22:06.812200,0.9789997881108512,3.902637838909163,-0.7478649553076657,0.923503285933622,4.167290060238427,-2.0008088849301533,1.077521222527226,2734331.170530457,-2.674940077921688,-1.023155855669453,4.895053333843224,-2.260119005300281,-0.2837363480473831,90.69855184382438,4132640.116111612,0.6892140584471633,0.0426346079303154,-3.837263197071193,-3.953393660921037,-0.0501720528753901,4831341.217794012,4256835.068218652,38.644335093081736,31.671712202521608,1
2026-01-27 11:22:06.812200,-0.0754852694404297,-3.17469703885506,4.290974041313927,-3.19956016720537,51.558980614718266,5.002703268343823,4.556617223133233,2304792.596983633,1.2117633389895552,2.329606367328042,2.6005194374230376,0.5882837909250971,-0.8802862521274137,78.9863064205279,2418782.651231338,4.959915347014468,-3.2045980329016306,4.009461614609664,-3.3485135613587,-3.40666077619274,3684873.887169431,4297499.697423772,67.44072200189869,81.01129767962472,1
2026-01-27 12:22:06.812200,4.218742350231167,-0.4434324721428702,-4.775306916798826,4.12363345616691,8.479201604580322,2.431931987316034,-2.046985224281672,1370501.9322054689,-3.703210217757648,4.738004133571495,1.843142489253448,4.556494672664893,-2.7251839630646,16.874943839822954,1672472.3903909004,3.817089696385846,3.65645036372732,0.3641038308003042,3.226479271938894,-3.690687478732225,4418469.8526073415,4615926.786357141,33.02941754681341,25.81581676584783,1
2026-01-27 13:22:06.812200,0.1797866870497239,-3.612625939058958,-2.851443895856626,1.239678159691178,24.900908587067587,0.4109650187725642,-0.817363833617391,2485507.0031691124,-4.4014633445340445,-1.7669705341809545,-3.849445735821206,-1.6331092086534518,2.311674117518612,28.848911099353,3316872.5544663286,3.4014748408358453,-1.8948206401393983,-0.238165929365568,4.802356617417723,1.7927752647507895,1050629.6086061846,3033109.618167884,96.17114581654774,30.91695335507368,1
2026-01-27 14:22:06.812200,-4.115074979480805,1.2013259780153671,-2.313226406150539,-2.893378109943334,71.63233880626822,-4.518571640216465,-3.633990963488274,3993537.3987049256,-2.4353693898323403,0.4419866250370221,4.4898066704700135,4.536326078296895,-3.3381500039025083,96.8326960099255,3049042.255505042,4.419055872604202,-2.5865029616250013,-0.6285189495496537,-2.899526627079304,1.962214361212724,1921979.349406084,1062573.181229737,59.53557225103119,3.774731696743338,0
2026-01-27 15:22:06.812200,-3.040171375808548,-2.226188170188673,0.4163421466086694,1.2296658356348278,7.208433599867337,4.028949951919872,1.5163976047727656,4658194.655394236,-1.446802515261123,-2.247608189629917,-3.574434449668844,-1.4767294574746073,-1.6727052348962088,45.28833604155117,2949499.2316849795,2.3956324811126803,-4.214637572072013,-2.321264171825592,-1.0591635148996814,-2.939262200628248,2310265.175688504,4735435.183142958,87.2204528998895,58.3195161883046,0
2026-01-27 16:22:06.812200,0.9232138634209346,0.8242989719768429,-4.94157664500363,4.901287295832757,36.79754691631212,-4.546325558215509,4.513176721503667,2080975.9808990888,3.512406907514979,-1.0663854861855084,-3.5710360925952216,0.1161533830308653,-0.4292317287117413,21.258491600449734,2108935.3014391623,-4.724672974848589,-3.393659361126624,-0.8549938432360145,-3.56084397944266,-3.0470408432942047,2420961.441117382,2470291.1861162856,23.313931674814697,89.46776052747376,0
2026-01-27 17:22:06.812200,-4.54772711089462,-3.118788402762387,1.3347821982614727,1.3156022009252055,7.12567277652586,3.5226387439118145,2.385974581323307,2736083.890835036,1.739942081457304,2.0943886463397474,-1.1786052516743073,-4.568998910516759,4.399243728857089,94.57151084410243,3500366.2107461146,-4.13380239145306,-1.435952641503353,1.0400499773950012,-1.8339756517258712,-0.5877033090828316,1839571.3692199888,4239154.114752419,4.7583192546112425,22.99614154010342,1
2026-01-27 18:22:06.812200,3.607345672523023,-3.681423619346672,-3.651298469404866,-0.1078067758092042,15.803156570776007,0.1275432351145096,0.4446773587315421,1685192.695649602,-2.1076665316022187,-0.3381275875015482,-1.4065532705041728,0.3480895148468051,-2.36310210074453,59.69766402435272,2517347.594658568,-1.798560299185995,1.1625853986746193,0.5931454116622226,3.3627899073019165,4.620404048624452,2312949.296946843,3732904.0326112313,74.1891049447306,62.45407361231006,0
2026-01-27 19:22:06.812200,4.053605199039104,4.20297178145961,2.0958335196149447,-3.591516945410116,97.2715347365496,-3.570082228999099,-1.6956902494858546,3898323.889922186,-3.7688275395849673,-3.079179990519066,-3.913143790863822,-4.619734760458713,0.1802126164174463,73.3264585227225,3708318.416645136,2.9647239866406365,3.1752969749607343,0.7769655931305692,-0.0038106187298398,0.1376918279259902,4195692.193177518,1335937.2310488608,65.31380238866544,10.315408324431376,0
2026-01-27 20:22:06.812200,-1.7466966923673564,-0.3630159506001789,-2.421123145667977,2.33113022415281,1.210847523488745,1.678046832264065,-1.8437265623665,2034846.568621764,-4.374351577805484,-2.285079974572887,0.5473180328235427,-3.2090506067181845,-1.5697328740997565,67.6820043630047,4784747.575965045,1.6915415553485076,2.4765182456497783,3.713335923402825,-0.9984472713460102,-4.349992110511115,2967503.837843295,4348876.571834794,38.54704346997354,14.813392201638308,1
2026-01-27 21:22:06.812200,-1.1132271031051797,-1.4664777197394718,-3.606439259271759,-3.684323148727402,95.65013982994802,0.9322157010738428,1.4483260402231384,2737613.276026439,-2.8949306033465705,4.0424329140756505,-4.23241938111262,-1.0778220656645985,4.881240759546353,30.15868698735516,3319085.7670499184,-0.8969627812733796,0.5069054469479459,4.989046997630767,-3.495045019274144,3.2530840242298247,1078442.1298970145,1373149.538887874,15.82407418152627,65.38299638276777,1
2026-01-27 22:22:06.812200,1.8263549164147137,3.80971262623022,-2.3652602596627337,2.3094574258303786,24.82012351328936,4.590094994196207,-0.6714885849564592,3326544.1372995973,-4.281000990227887,-3.608744564124813,-3.9854088101630114,-1.056170231830508,-0.8408408888491163,60.11969505507781,1557036.625430087,0.7740318885814287,-1.5600087630145258,-2.8835109048188787,-1.3837817543701862,-2.917224514893861,1320737.138968964,1288886.0842191945,20.88172650849685,53.47337987544837,1
2026-01-27 23:22:06.812200,4.823219489936289,4.079486940063422,-2.331218480170805,-4.284363665695485,16.19378731909113,-1.967006642628568,1.7208684733183508,2593559.9691614,-1.0795227087141528,-4.266046584114635,2.16449029359126,3.1165953811729694,-4.213237223732213,74.23602143854663,3395468.741282176,-3.249262833463111,-1.7265525635907208,-0.1066761752610159,3.709215003886068,-0.5081941569879945,2798826.674275372,2919962.0700078155,58.45216861545359,71.4837061641909,0
2026-01-28 00:22:06.812200,-2.286509682261041,0.8365611185087207,3.3493023679929905,2.1582496468208854,73.75083594590069,3.923024981396523,-1.048690923884967,3893791.271400004,3.090236402916764,-1.252780294926236,-4.958125563720421,4.4777969796922985,-0.1476954423464382,18.83025249171064,3160869.0671144743,-0.2929900050893845,3.167933695743475,1.0776276874342452,0.0357007440355499,-3.740593589524994,3685472.035587183,3955112.115674391,69.53542507318696,68.12092578215488,1
2026-01-28 01:22:06.812200,3.2873750915192943,-4.222653630350152,4.844021807035521,4.090325206656409,35.32514085020642,-3.146698204712856,2.132068832826177,1036216.646321484,-3.5307807641622926,0.4986856277620521,1.704343337969175,-3.588009364628151,-3.208360817098491,30.37350462250994,1201291.7317386558,-4.508516096548229,4.59592147609234,-0.9529412567082982,3.016425898313672,4.030975070493097,3092632.5992705664,4839666.758568363,10.572456043113489,75.21548922576659,0
2026-01-28 02:22:06.812200,-0.6781082537964251,2.223186230494371,2.979945780156449,2.8482700047974543,91.40535243399468,1.8505253334054723,-0.3956820841896764,1162018.2954100834,-1.640331212757549,-1.4594069649343795,0.2090722177327239,-1.5513301397419916,-2.167354760937238,48.46732101348186,3068228.644380662,0.7720448969980135,3.779683747962585,1.658864962294236,-1.905573989640613,1.3790170173995375,1972709.6989364407,2113035.965343728,62.9923897399516,53.112632930702745,1
2026-01-28 03:22:06.812200,2.0559468654607165,-3.722472256932982,-0.5416287450471208,0.2064018939332401,43.94780845303863,-0.5206931458844162,0.086626011843892,1100197.775096963,3.3293611300193424,-1.602646988831778,-4.930044841038467,-4.305764890050546,2.323717621167587,46.3485782294537,4134442.214737996,4.647558214998494,-0.123476123493657,-4.806048616784987,1.8517186302587472,3.6620906906403694,4399731.880686088,4625900.75036272,0.0239873522088463,14.436050029299349,0
2026-01-28 04:22:06.812200,-1.432466733064107,4.743948076661665,0.2569018230268582,-3.2031689112975803,29.65355812876552,-4.210308378091714,-3.007847251059469,3357815.957938789,-1.5735485347747846,-4.494268961757712,1.4181951680143534,2.635158436682122,3.9114009179350937,9.3017409262675,1251629.9040720956,-3.0893786065364184,2.92662476751617,-2.747928997837984,-0.584659896211031,3.6423060226155712,4594555.713204414,3714189.3656726414,66.48077585802446,50.357689633859145,0
2026-01-28 05:22:06.812200,0.1896301935616741,2.9483633568876164,1.9231169419882344,-3.981534278246529,60.87389647325119,3.7755343326545696,0.7942045228893887,2174156.301341985,0.5519364087528003,1.8479099572681008,-4.770317237153386,2.363379931561179,-3.2910319879814645,67.26399703479315,1494146.9264678385,-0.5650904632810627,3.306412942951121,-3.793763336375636,-2.3273122014629166,4.248982454004355,3002436.325926564,3227358.144776768,0.2672055353634452,46.92970797868099,0
2026-01-28 06:22:06.812200,-2.1906549031261924,4.862107444796029,-3.283207141516965,-2.624566750761224,34.97032297458495,-2.604898300904619,3.902150026361744,3453166.739549516,3.6465892185814006,-0.7387876204776926,-0.8921119000038829,-3.91317460625308,-0.3964462686517311,14.386796634332978,1749387.1653071556,2.905136075336477,1.038030788437534,-2.4290391060488825,-0.093864241018009,-0.3541723556075391,1657570.7373136566,3282245.618498426,28.618087079790733,89.40546052038866,0
2026-01-28 07:22:06.812200,0.4269608315824849,1.981617140197452,-2.2769267348063105,4.713950940416396,77.46535311811819,2.945782787001903,-2.1259040353442025,3550752.987583742,-3.4507468885655737,3.3236353966099497,-0.103559239679674,4.812575773912769,2.0967134350452445,10.466044034648114,1129883.0867669932,-0.4604116695214024,-0.0665841194761949,-0.2054502185023432,3.487675852813142,2.4436820430399067,4216436.984244527,4782518.710995988,19.89168137372247,93.63427533982278,0
2026-01-28 08:22:06.812200,-1.98176239125968,4.706038524263684,3.197017945928716,-0.3801743094080618,70.09584768980874,2.9827923078224514,4.536711226398738,4561916.791902335,-4.122097709588914,3.4632116951867684,4.601126890966229,-2.17490022686382,-4.409900354261838,15.577118899939958,3045149.2977408487,-1.7190012444698797,1.7166738685978773,-0.3975222343750452,-3.1222499169103,-2.405910214400942,2521439.310540423,4457628.017452593,83.23295889562748,13.778821888557328,1
2026-01-28 09:22:06.812200,-3.536476579312418,0.8192184277579053,-4.226483912472965,-4.033263632723267,92.82879131994504,-1.594749106486446,3.8682078118796026,1240699.343114923,2.4992037828152496,3.1051390141135697,-0.1383275541817308,0.291927978468955,-0.5644357081608684,66.57487641440261,1144849.5772563887,3.0190537791773564,-3.698317465547655,1.6655167327342093,0.8871638917429802,2.8650444385870464,2693594.0227529304,2779235.8026854857,16.475373503056023,39.8315674013119,0
2026-01-28 10:22:06.812200,-3.590757750252373,0.3609636634412041,-4.816093234525333,-3.1902304729051023,66.13706110704143,-4.653297332735167,-1.322140122438471,1968088.319923509,-4.172631643818101,3.05648805363342,-0.8455699940791037,-1.18383500890865,4.837115832091518,42.29435437415577,3973411.5822800496,-1.983377583688512,-4.599309136517333,-1.3272229871929078,2.060581146380308,1.1944507381815326,4167844.057866863,2771748.486937744,93.63525578249852,80.73709397924894,1
2026-01-28 11:22:06.812200,3.0219698075403976,-1.9047238371367223,4.142988065604991,3.543850933695792,18.5195567867468,0.8280683508348963,-4.419080479196502,3856210.893512507,-0.1546200491998917,-2.7568144114647373,-4.759949551551111,2.7523453889905607,-4.49824649680026,79.55783762575864,3893321.2159758527,-1.1598092603504186,4.843219788140413,4.138145226249442,-0.0954559148021525,3.030756423377449,1508724.7568675478,3397174.265241915,1.8524576745955867,63.55934820081872,0
2026-01-28 12:22:06.812200,-1.460819660255953,4.580556276686068,0.2561451422545407,-3.266083978073112,29.84042252587165,-4.237073226630565,-3.0839085860833624,3405067.932003468,-1.5524202053459055,-4.725077802919572,1.4064320298571331,2.58370618279613,3.9244500665639808,9.233645369810256,1275494.4300025618,-3.1794457599151515,2.956765797518179,-2.7045437349315056,-0.5755358226229885,3.545990097980578,4671633.642879463,3787352.5452811182,64.25821030869318,50.75106091277527,0
2026-01-28 13:22:06.812200,-4.254493563202292,3.137950197069486,-3.8224891710985887,-0.0772214355196521,17.410933533408436,4.954375161913099,-3.884877876787236,1365565.9453271057,-1.975804887214636,-2.739209289894373,-1.646283937825376,-1.5740891718886818,-4.033054402124328,14.13835542163402,1544224.9377265717,3.543995133256802,-1.1651887742495748,-1.3170453234429047,-2.423043518108204,-0.6819489921408799,2594236.8965765103,2905353.1739774644,43.777727188956895,30.372095359118862,1
2026-01-28 14:22:06.812200,-3.8511892442449,-0.9725636840778702,2.026410707199987,-3.760800690289808,32.25149444425638,-4.939759905272891,0.1881491095030397,4295201.771018168,-1.7461114207197523,0.8766248941170763,-2.6195916081510218,-1.0747954286111758,0.8081847600860393,25.18944924386245,1580246.5256958625,3.2046994680822096,-0.7754498163899234,-0.4709352554468886,2.961706955486712,0.1952340276623838,4931578.0771923,2498638.0198395844,21.79155622727316,93.89731650938027,1
2026-01-28 15:22:06.812200,1.0028583444729475,2.0601104358257056,-0.8774963865492763,-1.6253296101013233,1.1130750273100725,1.909069079191147,2.435897837119356,2575345.219019161,4.1414368970735485,1.6970584790620782,4.663109303608633,-0.0681593031036339,-1.457761718402939,94.6702346995282,3226801.237289499,-1.3599839515874887,1.4421312496479577,1.8083194126157307,3.868496052685773,1.1269748153814216,1915140.89378013,2905677.0535436133,5.046743863511339,74.71987267327998,0
2026-01-28 16:22:06.812200,4.868869366005173,1.847311725538793,0.7651647551425356,-2.5276892559682294,9.839564971339732,3.556960938375393,0.1586190271232812,1797081.345867203,0.6340836448385412,3.173053122132368,-3.229177446027101,1.2766887715880868,2.2045674146275616,13.032043317233589,4344315.603181124,2.489990174049569,-3.477717860831332,-1.265554088545645,3.849267468449666,2.8580848424435,1680610.5645780675,4731384.885441197,2.162699246179378,98.29449216202212,1
2026-01-28 17:22:06.812200,-0.4622043694266154,-3.768458411269136,1.6791076899642077,-0.0182422814997923,14.892537642249009,-1.2283231688010643,2.0675506404905133,3720807.8045457546,3.8830556986657423,-0.8112331532056306,0.1165364797379228,3.722658519358568,2.15826342721258,18.07904955491436,2066553.4284524785,-0.5821987904450238,3.414649720825065,2.1944290959593684,-0.0428494050771255,0.1026826062407954,4568352.785324111,2691452.3918320644,25.803127723629487,68.35793417465446,1
2026-01-28 18:22:06.812200,2.7224476929665737,-3.373830606551087,-2.25944779312794,3.7074990127251137,66.03027197013381,0.2144568904358941,-2.324073232720285,4509880.186617928,3.038048904834751,4.303984201693256,-4.015758108986312,-3.0798391525996327,-2.18174996704528,64.34289495173307,1619144.139384448,-2.2768460281891723,1.6670885539645672,-1.1646548756602302,0.7702040169055833,-0.3754318293485204,2018882.0018301955,1304338.907062029,48.3593048104329,27.41361671919384,1
2026-01-28 19:22:06.812200,-3.012843184658276,4.109271844938425,0.5417800251579337,-0.5469474499733451,76.43726622217359,-4.363590907133577,3.3548022574219445,3954892.602906265,-3.628515118472568,-4.0463907872699645,4.567204338893498,-3.539789807030375,-3.1569860304990094,19.71829819680663,2204702.347989436,-3.824981597876267,-2.157117109045407,3.366202103676581,-2.7885238988930663,4.409657878427938,2052984.699322177,3004478.803301393,50.10473777944182,20.265692199043105,0
2026-01-28 20:22:06.812200,1.523944809784051,0.3400371223353068,-1.522842327079736,0.3538091009246881,79.71766272847519,3.6095895978599777,-4.17656086251045,2054423.690825487,3.1830644929442444,2.6817854470292426,2.2789777169238947,-4.037879159864312,3.6993142693528736,14.982279888861209,4455152.522892345,-0.5205541027275785,-3.5489849587190214,4.131492624163561,-3.895434596044261,2.6906576937922835,2897330.881082924,4506637.928853894,81.44497241749684,22.70916243443418,0
2026-01-28 21:22:06.812200,-4.944778828763976,3.2253724292316903,1.5142038835186424,0.1481735392969021,26.5046428325004,3.313735143857098,-4.853066113450462,1054982.216045381,0.8069908455428498,-0.4994136057377476,0.993597250421656,4.380641395681312,-4.606381201802705,9.76100381089916,1995907.59664546,-2.480017783559283,0.8577827093104764,1.5078832084690186,-2.308802473619896,-0.1362789917485241,3224945.576103091,3747809.765541753,32.1662471394747,44.215411378658274,0
2026-01-28 22:22:06.812200,1.5564895458254313,-3.2056977751129776,-1.5403695046014003,-2.670381631064425,8.955906235506076,-4.9008224352969965,0.9233380653884704,3136594.501553972,-0.6133868029856515,1.3116183288044645,0.8761205400164489,-0.2416900893987122,3.981592485369125,42.482230956693535,3579889.568341864,-4.104408755991676,2.145676688542665,1.7019310429262031,2.7204377881939394,1.7722249698166097,3616268.9633754,1851327.3678017687,27.355587769068425,62.60337091439211,1
2026-01-28 23:22:06.812200,3.154614284548341,4.49799913291924,3.297418037072017,-1.407666306002343,2.094496103091281,0.989785081772105,-1.2090595132806383,1993505.0414792008,0.0550876038986389,-1.6254572103577103,2.2865628423660267,4.176472779044335,-4.781532880137982,16.684857820557763,2489228.394292191,4.207564510547337,0.8676790784459119,1.1416885031889272,3.03133088936246,-0.3738072806627048,2645643.727041862,4167626.153688948,13.216177752502368,5.684057071238846,0
2026-01-29 00:22:06.812200,2.6247223912577384,2.6204757419677613,-4.734691404718509,-1.026094216112687,50.70213390865906,3.519564536394231,1.023090523912488,4029232.854043693,-0.421326832389378,-2.4949373880222154,-2.436802588669801,-0.4357292898678637,-1.099529506499655,57.163755431763306,2829107.7481718576,1.2884421032132127,-4.226055366734489,-3.909132512841333,-3.724021458990866,0.293088986618527,3829941.784524149,4562681.3989948565,38.62176250971235,24.83047391598244,1
2026-01-29 01:22:06.812200,2.068573438476172,2.2571950838836,-2.935787282393968,0.9295085143492744,8.217166747642734,-3.850670029404332,-1.6265445323090733,1857625.9319726585,-3.5592121398680043,3.706884554574394,-1.8463625673388249,3.874689402128823,2.7448560311979087,92.3731395876776,2018655.063559848,0.8158883784975535,-0.5427017909713081,-1.6585697761613782,-4.558544379125445,2.8507186156351274,4790931.216025221,3332074.5897765453,37.63875377344753,97.84944646717908,0
2026-01-29 02:22:06.812200,2.9831075755088805,0.0273368201049809,2.6092516724287,-1.7521802979159982,57.3338442183927,-3.50610013436926,-0.7780137206304485,2984921.464098609,-3.8306316821351953,3.1355836700709383,-3.040345330910602,-3.9069021943078224,-0.6673783499547633,77.23916302114256,2750179.647621096,4.182921956860068,-0.1529858564768787,-1.4409830151171046,0.3966834431260221,-2.357111852690573,2909969.4207386514,2431818.807372989,73.01429669547566,5.334364605890504,0
2026-01-29 03:22:06.812200,2.290071680409873,1.134151959357899,-4.8900417134151954,-3.3647612741497723,96.78600348450304,-4.061427151766438,-4.80672369082399,2083225.3121478905,1.2399848552898245,-4.164750853199813,-1.068528705059848,1.2543345016659346,-3.6556657263045,82.14712527761908,2955803.705753808,0.3348020874478283,3.361186155450426,3.179041768324394,4.9209218702882005,3.2157769176083804,1505480.5677880205,4635670.976485816,67.2262939932566,58.84335564164248,1
2026-01-29 04:22:06.812200,3.1042387573820664,3.5126360763665634,1.8696993501476584,0.0710993590065705,75.61484965917775,-2.2113232947975443,-4.311656757727016,1127843.5767607845,-2.814779711083473,-2.302833174615823,-3.708865381299375,-0.1566009149935937,-1.6205898482584489,74.43776022362275,2070700.3027069604,2.948527979895953,0.7280975692079121,4.811935403516356,1.2767863135051207,-3.271053920390185,3317242.69145922,3524004.4529618,28.57757304468368,25.18855533737496,0
2026-01-29 05:22:06.812200,2.712703466859457,-0.8175696370938113,-3.6311436993119273,-1.0891846334823931,29.544477747742025,4.0962681943659245,-3.756316009994898,1990239.0811195453,-2.2635958213922835,-2.888740574419626,-2.630760061032765,3.0826821121627823,-0.3227938402884911,35.40645623550941,2629631.5254187416,0.9639359969246152,-2.35032938444557,-4.616361386442989,-3.6964832028520815,0.5448911432117072,4894768.539400796,4767965.787535487,78.23958086444591,55.69520916641753,0
2026-01-29 06:22:06.812200,0.4017920490703642,3.168251424494844,1.3485134362000586,2.93354731000051,50.14401944661638,2.880577063681946,2.2698695240118547,1812731.483521395,-4.833419397205687,-0.0192700618232309,-0.2327309086774469,-4.421736981429191,1.474817649085732,36.81333552789744,3973880.403470657,-2.931738070082342,1.670264492604388,1.9321742540661904,4.777930069673078,3.902458886129224,3896854.568232508,1815648.823221668,26.18442989610228,23.517768188859776,1
2026-01-29 07:22:06.812200,-4.802369314167463,4.430721033352703,2.57524847612506,1.9772743374853723,25.873498966767727,5.036826360927917,3.766225590369273,3443740.086182334,-2.0546508480818084,3.458568144031076,4.613679066689473,0.5217065085556384,-3.231098726278719,39.18597311451659,1159309.887665183,2.7825741662998644,-4.625393703734713,4.341763592178725,-2.091249693317776,4.1283268280227015,3642969.626644646,4732286.286047768,47.89771825743402,51.73217154830594,1
2026-01-29 08:22:06.812200,-4.259553482659096,4.3272848335401335,4.00018641848105,4.694123223352875,76.92231478381336,1.6920026293807844,-0.8635732508136478,1250105.182971383,-0.1216568145598753,2.524683375864943,-4.030343290345753,-4.309630630886251,1.0589681517948302,65.58207673273928,4946277.963117306,-1.3397173425348474,-0.5136740838226581,3.707971723381132,2.960685253969374,-3.202021865049246,1922554.560857056,1257276.8927743342,53.07506023881423,65.57962798997198,1
2026-01-29 09:22:06.812200,-2.020297304541341,-4.400404101298247,0.9171075706528804,-2.857506601257719,48.10314040752276,-0.5898097210148248,-3.197384222380381,1845447.5832769333,3.934232252264735,-3.7080912483895134,3.6260801206292665,-0.6439005215600292,4.097186853627846,24.683578672007933,3588360.5716581526,-0.3256240389086538,-0.784628485318715,-1.4119997669690745,0.8612897965776691,0.4092619068353981,1296777.3313358924,1639216.114132113,80.00234061897775,93.05322308479616,1
2026-01-29 10:22:06.812200,-1.4153427145572737,3.660638895004084,3.7389007756251527,-2.4186656729887246,62.46635688542638,3.292867993167554,-0.0713541555255332,2835762.0663872813,-4.177276757229381,-4.487061510187845,-3.2096836255841623,-1.6521095810932085,-0.7164819943115379,53.72756736680381,1223705.4005129028,3.071070203195127,0.3769212859097148,0.1274989979392957,-1.0522468322831715,-0.3224176904242046,4091495.745527412,2609482.1581654977,58.98343944397556,49.70236477772067,1
2026-01-29 11:22:06.812200,-3.841309404748703,-4.547813298938106,0.9741310217030827,1.567366645412922,38.19396396528959,3.7897890028226726,-0.9571025274513092,3930933.8991446607,-0.4041594278637692,-0.0746461928571076,2.975140452964858,-1.8629687524284373,-4.728933476637669,67.7124263482564,1568725.5055494066,0.2328624930024982,1.636247207672996,-1.017497651365872,-0.0778381671253312,4.680725029096784,2355879.7046912853,1093836.0868846178,20.06163711246527,3.2063517094541583,1
2026-01-29 12:22:06.812200,1.3263303065279284,-0.5159197120583027,-2.026972528032794,-1.0307191055747766,5.9194677123961,-2.193114816659476,-2.612930459657171,1734623.2164772674,2.453511994330257,-1.6302345938986216,4.424191716154859,-3.5007980947093973,-3.029234114927653,74.59800062020449,1570891.942718126,-4.152114273406924,2.267588689275603,4.709581738070307,-1.4551098205499744,-2.4100105764089816,2539202.9069483792,1756663.1533737706,77.329961546759,20.577552912866736,1
2026-01-29 13:22:06.812200,3.631034258755936,-4.73633025502748,1.005168604336534,-1.748099357753051,20.56872621955551,0.7177235204832222,0.3093767841209383,3426926.898869745,-1.9353653195717968,-0.5789296532027999,1.7754580518377585,1.3564532195261323,2.8350150258790885,68.26711524627594,1211303.57563441,-3.832520972312045,2.839718505055896,-0.0283271928231432,3.806505774645778,2.529861930391851,1572325.5816692556,2317666.629497772,28.733033322764943,61.23112888403968,0
2026-01-29 14:22:06.812200,3.0814036943948024,-1.8538688135003591,3.975997029390914,3.408871810009189,18.34415326563947,0.7985031878989867,-4.411195346996183,3893260.579136685,-0.1514400860825631,-2.765880552797406,-4.671278505437462,2.832238843362561,-4.690666012189716,81.61812991291208,3780769.4768156856,-1.1446590697377124,4.747749308743171,4.022058866624155,-0.0933081200599893,3.072774940432557,1461006.7811469226,3549343.933415515,1.874273185787137,64.82296030118198,0
2026-01-29 15:22:06.812200,1.3417125225336857,-3.376931814652753,-2.6227674368693488,-0.9023393727252996,73.3847028897038,-1.2862628563919432,3.009444170949417,3923563.2479577167,-0.3179474520346878,-2.2181577502944307,-4.204249194513315,2.3647189540586155,-2.419300007692044,57.89548438479861,2306926.890730537,-1.476922918711247,0.3250155004477046,0.0797173938477388,-2.294244448900973,4.801755390726529,4370696.827329745,4359953.066186669,47.02945629889104,34.405075902454854,1
2026-01-29 16:22:06.812200,1.2329812682755792,-1.2353663312195042,1.6503667454625548,2.7347312568660067,12.138641815940645,0.1744635175504125,0.9513167490568152,3691486.6743923193,3.223812111853544,-1.6559882101125134,0.469288759854769,-1.440422265293595,-4.894867754583466,62.8734015059993,3503364.779929504,-3.7093487517093706,-1.0519271712174394,1.674155305338311,-0.870888104107868,3.111626038791321,4431556.74098496,3147472.8718824084,16.18956100523584,71.61738769564306,0
2026-01-29 17:22:06.812200,-1.691019751473508,3.1055333078183285,-3.246287213765504,-3.6912633928165017,61.50129680388666,-0.6957258967900977,-4.900761788721644,1324596.7141449566,-4.430212730026318,-1.0542768468107622,-0.2491012713323197,-3.514932183563192,2.61889894377484,26.610136853730857,1218037.1096548785,0.3685914650261832,1.4604694409659604,-4.872345734821026,0.3749375367323448,-4.671745011807599,2235443.596945853,4643179.722039796,24.929535000461133,41.67490606240531,0
2026-01-29 18:22:06.812200,1.4458200650947926,-3.482954995435158,1.3455059317282063,0.976329382507306,77.32204825361164,1.7337814315567344,1.9994184163200617,1280863.498791237,-1.971220311507324,1.492429705645728,-0.7724809773923172,0.7800706881344255,-3.8430717832274297,79.68473769679153,3008646.9163650805,2.6588633964408976,4.926906183544856,-3.477698678766385,-3.63508205061852,4.985815714811029,4680765.113537829,3054013.112737955,9.178163398807374,91.04745154505606,0
2026-01-29 19:22:06.812200,-4.364416497139763,4.872761293149445,4.144119459249598,4.698210450785448,77.4633780637788,-1.8305341220888072,-0.3590484054649607,4805962.840707149,-0.8139272508167004,0.2994058693023298,4.224342836561245,0.9646707541354368,3.933044937881228,3.900642076281813,4345758.949504493,4.365702180708391,-3.4938904693148087,3.715518564582478,-4.507003375908301,-0.3214053736584006,3635421.616907369,4386217.289861612,22.488678022553177,75.72955720711929,1
2026-01-29 20:22:06.812200,-2.658744617155197,-4.152602465189999,-2.0701500318881947,1.8894486048241428,40.38495529874047,3.2691627732685355,-5.023885190748445,4772011.663895515,-3.477991958135618,-3.699432420453717,0.1412106986074461,4.080380074912619,-1.5306308377190467,34.75947655029582,1390532.7196735474,1.305405189045616,4.089975721736563,2.914029471770748,-2.975056636833811,2.73766376392196,2897618.2704177904,3559799.4597662743,45.588707491274405,23.1375122587977,1
2026-01-29 21:22:06.812200,-1.890176782843378,-3.495831088964718,-0.8122947510792686,-0.4621045861636075,64.39042535411306,-0.6540403914128827,4.634992408875883,4353967.3353721,-0.4156857586856199,-3.3863264161161686,-4.272650522213316,3.1438392066908154,-0.6716007894282772,45.55667819901088,3047754.522727711,-1.9164787832380128,4.326481005424785,-0.5326047468860722,-4.9765252613254685,1.4662113365755536,3265774.7403465062,1509998.9066879428,51.94487863912376,22.70012993384206,1
2026-01-29 22:22:06.812200,-4.631234095724772,-3.780978495815354,-4.676554787986165,1.3924241731233544,60.5499418295294,3.1205436130509265,0.0478826680342812,4139843.741849012,0.5220991823775522,0.6487302057737326,3.643705155979256,-1.7278651999024564,1.8325890101640063,76.72893411911451,1272756.5904980623,-4.606896353246563,-2.278240773351617,-2.6316924494433773,-4.493882695388852,-2.2309905357331323,4129423.040589064,1306372.8553133646,27.18858499864248,24.815315917774367,1
2026-01-29 23:22:06.812200,-1.7481667797325295,0.9413071535213512,-1.1686147175050254,-2.6394953665353604,53.03021332491584,2.738796557301564,0.1903228012954869,4220361.273982651,2.250060762991187,0.7199587828359277,-2.1939918676208405,-1.1787650554002682,0.3554247309779823,89.09738846907038,3108030.498326135,3.6954116885921824,-1.1694119357899648,-1.570334802999218,-2.552001269982741,3.300326836280746,2887025.2375634974,1372121.4989635828,56.26887557907294,22.127659106618403,1
2026-01-30 00:22:06.812200,1.3957714262001362,-0.5111267592324786,-2.0788181271517105,-1.0021933354242938,5.914966075781077,-2.313299928168497,-2.4721677959673927,1684516.694922235,2.5352485524105344,-1.607813207951975,4.309225888136452,-3.489759251985101,-3.078122140218248,76.84323266127758,1606636.4646700427,-4.164852897001229,2.324136108551311,4.9138692719749,-1.455915328279824,-2.4834470501841466,2385602.4935544315,1855722.0864310763,77.42734485439031,19.928118625751488,1
2026-01-30 01:22:06.812200,2.2960617833806403,-1.1910914336897849,0.1891770528283753,-4.265032526699874,4.195122343163627,1.0192343101513153,1.7754226745895316,4291935.220167071,0.74287575090211,3.0543232929998627,-1.5006214642928597,-3.677312849015183,-0.2301660738234625,56.94972585185759,3246378.030848777,2.640955865788793,2.295214219764384,-3.617544343659429,1.8058309291876729,-4.5072634641722855,2983277.8905941565,3357069.355026668,94.49474208215044,16.141698768757394,1
2026-01-30 02:22:06.812200,0.1426953604229319,2.455402226589304,3.969824477721235,-2.687929904586861,48.728925477994494,-0.7747539295457165,2.5815366766675174,2239208.505526123,-0.3566680575729362,-4.244286300202575,3.398759858231468,-4.842436806248342,3.657867732784919,94.78852649592872,4954434.316338708,0.8500888481826896,-0.2964594139973207,-1.1118329762510293,-2.66400098592935,-4.3232483748730735,1887289.6198707845,4004024.344187544,35.40679290471744,84.44457873988713,1
2026-01-30 03:22:06.812200,1.3755747135521317,4.699143978146033,-4.53034033224945,-3.302420949124593,96.84887775943838,3.9252328995484618,-1.881361420831168,4730842.032531045,1.6721233719418107,2.6016092979015903,2.824258122127878,-3.0331180268717697,-1.1079138137656122,83.23910417019079,1683254.8252248429,-2.5218755709309315,-4.796589181178224,-0.6053462564155785,-3.787351066408633,3.524388856418732,3928951.65636915,3128471.889835131,19.557064710152304,37.19947597891618,1
2026-01-30 04:22:06.812200,-4.870963936615916,-4.600299592844673,-0.7221079599986935,3.147697956959256,51.45533269729632,3.166083438005899,2.685613185285637,3041793.1537690824,0.6623643061088318,-2.1072590518817247,0.6390343565401622,4.783532288631734,0.7580844581814201,44.659491566994085,4419627.617131108,-0.389609453546193,-4.448766636398809,1.7199977331470442,-3.802448110082392,-2.838908857239016,3509618.724097433,3702042.6748897946,46.60489926263222,95.84848207864344,0
2026-01-30 05:22:06.812200,0.6927891191091945,-2.2145650499266347,1.5135686790471412,-2.1142234640716167,41.970397075542,-3.5430776481823405,1.6208033380979476,2920516.4287184216,1.8160818262939893,2.269257136297768,1.7719089110502586,2.732297913858352,-2.8445029220786595,84.38688653644523,3044118.1590180327,1.8491457319283056,-0.8919024733667927,-1.7250103361463955,-3.297558474674698,-4.035231650390362,1168106.5896044236,4316156.350426293,50.42444819815202,69.67665194315555,0
2026-01-30 06:22:06.812200,3.8721274257632654,3.4211892313570864,-3.337166312439206,0.1977394855601764,79.87141916545745,-0.5661998562081223,2.7399137815276253,3177015.864454791,2.7704928565175617,-3.461000953062263,4.925146201619713,-2.62516694830616,3.874245353703604,99.1624342961228,1790761.2124579502,-4.636592516837576,-2.94812857095193,-0.0367722871562117,-3.862380411954506,0.4840093674191168,1351091.6564937625,2065510.5657200955,64.1675710161496,84.70120353890836,0
2026-01-30 07:22:06.812200,-2.231946024471007,-4.979435213670555,-2.9822017332701685,0.0247132448249437,65.9662804753629,2.0439127671429054,-3.471212429312577,4944425.402185043,-0.8566530573832106,4.40402793638048,0.1271637858851,0.6616892172811514,3.8526780221841377,12.59035032618082,3131608.554058827,4.647958848590801,-0.4471262188360585,-4.707556980071923,0.6145346605981462,-0.8790992813734041,2608286.48243322,3384963.5395710627,75.83754646591017,55.21599821024192,0
2026-01-30 08:22:06.812200,-0.2778507483805068,3.383287047111379,2.3803361642637046,-1.6299682356871372,29.282203670096475,1.0708957871875402,2.729214818761151,1801128.0714705037,3.622029736581888,-3.507505302585261,-2.5932948524284694,-2.001024070054638,3.9393351066999056,16.361620413827627,2275269.291492019,-3.9815273485761726,-0.1291745567642195,-0.9635330550652216,-0.8903939196409674,-3.026860294239401,3672722.6478316206,4597812.338215341,81.72592689875229,82.79120621490644,1
2026-01-30 09:22:06.812200,2.9994165424981296,-3.482954337330233,-4.586222378424442,-3.840663021527584,2.381131558611449,1.0977631959917606,-1.0797249349593092,4307433.88153608,-4.8586157781678905,1.5313532653621842,4.416523023721748,-2.864308194407081,-2.090659749396617,48.31037900056853,3426739.690747848,-0.4943950584075952,0.5963292319537797,1.5118120856761164,1.3540838061176703,4.76308108125381,2454363.994952269,3061483.19956592,79.2174484933382,59.06798259849925,0
2026-01-30 10:22:06.812200,-3.804057540616983,-0.3130684020502974,-4.172013320748736,3.2888336588260945,97.99703293588506,1.3130755309198872,0.2129604765413892,3467134.4314101646,-1.8612450327752947,-2.3182563225508668,3.743073341370806,1.4279507050630915,-1.6418363535846543,69.17776391419824,3373985.663287406,2.284939338474402,3.782524677323465,1.786600938268971,1.4783703860822648,-1.827447835503,4583248.405594315,4709465.637846214,56.02414637830525,38.28242079635038,1
2026-01-30 11:22:06.812200,3.046235963494912,-4.791527223115592,4.003161253647079,-2.427403023656246,30.845149036813865,2.530061216716434,-1.395133355559985,3989805.259053725,4.479080366682997,-4.837871917895975,0.5448013957819742,-2.131269764710241,-0.1931860153051517,23.04990328420405,4166343.6027028,-2.60034055279928,0.8066843446055949,-2.158456062954289,4.783065440834539,2.876196905946142,4866309.627264554,2105507.701658403,76.70414391325328,95.4186972366303,1
2026-01-30 12:22:06.812200,2.1324478722299496,-0.851804976623348,1.0315210946638818,-0.6911247633819411,60.18815896363221,0.9169716230632554,4.760138232792135,3971525.974671756,0.3802270536390297,-1.389252736589628,3.306227604317913,1.0094548453771903,1.1506975401469797,67.42935737000246,1840471.103760858,-3.003302619593533,0.272551499506771,-0.7910347124077397,2.1207199224793047,-2.1807044824843924,1231152.788079457,2610445.7533606505,25.50036525010757,58.91187359802365,1
2026-01-30 13:22:06.812200,2.6078504861689744,-2.2659292806929376,-2.5465089031867905,-2.512857274123701,58.24226582072465,2.026337730855163,-3.744497852373466,3951669.5734161017,3.401080784391999,-0.9154441859151738,-2.7534260235823336,1.960798615670392,4.269075621458642,97.99554473582783,1465326.9085330449,-1.2872907949460624,4.29870482293879,4.614175778465734,-3.2154932590162524,0.3085903428847576,1562613.356934667,4561210.228454081,26.255023002000023,72.08163164749156,0
2026-01-30 14:22:06.812200,-2.183605808354891,4.899740241660361,-3.297114007328464,-2.560029142455452,34.68532958786749,-2.5691854982950897,4.034455936941847,3420355.0731155346,3.588504052082374,-0.7518830677198641,-0.885226031662281,-3.852027593024192,-0.3950779732534961,14.27774233281711,1711009.7160629109,2.7933114415496414,1.0761134842036102,-2.420610875972917,-0.0966356188970888,-0.3604311528688091,1624295.5717695442,3240992.9314458547,27.81230770250093,90.24284255489133,0
2026-01-30 15:22:06.812200,-4.0068096553731865,-4.6327628053654015,-1.57383517274788,3.705245751836985,41.73047684881321,-4.800826125804028,0.0039861584962037,1812622.0311185543,-1.139882121941885,4.7607191131903255,-4.44091490158187,-1.2148178061146273,0.5011985647946369,65.98709525544668,2194792.757270959,-3.126874918864014,4.057131867503843,-2.9642059868929653,-1.533947820891869,2.1306051106478763,1333306.780856635,1109046.7684036293,48.64138247330667,21.94791646207498,0
2026-01-30 16:22:06.812200,0.6127719756949626,-4.436245033490729,-1.1070438595802343,1.1714498660403008,74.8073179429532,-2.625665316251937,-4.830523351104191,3085796.0966675207,4.894511309650564,1.7969721683334523,-1.006674198007774,-1.3749801546848683,4.620584989413516,98.56007339528004,4880467.545673729,0.0169916600642485,-0.1620310341720365,0.9927751782359184,-4.204118526279576,-4.483143200888682,3866527.7468081256,2535795.5770518905,3.925305307099991,24.1206774628023,1
2026-01-30 17:22:06.812200,4.144353381425066,-0.4624288570463029,-4.701782274713471,4.109065198490096,8.646790001217393,2.453035220098453,-1.995815502738287,1386898.0163409635,-3.629908677792527,4.647907334220717,1.8175166995575,4.494431341453596,-2.66621535716661,16.602756478729543,1714909.453435482,3.814660524051373,3.7056206928712574,0.3661399879098199,3.248163835594633,-3.640686032682836,4422302.472592203,4607967.089352848,33.10319768012098,26.81568730158465,1
2026-01-30 18:22:06.812200,2.7096717995456103,3.647223762550532,-2.1130626322930013,2.067772168854458,81.17697880901376,0.1236377754579063,2.70158211757096,1273834.8773343123,3.895193110437632,-4.4331956783416455,-0.9032713070748084,3.239976518799782,0.0895904042204751,68.66786117241294,1087927.2592384918,2.2546816845016284,-0.0955090326405008,3.0747793565190893,4.403970339455443,-3.4146384150007645,2749126.59297847,3947267.3273188006,30.54442265484817,16.814108589474706,0
2026-01-30 19:22:06.812200,-1.1162355243697135,3.728481788338325,3.953678958766726,3.66384254557799,89.73685573384671,3.456625918392299,-1.20871850054082,4285103.924211594,0.3168535404784744,0.7841167779051004,-0.7619069499344974,3.747434801810901,-4.624081218296225,76.53947448291767,4379148.809932878,4.336052055250029,-2.6730804291297527,2.4622792624245267,3.660155761174456,1.0153374742071943,4629298.187805084,2865731.687270003,81.7725793277813,38.798449574739216,1
2026-01-30 20:22:06.812200,-0.0620440363560925,3.129010091300776,-1.4432728353505089,-3.3295809209905016,65.64786073315027,-3.9577519719165233,3.0715553736488257,2484451.753720511,-1.285327373756232,-4.653272957739336,4.782206685265583,-2.9591233884423973,-0.4717519471567319,24.361479198219428,4210789.621344087,-3.8676877674087455,-3.802532114994681,-3.906440968905212,-2.393336174378983,3.126930433757824,2614194.483254753,2903768.870190897,74.46036790033801,97.2095993212311,1
2026-01-30 21:22:06.812200,-4.623119354117124,-3.6725167127918006,-3.834773324000466,-2.2805321701546672,55.80082387200808,-1.0475483459848247,2.673548049218524,4543479.552914541,4.101811650632224,0.8411538749219548,-1.883602179039715,1.134408175442486,4.317189050548143,34.05208893559315,3092344.4416982657,-2.612117815312522,4.2175544606317406,2.511661947421228,1.277005403849472,-4.468490915648294,1851105.7604924808,2125054.8858729573,52.31818758741113,86.24041679061504,0
2026-01-30 22:22:06.812200,0.2273282938199408,4.9971767328613055,2.1904590518424545,-3.323807837116824,12.809574636620004,-1.1548867235518747,-3.7979277087942376,4683066.433853429,-3.048334827813496,-1.0808943705609098,-3.1910809862110168,-0.309592524818461,-2.213056840714742,79.85558381305991,4152140.598300088,-0.9363359472253848,3.0265624415221986,-1.0270870705409427,3.533464976087238,-3.67396009253189,1547866.5381769435,1490332.626028732,4.751775720711038,61.75573132096185,0
2026-01-30 23:22:06.812200,3.5318530338785386,3.5435250292206155,1.792330118051527,3.382659468764486,24.0731825383572,3.882928579520239,0.1423955504476231,2708791.813156943,-1.4449993221950117,-4.348770249895155,-3.567678233172037,4.302511092511938,-3.90596001576117,53.14001842779091,4598780.702343067,4.027129329322502,-3.353471658655317,-3.576166230033731,-4.309432482924465,2.097396771329649,1412467.1558612958,3789723.8219159134,84.48228473035539,56.65710913239319,1
2026-01-31 00:22:06.812200,-0.7245898164145039,4.966368370739055,-2.0287828437682496,-4.6332857306645705,33.82675059944984,-0.1233293137873561,-2.34417167041394,3337795.639029704,-0.1060746259341129,1.9716369213798048,2.9915797110478204,3.0093872154143035,4.5887187319041,10.70291342110381,2188856.455380384,-0.1492709085730457,-2.530345875329375,-1.631522985528473,3.634914504628183,-2.6660373054187305,3027080.162871152,4711736.804948086,21.929528250483067,98.1415721833664,0
2026-01-31 01:22:06.812200,3.4456173262439327,4.295108250716065,-3.580395555860457,-2.7172474102202107,73.55348321939786,-1.9989963100881885,-3.2313970311410523,4747273.48261519,0.9566050980724994,1.063650934341709,-2.35977601017088,-3.298777792522124,-1.4205254528041116,9.672674181386558,2226289.937104512,-0.7267866315312745,2.848673881422381,-3.3949845632606035,-0.1406663215551016,-1.834109069050668,3400507.2407835047,3115714.283849976,34.18616170288404,92.88642896132748,1
2026-01-31 02:22:06.812200,-4.745808732559048,0.5543170560262745,0.6640464029689719,2.3640201506564047,92.80836403260496,1.522242595454725,-4.824476366333711,3153327.773022854,2.416414518360422,-3.0656465704351743,-1.658072858268901,-3.198413522673808,-3.5718569552713264,78.06993041716287,1542506.4640292537,0.408270639715397,3.996124893723151,0.6948238813659184,2.725225917625444,-0.4662939439584264,1506181.244785509,2816386.3735101465,70.6232498531782,33.77559871322291,0
2026-01-31 03:22:06.812200,-3.1200551848654867,-1.6222130932755028,-0.0846096764690054,-1.0321414379511424,16.580262597795564,-4.51257457093808,-1.863103532588815,3944962.5099425633,1.824228017622743,2.5533398733203083,-1.4973135322567477,-4.747933520618072,3.869098230894713,43.02934527910615,1455935.7288117686,-2.918120189653136,-0.2970629256507511,3.835532804891099,-1.845039835809784,-2.74848784685696,4869419.833104106,4748305.724676611,76.87748482967459,65.11286172903976,0
2026-01-31 04:22:06.812200,-3.921085730066956,2.689874151805105,-0.2394959780090033,1.638045276218051,22.4615611843852,4.5053105258620345,-2.066913892194353,2075414.057528774,-0.0743092924670243,1.4150448125625168,2.308703457761604,-3.9013688625921694,0.7982957604772505,91.01961241446963,1582514.5868216937,3.183606413952166,4.108242203303961,3.6111352006142567,-3.311663933474299,0.171208881133305,2906481.8252421618,3937948.161289615,78.26515628228766,70.30316999741315,1
2026-01-31 05:22:06.812200,-4.685708143132658,4.44765729882428,1.636711653626481,-0.2536912425018611,37.21670238375133,1.0065106654835585,2.731418739186715,2473795.679666316,-0.168191366863315,-2.4017186205970056,-0.7998899570433711,3.836839676879898,-2.1744973248136112,38.28333947684352,3789726.46894877,-3.283218049567831,4.433101118741497,-4.216617822379933,3.218014592542003,2.636104796141586,4054461.195846627,2468695.257725169,45.53184100619284,22.26036365412377,1
2026-01-31 06:22:06.812200,0.8797298678840142,0.0603865063721888,-2.281637601252101,4.113417932386373,64.05273100432794,-1.990035781260644,0.6132692680174608,4987848.901057871,-3.891154717411854,-3.5243581883204795,-2.994912929251678,0.8276574213281112,4.869498316044416,97.97179787830147,2784194.599133329,-1.681802825009344,1.5384018360687333,-3.782789656179951,4.385882344324181,0.0258121036893532,1889601.9993237483,2446394.770218135,100.68138725922732,95.44458076247945,0
2026-01-31 07:22:06.812200,1.3641041126378042,3.496473906774116,4.36829739324758,3.441704489691972,43.2076882944196,2.4359391617655977,0.1796052771257894,4581384.356612677,3.382304210818006,3.860861088135163,0.7835976311654003,-1.5707033724080413,-2.209917096522034,63.06352949830804,3571226.3643446947,3.0783145182662235,0.2023048910309004,-4.274252019552892,2.692505592415867,-0.5266757333381218,2033057.431548654,1075523.5143049387,69.80743384786489,26.120017127391293,1
2026-01-31 08:22:06.812200,-1.8066356147335936,0.14069847344555,1.610853526485934,4.6965533129025,52.86658864908404,0.0732616909958582,2.8760122828311347,1414131.8913642322,-3.97327015630924,4.451219023742815,2.3170895103746423,4.584365336674349,-0.9630696781623256,25.94448558626217,3524188.6683996697,0.7418034541317754,0.9034738192259278,-4.056998392450775,-4.586221229696997,-0.0100162574873283,1135181.9273264871,2262318.551459949,17.682712991261308,3.1591082348410056,0
2026-01-31 09:22:06.812200,-3.821863733822001,-4.600505740238318,0.2927896422682012,-1.042328800070598,0.3304971477307439,3.923410270395907,4.73822954802464,1965299.545956547,0.0130616908440059,-4.8839294364985655,-3.007259342431904,4.889872571413049,4.449776310354064,88.01017521061725,4830622.313281895,4.430862018198814,-3.788124984142858,0.81323216191512,-0.5208889393174119,0.6691373400705037,2846712.963610079,4287031.654888833,10.741963788039998,84.004298617808,1
2026-01-31 10:22:06.812200,-1.856440189236733,-2.526518982568024,2.325720972102503,3.0567015295005326,43.940498969445215,0.0626605949520273,-1.5190440683171191,3665852.190107343,-1.3859622093281363,3.956899442666165,3.326117733261311,1.8387012490903205,-0.9503141262381156,43.01427320968263,4130982.697005547,1.928784276966522,1.7709378478364437,3.503177081575989,0.9672299010621712,2.898646210355388,2923144.672718909,1402121.4347673436,38.7952168654892,51.1902121269624,1
2026-01-31 11:22:06.812200,0.0857069116470281,-0.4945586468990646,-2.850596214092432,0.8535436439675212,61.29395824945255,1.3410403137633136,-1.2826070509366971,4149548.107009331,3.597946748116456,-2.027127957186736,3.041655649838841,-4.746513957360615,4.987929358156546,43.776505498812845,4749924.689596418,0.5587081419895936,2.7851588006166352,-2.871499139616426,-1.6279796483104727,1.1834630704545743,4968063.877587343,2984877.917959697,15.991324502412752,31.961812550807124,0
2026-01-31 12:22:06.812200,2.201748058664812,1.1470534141081976,-4.830608757380907,-3.37097227314202,94.80411502973196,-3.9521178275918993,-4.816649622745668,2169129.5232527754,1.2462044128884886,-4.145274779105374,-1.0567365130572262,1.2741177213110888,-3.812227260864071,82.84927420476966,2937116.686701049,0.3300180551652055,3.431161920688477,3.098177538439214,4.982574389854864,3.2821287378834225,1507932.238716522,4613446.642469286,66.44583446428031,57.7971293101673,1
2026-01-31 13:22:06.812200,4.0756647392609295,-3.70840584848505,-4.688168649387153,3.682712805132587,94.30758377447076,-4.2906778386622655,-4.986463742845318,2817381.6922706207,-0.931951990482764,-2.7000624603675947,3.664231835397002,1.9004688840944963,-4.450336931601779,31.03708891081201,3767709.453066368,1.99527870402572,-3.689853813495344,1.6875325444981373,-2.374913957334559,-3.869002605761776,3746601.693416149,3759857.4285054496,39.814949352290654,16.762156384058446,0
2026-01-31 14:22:06.812200,4.626930379859584,4.5607608887815125,-0.8004108967859508,-4.731794963852535,76.81873325528683,4.26180903954196,-4.539508169496177,4884216.049379923,3.458415898367991,-2.6227435605367546,3.775375907224252,-2.973610856037207,3.622333613893392,63.79668448145269,4163762.46891796,4.545791826699449,4.145360741564911,1.599209001759262,-1.8445629493344493,3.27354958364592,2601612.7435743893,2108303.730858736,66.9026185381725,10.12949423248098,1
2026-01-31 15:22:06.812200,-2.6415657318605383,-1.5446233781402252,-1.8478558523546127,1.5824306432337265,36.10035606997095,1.871626093606045,0.0059148976049396,4513027.355890256,-2.0744872797028595,1.0163247759448368,0.8591555116502545,-1.376370480303467,3.0737536385403668,27.278641606701083,3950239.355335211,-1.942708238456272,1.9296263784749847,-0.3585336035246702,2.8388694220103976,-5.012250019174743,3381992.7210974386,3313531.4931413545,18.38965848264925,40.61108158346244,0
2026-01-31 16:22:06.812200,-2.5070777085112503,4.540510272587223,-2.377359557001749,-2.9415878996323173,24.069271183250496,-2.45608419158153,-2.0019947243476413,3520988.8778246315,-1.717668943216606,-0.8869602793376874,-4.40382674655341,-1.8389868845302944,0.7854181820353148,76.21296204503246,1623406.1462057738,-0.8798226104834361,1.009571949974973,0.4287813236080513,-3.7811078791964094,-3.436685616071614,4365427.085220794,2338941.306317116,57.996782020314285,26.2880701989326,0
2026-01-31 17:22:06.812200,-0.8961707696437031,1.0617463445088005,0.9507793070025484,-3.880803806022721,12.150137630091804,-1.381469067948613,1.4645874163793051,1993534.43497283,-0.4601008880030104,-2.594684148198513,1.920505530397448,-4.442591464125583,-4.174278419647228,93.61765641665052,1973770.4670616423,-3.6160241403187534,-4.657020986966884,3.328935948872294,0.0975706690087143,-0.6296627455022916,2659390.426242183,3781953.8367106016,94.80532818528904,3.574839446586464,1
2026-01-31 18:22:06.812200,-3.1410126550145225,-0.8866082650489089,-3.400611035866908,4.705333304261609,84.26372672014567,0.0553344016035881,-1.4088691495010994,2943569.789547324,-2.541881468700174,-2.433405457444749,2.37166375276572,4.297581190875018,4.470584861480419,45.88789383426106,1199337.8324085951,2.822521060270061,4.373538934140133,1.6327538972697155,0.6948491531326814,-3.4207051881938897,2227818.6299188584,1269811.600479904,52.67201211012,26.6341216556528,0
2026-01-31 19:22:06.812200,2.5555113854304867,-2.713571944965373,-4.485741865157497,-2.302503884830104,19.74704898599373,-0.2750664499348643,4.741944438163571,3821843.321133945,2.6244695867486847,1.7238384329170362,-3.6001262327823715,1.09812761548117,-3.4547917000948103,94.07508592344612,4368774.923492458,1.6576524026536728,-0.0243391661127407,-3.749110901635965,0.8526087550984656,-1.031106069109604,4071443.692503421,3794542.357727824,6.875095208867732,70.44236214774867,0
2026-01-31 20:22:06.812200,2.375735639776541,-1.1817013880455844,0.1894147266159663,-4.254076299991001,4.045530954288815,0.9918463255588414,1.7918330638052762,4333559.742749253,0.706916255156464,3.1125709982764307,-1.4987457824718675,-3.712818098332836,-0.2236754157381001,59.06533951797692,3255465.5833639377,2.61102843771812,2.199675844031904,-3.6940257646872574,1.735861681224797,-4.421464042031802,3097545.427837142,3405402.2297095074,93.73715426917276,15.941346119430136,1
2026-01-31 21:22:06.812200,2.052383393690796,-1.036979557891971,3.405968053711069,1.70137808273837,53.17833955527627,-0.063192980800586,-3.626659735451871,2250032.1226351177,3.467882033470917,3.1356410114247923,-1.4312866551041674,0.9818899564849424,4.87017067030475,100.42398199235517,5031541.465190939,-1.543490338795435,-4.524906236990285,-2.723372961720458,-4.761274056580963,0.8545953842151568,3315763.8940594094,3644969.192849692,45.0252149029703,92.526882711789,0
2026-01-31 22:22:06.812200,-2.712018345083776,1.7170068440585675,-0.0363375279876363,-4.429131439106851,88.69249002092695,-4.543512544976163,3.470608269838994,2710405.334813349,-3.739979721360057,3.2606468454828548,-0.8418143198158905,-2.591961839268268,-0.604370582271013,17.478128487493382,1837224.3033368343,0.246723066856223,-3.451573183797726,-3.7021703427738872,-1.4066100948421276,2.435442696372946,1162036.6917652874,3815743.629311323,50.73940938449606,49.21166570858616,1
2026-01-31 23:22:06.812200,-4.23020090171207,1.1812824045789585,0.9684284891688923,0.3116952800103201,64.5810812655206,-3.599759024466823,-4.764050353544709,2770182.0592589825,-3.0358078412798264,1.73092130911217,0.4858841505468847,-1.1319275794812,0.1046013134644132,87.4743649656566,1290089.2678179257,1.393748005427755,-3.1707707403791527,0.5681836027830753,-0.2464093231913144,0.8073713979735189,1491644.7301689798,2970087.416082034,32.89197782107244,9.424306640452562,0
2026-02-01 00:22:06.812200,0.3751861137411378,-3.0119557551549216,-3.824208543773049,3.854354073594009,3.6203569394254016,-3.835439683053692,-0.3952336916810769,2773118.133281161,-0.3484399202985878,2.6583554465655213,1.24120127491571,3.075834491792069,-4.723064066234149,93.4804847334144,1075746.9600918766,0.4489367868543563,3.647660623816228,0.295469695928969,-1.881289350445554,-1.9281008950154543,3348960.462849645,4529350.695912296,79.1886948387236,49.67919810432467,1
2026-02-01 01:22:06.812200,1.9772802248721248,-1.0472816567209375,3.426477176368555,1.6558443388358683,52.438361521813285,-0.0647047537035956,-3.3899429352745534,2205412.60740836,3.529635138341966,3.2259344781419936,-1.4443529645034758,0.9464598721519778,4.865556636087796,94.98618803247066,4782219.513061296,-1.5127315162797217,-4.665196328931455,-2.781396759800564,-4.677980046703615,0.8135126961996563,3326865.450706586,3736310.528191872,45.75301401814384,90.04853212757585,0
2026-02-01 02:22:06.812200,-2.1024854708623195,-1.4183728196715952,-1.6575610918303916,4.366056922949614,28.590678923916013,-2.2318569220869424,3.985606046748394,3597289.298307527,4.514448256630919,3.2435044724934947,-0.9726051525316928,-4.194191877134864,-2.41207591635476,73.74314414271221,3813120.216169002,-1.6200121897150996,-1.349524333073985,4.4637865335837095,-1.364855426307333,-1.1186691899775072,1812282.3716802483,4659544.600486016,50.83116942766945,17.16939931284912,1
2026-02-01 03:22:06.812200,-4.79894995107201,3.3477657569047423,3.148468569496025,0.8082211250147252,19.49079528471766,-3.0699816439214525,-3.748048273841795,4056199.2549259793,0.4663646031092098,-0.2228825256466491,4.465646811440101,0.1759637949291296,-3.7146856859677695,34.67879553719812,3429784.4129212247,-3.5255792999094284,3.514894061975218,2.5963064664679174,-2.0185624937864284,1.8616745995661863,1989422.649831996,3954665.627271794,84.65620754342778,95.6438004845243,1
2026-02-01 04:22:06.812200,-3.387787127459956,-3.86442407800371,2.7091220374582194,-4.606564593314904,81.59469389686173,4.715326909010507,2.83198413298626,4745122.485875707,-3.2450837261864263,-1.0300783779252587,0.1961167580300751,-3.528367489050547,-1.8354286912558384,25.283740069028926,2610105.421960568,4.068665773398358,-0.6756283328349699,-0.8500224162924575,1.4100605732070122,-3.292397165496144,2607807.6984608783,2956786.0719224624,2.397544737653168,10.253453811264402,1
2026-02-01 05:22:06.812200,4.29697652342573,1.7157319559279962,-3.934017468662282,-3.778900859899732,86.1369996363436,-1.6865299289694926,2.8037612357098043,1256025.3864344838,0.6772731793105455,-3.436830292911392,4.965263087986191,-2.0202276450415626,-4.13032979744067,6.728461292151455,4680160.210183615,0.8736986857557696,1.2317242453218729,-1.7305789974530503,4.012592077965634,-2.731628976745049,4382979.513303053,2801060.773986553,31.302535470158134,61.259280827587645,1
2026-02-01 06:22:06.812200,-3.2721173571981024,-1.6335631510789654,-0.0853591494710819,-0.9903029713333374,16.531453723582917,-4.339451247545143,-1.8798617106422963,3931102.904967208,1.753862861406258,2.5298167117193846,-1.5142121704199054,-4.786104858826697,3.967783613882213,43.237231729059786,1495547.227068903,-3.0213779485834595,-0.2942957249295416,3.6996943705765633,-1.8705372480758904,-2.7218189905105805,4997208.132154019,4774350.883215464,74.63058494791643,66.8863411062919,0
2026-02-01 07:22:06.812200,-4.456468933871904,4.508354170447817,-0.8226324763823634,-0.5259371007046051,28.013615794136378,4.86986206586883,3.465064545352764,3308268.898099568,-0.4048308651655685,4.479716758492093,-0.8381123184776724,4.145230079961555,1.4588267652240037,25.92355387023423,3473298.195945172,-2.395979160371977,-4.309562238208268,1.641310854303408,-2.08024992805117,-3.4311354589002323,3321436.9453496872,2383699.8934352985,55.3960837493597,63.73583067871907,0
2026-02-01 08:22:06.812200,3.0812037956441696,0.2030770090379334,-4.248622182641912,-0.478009717165647,84.6514338690278,-0.1795894188791749,-0.4200424099642852,4298972.949388031,0.7931446666193782,2.3795094739759213,-3.6478268628714527,-4.102404994398428,-1.9678021615574948,26.7997266884378,3601020.2843746464,-4.145975157091262,-4.255715815614844,1.0668932319788578,-3.3607973795305512,0.7550101846905903,2385064.203151722,1797523.276042508,81.9868147527005,9.42103636124938,1
2026-02-01 09:22:06.812200,0.8987182812099458,0.7469359548753064,-4.719408998408539,2.250150255311301,67.32854185165185,1.2241375021772007,-4.568480037178432,4425211.527512155,-3.833121763875605,-3.962666847506966,3.1767209283273363,4.566097328048796,-0.3535199596762604,98.96002408089936,4581284.575404473,-0.2317206381048792,3.2066869762061225,-4.0643673372591165,0.2976599946854965,-0.9444737038664086,3498384.3803968374,4745704.726628311,15.22750762538288,49.077308688914734,1
2026-02-01 10:22:06.812200,1.3340375651042349,2.723183917356393,2.281887562036033,4.338750175279049,91.89265336395545,-3.03902287261607,-1.0199470704549718,2169532.4416487725,-0.103755379497552,-1.3952549485844612,1.754560453364256,4.108262646863153,4.665584393805441,91.22082367815256,1361675.911166643,-0.5019600929557129,0.0369176123744461,4.304486005450311,-1.1859119009687658,-0.7656119510020751,3618484.774061852,2230620.349425346,55.39417338546375,75.42823330352161,0
2026-02-01 11:22:06.812200,3.714605901877178,0.2016350111199338,-0.0450868379380153,-1.838438950232495,25.22410201733616,1.107800710757683,-1.970842711668074,2775677.818025511,1.447452485768186,1.7127082522913248,-1.0399903361438478,-4.939529568160216,4.447073816724817,63.31786748957723,4791426.269014644,2.563560547436343,-3.173748697468989,3.369278328446237,-3.591313960491387,0.1492750886067204,3837257.1792139336,1169337.970073213,45.05824928161174,2.051091932039117,0
2026-02-01 12:22:06.812200,0.2222115280827379,5.000286049182854,2.16190292924526,-3.318523640792379,12.51000615804544,-1.1313868468969777,-3.889646749431339,4632771.474515057,-3.030962008236132,-1.1000165354506608,-3.2551217398193155,-0.3067106287345397,-2.2423352507641527,78.70129964348294,3961490.475851088,-0.9490690933783053,3.0272858851846665,-1.025393242551566,3.550577589977842,-3.612648515591894,1533210.1284944436,1487444.864812046,4.804418716205251,60.93226085209479,0
2026-02-01 13:22:06.812200,3.0367207689911453,3.5218150031854005,1.88402396427736,0.0723480868839239,75.50419287462783,-2.193167844840257,-4.343051410456342,1087653.315100036,-2.7017327420238155,-2.293560580182344,-3.669902010926712,-0.1613978113568857,-1.6512170986301502,72.10546608978719,2034229.054560984,2.941345617322724,0.7397517503174189,4.954836107332199,1.2494377040783196,-3.293225646977663,3344729.4163533654,3534141.1744646807,28.55250717153396,24.93757879958921,1
2026-02-01 14:22:06.812200,1.505505679243926,2.447445956102405,4.8134090772260185,-4.030001176966076,64.45965932415837,-3.682579818434693,-0.7153300497342217,1086013.6305609874,4.3013118292695545,1.3440002092365166,-3.616862252835143,-1.64342536279979,-4.675276170170029,84.47532138275741,3121296.8249327675,3.5705511732764355,-2.9523412401876854,-1.0049122121421163,3.74335409892438,4.267344805061537,2830096.800829822,1820349.2656149275,48.875219733195706,26.278849396169573,1
2026-02-01 15:22:06.812200,-3.134299411139642,0.5190683877448556,-0.6517266139625377,-4.584271409496079,46.053949727414,-2.930074215615732,-2.717646365063009,2204184.311337252,0.5266226777674818,-4.1877036519332735,-3.4126323662569047,-3.767525418674485,0.708539362787616,25.715235110909585,2348849.961625143,-0.0540294723624121,1.3740461226118352,-4.774314167976229,2.288705094885958,1.6290625234456575,2428967.872680545,1994142.9757083715,29.80425227913559,89.06666758919071,1
2026-02-01 16:22:06.812200,1.3030265618951369,0.435176214775573,-4.114527961941123,-1.8701446527364347,10.392039246294232,-3.7027990588359727,2.151597902796869,4651775.368794219,-0.326405659663449,3.931328491652519,0.0554866174413505,0.1500858679636475,1.9254842673368096,16.66173233559924,3207996.6916223834,-4.348252795051135,3.3751414140322016,-3.279434855568831,-2.661179083941879,4.156938168024875,2545575.265894325,2118191.22696557,12.251333058715668,67.14971114011738,0
2026-02-01 17:22:06.812200,4.617604237712526,5.130031486080172,0.5820660083112399,1.9345256034913088,73.52916716164522,1.8628760437153344,1.883963871462221,3813617.711397148,1.835252630664464,4.93110278999101,2.536102956186745,-4.466619571076701,-3.151136524098988,34.60989306228228,2985357.9713536818,2.664933674206152,-3.985246190000941,3.522273029294552,-4.756058111372218,2.028487014362585,3013334.040726269,1128874.903875864,30.92953734232222,8.310775989688574,0
2026-02-01 18:22:06.812200,3.925589984899778,0.6093797153538629,-2.535979667608932,-3.5165679903791114,84.19985528900615,0.1657262844597902,-2.5339636502197536,3010524.970520522,-1.2782674475310287,4.925817954877633,4.492731062456169,-1.923209105220515,4.095953911109444,71.93881555748203,2609041.654734168,3.9474757083130094,0.5670925655285384,-3.8714185528723775,4.319127325974559,3.52538740855967,3308213.3668541773,2216621.0179418605,38.31014335905844,71.8531318122246,0
2026-02-01 19:22:06.812200,0.393422419156507,3.7665360265834495,3.1910231767419965,4.866301229588469,72.84906771616131,-4.944942008395792,-0.1592293028979838,1224704.309389756,1.61667259629189,-3.4379849206940074,3.796014967117621,4.260595598182654,-4.938161773591033,2.812150627792376,1204897.185617253,-2.323315628057024,2.3829551047830764,1.0946776336662198,-2.211280737390351,-2.420604932130994,2369062.371158985,4083258.0866572848,83.55707099645603,7.296833292568772,0
2026-02-01 20:22:06.812200,-1.4338559812726122,4.794985927459903,0.2613288412542647,-3.27321538038684,29.21984048951098,-4.233104896869252,-2.9148038189175143,3388799.674441656,-1.6347792652428963,-4.485368713354817,1.390791219582073,2.549025994717929,4.078241298542714,9.184062548120302,1259758.5281557736,-3.067122210577629,2.8952178727679025,-2.7777463703702776,-0.5773713672575341,3.673627275904312,4771525.631818401,3788727.2926514978,66.562836040761,50.52391329320913,0
2026-02-01 21:22:06.812200,3.0744015516406247,-0.9651713378760292,2.9941587896897923,4.651186964360456,77.64474464997247,-4.923359673507747,2.47444406596694,2964382.9175326605,-3.5877645662685054,4.884209939634811,4.070419604150219,-3.3830544672601315,3.1068357033759177,37.53213457730138,2986061.688922419,-0.8940130276173344,-1.6439075575909867,3.205764393338498,4.502112058654301,-0.0848577416817342,1335494.9542080483,2308884.7326458152,96.72132068082684,82.11261044851797,1
2026-02-01 22:22:06.812200,-3.033932381490652,-2.1938452065078846,5.031964983368334,0.2468630433075228,30.63360733001811,-0.4660239510774865,0.7634469030271144,4124446.35123196,4.886695445787173,2.876433416967458,1.9370099860993493,3.60793826712434,2.06403057517045,45.88632314078129,1376289.1079409206,-2.108259202119818,3.0979718442552984,2.5704400324041408,4.5474253676197725,-1.8077284931621889,3459696.8921070634,3316413.249195585,57.90960288883941,27.1603897119087,1
2026-02-01 23:22:06.812200,3.960912999234932,-3.659847715493592,1.946964708544268,-4.950600190655904,65.61618376810715,-2.8093119089814222,-0.2619017160205334,4708442.515433709,0.7087741683947621,4.772799325664472,4.915327758273865,4.658323197183327,4.483695527889189,62.67533485423312,1493273.964301169,3.985969105689701,2.6510659163313086,-2.1475565769323346,-4.3673732817932525,4.7552732902090185,4971215.912744058,1968783.5680525687,43.865538135037454,49.30351215402048,0
2026-02-02 00:22:06.812200,1.6089964942082462,-3.0610827669624743,-1.4815121259618234,-2.724215677006995,9.16343718911483,-4.8307457597781935,0.9282911880827504,2985594.5784071577,-0.6183596875958549,1.2930634596190824,0.901815279149111,-0.2503364524018381,3.993212420885634,41.68971481931038,3631243.6791397263,-4.083957543682197,2.160832846866509,1.7108262172177018,2.7806898433065617,1.6949639765471345,3763177.5125940377,1820721.76689802,26.92697669755152,63.59394508557644,1
2026-02-02 01:22:06.812200,-1.8199652502813608,-4.71217323686661,-2.2785486277003733,4.51811785423239,17.742876946970686,-4.632786374991788,-4.421555505528394,1421572.872431221,-3.147296446166763,2.938181039080396,-2.9168460999148205,-2.942056230105783,-4.08674265666443,14.609656554132023,2603881.306753407,3.962567164715789,-0.6723291829180633,-2.6078891196578127,1.0301386336458815,-1.6675825944927238,1508729.8145300436,1676230.996534823,39.33528387477618,84.67830271688292,1
2026-02-02 02:22:06.812200,-3.4394554006654188,-4.289565324965815,-3.432836325825609,-4.296030293508215,48.92553221565278,-1.9337731325903345,-3.8911883122793456,1783947.0547345623,0.8871463435350238,4.41482294742404,1.0741759456866162,-3.937032789724017,-4.49251251303081,18.583599713289097,4052476.6918110414,0.5518887654467367,-3.722708651647903,-4.44964784191428,-0.461168169585608,-1.5896707292992105,2975377.986644747,2570116.592845621,34.22557951453572,87.71486799618998,0
2026-02-02 03:22:06.812200,-3.899480754723232,2.5513725567361902,0.902306668690871,1.3911993781550036,54.50269188969384,-3.919742458693088,4.577898009882039,4057762.912302017,-2.213569368849636,1.594229620819975,-1.4456066263593828,2.4156610846682955,-3.3855231396707897,82.30035744469347,2402839.151968337,1.857127688246809,-0.1581550167740317,2.8697579938120086,-4.4286728065667,0.9504634492376116,1289393.5353442295,4099433.608727824,84.65507758198628,60.07397744503934,1
2026-02-02 04:22:06.812200,1.5957401569556475,-0.9784864131053728,-0.6596426930413419,-2.033946701616007,20.00190033817321,4.611097769654484,-1.6064475067435984,4380511.65999088,3.268747155613751,-4.394480783189144,1.6420459426047636,-4.216384508054315,3.268368155254373,7.40963400509628,3831633.541080915,-3.0620086557045365,-2.0283416109865056,2.416840098514619,-4.379063798253299,-4.090463525415911,1137806.1258871986,1691270.0625384736,60.3733261812764,38.60301510879405,0
2026-02-02 05:22:06.812200,-2.720648374580583,1.203095513534647,-1.3902610305997325,3.679182945200221,98.4669739524508,-1.611393506612484,4.427243190941123,2638684.2135039708,-2.812901996764168,0.7780705025108468,1.6921902992486668,0.4667726489731176,4.607463027713553,23.503129881191864,4091360.333706013,3.589805471222201,1.4810212726107146,-4.436181461467684,3.937741877619448,-4.098042997997556,4514122.996828623,1518825.0319601076,42.69053206363036,68.18330320328587,1
2026-02-02 06:22:06.812200,1.0959784013672784,4.901026420415662,-3.260262264869332,1.1408387442945167,0.9469082549066964,2.1840094925995044,-0.2959456988021445,4728860.447844523,-4.79975570139528,-2.928846783997573,-0.1185191755241218,-1.593702574401122,1.1085546633024788,10.441282846868466,3667060.944405428,3.1354976432565267,-4.6962865986064,-4.468651007160436,4.320851739280243,4.736564857410552,4814133.293025185,4876237.588952487,21.68264849656132,23.61518627702061,1
2026-02-02 07:22:06.812200,-0.7289221137374371,2.0407976809922355,-4.084179266733658,-0.4526014436614094,93.73880664971188,3.025856795798129,2.851895431484084,3620694.858097352,-3.1716222013118287,3.6610154537783473,-0.1619746013935277,3.844787275967592,0.3754014364034628,65.22811128184462,4212682.046530925,-4.112267330437673,-4.81641616000776,-1.3061735241741488,0.2980905707005412,1.0601500247944315,2207338.6435715808,2815015.041001414,55.20181722956512,99.35015603957082,1
2026-02-02 08:22:06.812200,0.9916972538232898,1.9804637224739143,-0.897774152243832,-1.653786117939171,1.114070296134345,1.969736492785071,2.469474125280916,2486558.853290814,4.212246237636512,1.683123346883752,4.472167174709389,-0.0705284193996331,-1.4349734761499469,95.59675955586462,3246315.9894052665,-1.291579968814822,1.4352581354929974,1.8437836724454888,3.7976220716937896,1.1131085986187172,1935575.1510437168,2850876.2280890727,4.923959210463262,73.31509023482904,0
2026-02-02 09:22:06.812200,3.848410982454552,-3.666666316762977,1.9367596382594603,-4.892388256142533,65.09579625665796,-2.8084968005984954,-0.2660170572095564,4830973.738781849,0.6845138407074666,4.701835507838682,4.871668796840833,4.578582321209763,4.671922819823218,64.61566606549037,1525590.741647371,3.9373906701228623,2.683731530437208,-2.1807818136119224,-4.361487481749719,4.727851042710706,4839247.694405981,1916305.3586853864,43.560408973146295,49.48800330501657,0
2026-02-02 10:22:06.812200,3.1801476592249305,-2.870358384910893,4.173135754622429,0.1559602857925028,4.317373579701167,0.7204864336930079,4.913279015642205,2040946.391940917,3.25710951560667,-2.105604783805121,-0.8161046662166651,0.5399325550313092,-4.858033655282763,40.51971425753297,1613651.5295563522,3.649949762077764,1.5399422142024832,0.0580922259232972,1.6934835076279606,-4.103682266953821,3601187.8962940304,3027720.464308778,23.094166459874444,23.233554592401816,0
2026-02-02 11:22:06.812200,3.6073058325634335,-3.6362852441323024,-3.631813690810386,-0.1115341974307977,16.481481572943714,0.1266772595641638,0.444823328002629,1637969.0501654332,-2.142924323391097,-0.3231878751512296,-1.4218875066440697,0.345592191563087,-2.4236800123647084,59.60435954776472,2466204.749516905,-1.7938009344977326,1.185851490721154,0.6034867435032343,3.315739259104525,4.592354353238221,2316022.918648931,3749559.650742858,74.35025357790752,62.39455747613884,0
2026-02-02 12:22:06.812200,0.942364151777632,0.8329550311845868,-4.957483110052425,4.954014074495886,38.14806015183084,-4.583286466615323,4.5740056536196505,2065469.271421824,3.582406828382006,-1.0319930816422418,-3.70703174839228,0.1144713541043766,-0.4373727736402467,21.00917928275861,2072396.5718438704,-4.917745373632599,-3.5435526303235187,-0.8391546224163821,-3.5871403579388046,-3.170704545487612,2362173.133291019,2509770.7828344773,24.38509221779915,89.64530286516481,0
2026-02-02 13:22:06.812200,2.5539033817673555,-3.588298955795972,4.1832252129688685,-0.4957516175293499,6.834958878978334,-4.580073697490625,4.829735785844958,4802992.027244567,-2.336610059121062,2.95603307171474,-2.946052919516517,-0.5711636944136107,1.7682203945264348,77.98524286678662,1846115.732084387,0.393879225000053,-4.925952572739618,4.389150252072322,-3.0901915904382227,4.677866815522888,3993461.644755388,3461724.848394108,33.41576809550598,28.948103073989262,1
2026-02-02 14:22:06.812200,-4.930478694688093,-4.8545533433211805,4.502373538208024,1.6686425754610434,13.172877345456191,-2.065111767918784,4.6276835025320615,1641850.4570849058,4.271237818644494,1.1938996936650188,0.9378063194345216,-3.045419996316001,-0.5005632573114038,10.745055262890812,2493412.644127327,-3.216684875717837,-1.9015288324672008,2.286151567927769,-3.4968937751603124,2.1566265207231137,2565817.0831778846,3533133.929331982,53.19883182707819,46.03213900573984,1
2026-02-02 15:22:06.812200,0.1074730257756577,-1.4941244119340302,-0.5399422704204424,-3.603487452436871,72.59799099852955,4.317537194328164,-4.243949593832492,1281967.7825725786,4.699265253451909,-0.8880952413050895,0.7559342864008203,-3.3377063794834125,1.929089110247677,1.6912799921607324,1605641.77574434,-2.606301636579537,-4.142057151005105,-1.451542765693418,-4.614084380618662,2.881597881357064,2048451.8880671856,4242882.691780699,80.90345502403416,3.945195292269144,0
2026-02-02 16:22:06.812200,1.144837104777481,1.1096323763648073,2.238397569634264,-0.7568313595103154,26.504681508160264,-1.079229746416649,3.998635327280217,2311695.0383296898,4.109782368707187,4.917892998677918,-1.551339498688084,1.056806646209174,3.0751719372426125,8.206998953257248,1022281.4563334108,3.745761389662096,4.4874160769694935,2.6208839040971474,3.589462398397937,-4.805095264478278,2092760.663665918,1047499.2446026296,40.89511314723037,4.18414081015678,0
2026-02-02 17:22:06.812200,2.249185666658532,-3.285706027799613,-3.2386808016757667,1.9760639533529096,95.6325953098923,1.9021780353549047,-1.4155079730361964,2705820.9640465383,-1.8652396614384563,-3.78521794816904,4.506812148032739,1.6547462028068154,-2.848724235320824,72.22879298066348,1735884.4218217963,-2.2003454126966893,0.4190944860671505,-0.1141945644529899,-4.847164381447541,-0.7542315884419867,3757355.564675184,4107122.4626423153,81.108777777861,54.26397126607865,0
2026-02-02 18:22:06.812200,-0.8258899685122101,0.8991768685463306,-3.1486707116138035,-4.700264101273221,81.77853298569451,-1.0298495876280835,-1.3431925173862869,1742586.819604972,0.7126046993709734,-0.72513545909732,-3.385421659357599,4.164891511155142,2.3316037813679955,90.95644273803012,4193814.020204762,-0.8203149198611293,-4.090645500869589,1.1268434467460722,3.788811459128521,2.041043607716368,2372176.0231720405,1179005.7357049526,78.07327300286697,1.4470641502865034,0
2026-02-02 19:22:06.812200,-2.289307154376509,0.705739978275531,-2.747030643863451,0.3868464140395271,58.545655863795766,1.348191973046872,-1.030485387866919,3812673.5296323327,4.504477621957718,0.5477933471022847,2.6320282772043977,-0.7186890503287169,-4.175349278161453,47.93323258651801,2193141.2132028607,-0.9251882159418128,-2.7108147538689926,-0.6191539969088979,2.952154822292357,-3.1165702856826343,1627228.0301843144,3762382.406676571,49.76509922216085,25.55808281691799,0
2026-02-02 20:22:06.812200,-2.7789218952926973,-1.077559549002677,0.4190094737835812,-1.9207005840880909,21.35113663106719,-4.129072332042285,-2.746187319932342,3656877.539955873,-3.569988773342736,-1.6971533249791555,-0.2826016248156096,-1.721618011499659,4.95421512925456,26.96300087671828,3828913.313341693,-2.488079953955328,4.232237469852286,0.8537542279095636,-1.8506677254106751,0.8972903607646572,2642801.602346173,2185762.899117589,21.500476827002856,11.922857781785869,1
2026-02-02 21:22:06.812200,-3.801346326663172,-0.6252507797627089,3.7294583587640826,2.0468076273664675,50.5852692951829,1.1706651611780128,-3.0416691586572995,4526762.447374033,-1.2545175662041874,0.6423181668453601,0.5347177620984986,-1.2791774503710407,-2.1248880061624096,81.96770027804591,1761527.1451881388,-1.7943241398350098,1.892793212258371,0.4761610065374713,-3.7102109207283474,-0.5008721891449461,3881664.276369372,2120536.475101519,71.56355505577623,64.90917405385481,1
2026-02-02 22:22:06.812200,4.838302915761682,3.4817176451971785,-0.1069603106766335,3.7039079956307166,56.00532464151929,4.817041389206492,1.393032565920391,3057596.410158626,-3.38722077031242,2.8046290955661566,0.6587729096732257,-4.607614502329454,-0.0169693945500347,52.05294380280944,2617344.097088185,3.974628179544924,3.994662229422804,3.354163801601262,3.81003375520039,-0.4572240416884158,1192185.676582666,3815518.142277149,55.60621877438904,61.35116985629566,0
2026-02-02 23:22:06.812200,-4.498870636299266,4.68245385014952,-4.167297223982847,4.79155495758717,38.75300845170957,2.389869862764724,1.986885087100312,3394407.8158140527,-4.410505025969073,-3.974904730955448,0.0554048353776985,2.7107472611711105,-0.2461741069654743,14.273497446319288,3641378.111924557,2.5835441606009706,-4.661222907630674,-0.3014557361079878,-3.083527861369151,2.7273946469297727,2111940.9876723546,4821450.314526172,39.00609764906842,64.84255678065234,1
2026-02-03 00:22:06.812200,-1.6238482859637204,4.041586944937484,2.322248864095612,-2.9814654787705166,84.07030280112,-3.861616065233986,-3.591970511073239,4256502.742364647,2.9773226334821405,3.50574528015116,0.7028693873139051,2.5982365842838835,0.3822010186847526,99.93503004722002,2466887.634375196,-3.650215139283579,-3.728973862292596,1.4048329314221224,-0.3153876291291348,3.5837337976106234,3046144.776939167,1584067.622368433,80.00544079513713,56.71630879133922,1
2026-02-03 01:22:06.812200,-4.2080082863003305,-4.743021311154772,-4.221972166609357,2.8009311632593805,76.83911793505548,-0.8144965996302197,0.4775241054242224,3415883.5573333213,2.640754751437342,-2.8178428215514715,0.5025007257102059,3.5851209931088435,1.43815127146801,49.29663098264932,2718959.5470172875,-4.270035810476713,-0.9244990325765232,2.990273818495408,-3.809323466747279,-3.747448490872478,1037987.4185344162,1408059.6361267327,75.4405249203317,44.89904748635938,0
2026-02-03 02:22:06.812200,4.4290970391251925,-1.5174453297669963,3.065611478614498,1.7343243332491731,73.28015447662506,-1.5477685719830792,1.2241364156599666,3740537.239497936,-1.3260927130292952,-2.9847162199368715,-2.898928070876482,-1.6117651757719265,0.33323547859605,21.14312579989112,1423220.099426057,-2.038232344410015,-1.4327683069109365,-2.405508289319237,0.983060756960188,4.56835667543063,4774260.868627908,2156713.0154257724,34.61072407823951,55.34295611637275,1
2026-02-03 03:22:06.812200,2.3564226837533995,-3.466886446851285,3.7617525606088615,2.5726126521194104,76.97713114000048,3.262326942156588,-3.3083224320901383,1853804.277402718,4.685630025599066,1.712082389356468,3.851866595472439,4.783072111861768,-4.20559751871963,65.13903787148516,2683233.007211902,-2.710850909412561,0.0402817431025629,0.5386548547364153,-3.175212207873812,3.504626722407611,2595378.761430403,3796848.722481978,10.274142044253727,69.85084023670143,1
2026-02-03 04:22:06.812200,-1.7679706797924477,0.1398948915981082,1.5878336671071738,4.699120461072704,54.223720549184826,0.0741193871780883,2.813218557473051,1441727.4536444107,-4.129827816972113,4.344330387534415,2.422713922522868,4.520624466390027,-0.9435474055276244,26.51707411833556,3512826.388372176,0.7228381454200115,0.9248299390159644,-4.15351246415371,-4.690293965774899,-0.0096382709591864,1167521.575355102,2239061.2565716137,17.260911290227455,3.1856762528260085,0
2026-02-03 05:22:06.812200,-1.5996949927230484,-2.506195071590852,-0.8055694346232044,3.621856448721705,65.89434986172719,2.2816242007944028,0.211781017223212,3340377.232519472,1.0772953486730634,0.7859404134352916,-0.97864283554462,-4.573858368370836,-4.347944561300125,49.80520677724888,1802486.805998155,-2.122147358662957,-2.391925252791109,-4.189253631262156,-2.790012240234802,-1.6838330683296718,1031759.2716309387,4217338.645392288,90.48488458994652,22.757039384245687,1
2026-02-03 06:22:06.812200,0.1879062174336612,2.8365301274114305,1.9227656451785249,-4.060992842105816,59.03476904587729,3.742225246851758,0.7829839942036063,2156749.7851837995,0.5678491092818794,1.8908765374822964,-4.748009051789303,2.379277689988003,-3.308381061575798,66.28597876346657,1485487.6981944786,-0.5814629190893603,3.3557170509064864,-3.807283279602566,-2.2510434174291225,4.31535049155262,3012273.290528113,3087537.847709913,0.263215557958818,46.930299636000704,0
2026-02-03 07:22:06.812200,2.8659412721271886,0.0272008714946735,2.631829798572188,-1.791295794628623,54.06506699785156,-3.518272142405879,-0.773159946193944,3020074.410713092,-3.7161274781582057,3.093996124570756,-3.0853447671782788,-3.8058759807793794,-0.6520408415125776,78.66947582461275,2742884.877398726,4.257233904136668,-0.1526758721028691,-1.417215559284228,0.3969143807101571,-2.3711289792817003,2982902.451183759,2467459.1803458533,72.1297100657483,5.314957040384561,0
2026-02-03 08:22:06.812200,2.030189588951778,-1.0345721767872984,3.491956515653193,1.7260211822512623,50.83605469162799,-0.0645341965988137,-3.530372904117903,2239227.501289876,3.4512085149603475,3.232732126800302,-1.4516814445683734,0.9742924257342,4.774565631838426,96.54486346006212,4943736.674499671,-1.532812387640888,-4.563390712869914,-2.7541761734609893,-4.67200125723104,0.8333290998851748,3336899.1553268726,3654817.915705024,45.09036530931482,92.46228178425284,0
2026-02-03 09:22:06.812200,-1.3637039762070602,1.220867002278735,-2.5033199114081404,-0.5624978069542887,29.754845131882057,2.022587660316643,3.1112376993347084,1999827.7855904847,2.959263871435024,0.5619069263001162,2.802126485356336,3.808951605447525,3.5331718666658603,91.5814348190744,4122728.298751449,2.46452128857114,-2.633668685299911,0.0019793552278528,-0.7966461080450102,0.3838418689643319,4680787.944297096,2524402.054447256,35.24327315388416,39.75918693106466,0
2026-02-03 10:22:06.812200,0.7503193482096459,-4.691911875920329,-0.890249870574854,4.858307127369047,39.10232463394473,2.355354333067746,-0.0357349157169853,4104449.188905182,1.7973346210729653,1.050275342158738,1.435098453787006,-0.9549026652584754,-0.6136304238399917,45.48808865680613,3204312.20312576,4.389536066732558,4.5952393904456335,-2.5490724361232835,-1.2983269385559062,-4.619998814005972,1755456.8992047263,3516719.3916471023,88.54358398136365,0.2158801670438991,1
2026-02-03 11:22:06.812200,-0.8701596921860453,-1.5142801885785775,2.993218189366302,-4.7825973995056925,1.2457574411694416,-2.730107762244881,2.987359331318024,1877629.7026545147,-3.2787636543556133,-0.2374756399659124,-3.9699313637686497,3.6373864984927113,1.7255532234591462,10.434841709594671,2892860.5647307825,-1.2184859744360914,-4.626113915548739,-1.5460400295992882,-3.0803404751254413,0.3646422031278056,1285839.564768808,4507484.306791276,58.39857234268658,50.74876802591176,0
2026-02-03 12:22:06.812200,4.717820827209607,3.623637087467453,-0.1057503635685952,3.681422543775053,56.50219928590161,4.928168389990704,1.3595470716372846,3060022.638838893,-3.248768598696468,2.795167014240634,0.6389292105540232,-4.503940916505172,-0.0166697170576277,50.28755200655849,2560954.19833598,3.9350997139331785,3.897489902953801,3.404427505460202,3.951000290662442,-0.4551726704464336,1196634.0944857104,3877880.925253525,55.49098338254089,62.49224697884564,0
2026-02-03 13:22:06.812200,-1.2263037807689092,-1.5388334965616286,1.558166378924233,-1.359060766134356,82.46800622230818,-1.406354955830537,-2.3227439430331,2345484.6491096905,3.3517126563664625,-1.1387101719908632,-3.753428202340986,-4.864044977053818,3.367664381869687,62.12970257186526,1534846.5735192804,-1.6449550440136798,2.763699184737111,-2.063494030027015,-4.816005840077058,-4.158098072030683,4679516.172147224,4236568.695748197,2.988595438604379,79.80816853149733,1
2026-02-03 14:22:06.812200,4.624472949421111,4.495206236576422,-2.7879055818039777,-3.228502105526141,68.88853020500906,-3.685108801020184,-1.118342938730045,3142215.2595186904,1.7276461441246669,-4.837996026605328,-2.388375674891398,-2.4293730781079126,1.032454226840298,79.51102825267246,3314255.7291174177,2.56789222902397,-4.908344498161835,2.012933420883841,4.826524114935692,-2.907122384698801,3293998.339740864,2344661.35431832,18.804109258878576,77.98186756231435,0
2026-02-03 15:22:06.812200,0.7523943728755599,0.0218293589226872,-4.814571222708667,4.710219248299386,84.21251279864846,-2.5444522157462006,-1.6713516479433257,3711593.215212352,-0.7169204995498193,-4.108663042048113,-2.427812998336841,-1.1388870056668872,-3.198083462531552,10.33680319899764,1045122.7674661514,-0.0200101970000406,1.0463627328628986,-2.384726610024184,-0.8617432002837371,0.3255080102473097,2895004.5996772023,2996875.2491236427,88.9786487542664,42.12292047987655,0
2026-02-03 16:22:06.812200,-2.4821770417463584,-3.5292651907096206,4.876680079966469,1.9262595222616448,87.33229158608077,-2.252684744804805,1.7413029553606298,2427543.9006844405,-2.794957365643529,3.1838042477953525,1.949531193430477,-0.3496366577909002,-2.7273894644033767,13.574585309990104,4645367.264865635,-1.6799929788232082,-2.986008972061126,2.890406042020471,1.3704755350362756,-4.962803391819408,4414519.714111828,2161134.7092590416,85.96655476664752,78.39252791418876,1
2026-02-03 17:22:06.812200,4.685466670081993,4.635926958267453,-0.7914445890517564,-4.714450338428555,81.41023331043445,4.12698978639919,-4.610434440688765,4783301.8388378285,3.44276518669814,-2.699801141271709,3.562016621858623,-3.010817162181473,3.560839815825178,63.36284521822926,4264193.567923269,4.663526600503265,4.262512437872635,1.6413954622916178,-1.813511569022634,3.363423360486728,2514899.141358688,2079944.8927236104,68.3966280351193,10.107857295955268,1
2026-02-03 18:22:06.812200,-0.027514941076145,4.265876251614944,4.440593396866133,3.381152896481103,63.629135397924806,-1.054239244023536,-2.400950207571672,2415156.634945744,-2.817924654478277,-4.598611409146335,0.6739094415607338,-2.730214605284789,0.4378707039174685,97.74381842040124,3216397.1215833044,2.4444216783755373,4.590241759729659,-1.4902437607390864,-3.383623062154082,-2.584937731439388,1967710.912476946,3164752.2234280976,25.775521562810965,51.92800823952714,1
2026-02-03 19:22:06.812200,2.992386102165975,3.033040887264845,-0.6787848507326455,-3.1450105661727834,65.60478584575051,2.949520020886823,3.637871207341049,3334718.809632904,-1.5017216541534253,-4.318349812174287,-3.805429351851312,-0.7534830383612758,0.9729131123295722,58.59575920757046,4712738.926971769,-0.7913579053962109,-2.226757598944455,-0.4506663934416138,0.0671252223795251,-2.981871554320648,1538944.6316144671,2306152.877344795,35.156535638597546,90.8831521806826,1
2026-02-03 20:22:06.812200,-1.991216901832304,-0.078837069204618,-4.605731886314941,4.446142194740233,76.1121537043158,-0.7817182146116863,-1.548077915057895,4314222.391624326,3.740717733051852,3.899133763628624,2.962436094563872,2.439051873021519,1.949701331214758,96.43532340359864,1697993.9455918209,-3.480198175259488,1.1340184652217111,-0.953462583514498,4.058493899993058,0.0972317160356519,4505169.39409575,1094865.4412231625,22.642960508765,85.79519454023364,0
2026-02-03 21:22:06.812200,2.278002430519764,1.126642598933369,-4.89496613611702,-3.2150007909326934,97.91097051855678,-4.0940481904110975,-4.830345729943544,2086979.2536885948,1.2471067899670225,-4.157949271352808,-1.0733627575115718,1.2638315275224576,-3.687465829556757,79.62586744153141,2957758.504366111,0.3378580935577249,3.3422104680436373,3.217426938710936,4.929539043949709,3.20699726944603,1520950.1418080444,4678885.518044943,66.99231956833526,59.32044780562592,1
2026-02-03 22:22:06.812200,-2.151595056225324,-2.4175561170104167,2.0557517251568846,1.8324802828964584,16.0071634954573,-0.8897892473445426,4.174858431319903,4157171.393278742,-2.5033104725976987,4.919627472386432,2.3502518618982338,4.192080310537252,0.1516702838658883,16.372895787917095,2514813.422324637,-3.696820119087091,-2.383286333624936,-1.0631811400938718,0.1624782320006046,-1.2004004774024746,1076173.637097167,1319156.4945360017,48.0714056484356,39.13780933637469,1
2026-02-03 23:22:06.812200,-1.0963981612051723,3.658801158675056,3.942291265648549,3.435021301493045,94.95227235995354,3.34998754900932,-1.1868256919548852,4247861.016805605,0.3181727740336179,0.8303007483829629,-0.8151933970376288,3.7008604600806825,-4.559926108654226,76.37111601412425,4359115.571054795,4.253547677114174,-2.535556753155497,2.463316524999797,3.8855153501619903,1.0374613155525505,4649306.302493592,2902233.470532625,82.9848005574495,38.02185463373987,1
2026-02-04 00:22:06.812200,-4.6311305264546725,-0.4086424376173871,4.252483174156659,-0.0282523599157267,46.15574744197899,4.07611002556555,-2.094954943285796,2231183.3267229823,-2.367526534819888,-2.059325378232222,1.1010792203623463,-0.7622988006907665,4.902851705849413,29.94231248031066,4372579.460118981,-1.5437296296384106,-4.330089056041524,-3.0812681559549846,-3.462506878970819,-0.5151477199736618,3929818.516534919,2671878.174346108,49.88510237442743,88.86932147847983,0
2026-02-04 01:22:06.812200,1.0956433397989684,4.800325752854771,-3.1942465487266647,1.1784724020121384,0.9331619827093296,2.140326444668564,-0.300117318420634,4655153.775493037,-4.9934660923870045,-2.8968144371420634,-0.1182232468918602,-1.5786739988810503,1.113416562477262,10.015499750676693,3576852.063958472,3.077023690440569,-4.718086595527779,-4.38783341856428,4.2172666945166135,4.806482195640495,4732452.884674612,4771650.845567025,21.50852287850928,24.02271663955453,1
2026-02-04 02:22:06.812200,4.692901603611707,4.529411001661537,-2.8192104297394995,-3.3091361527936782,68.50842923242936,-3.5988961664549866,-1.0567493482196015,3135328.550101308,1.7665154449392864,-4.733871321105232,-2.436147855556754,-2.447237493374318,1.0444968661528535,80.94868034269179,3282541.30874173,2.6105100258278755,-4.9244487359248925,2.01513302923107,4.835682569673589,-2.87949073618598,3306993.3011043067,2353827.187149896,18.8716070727942,75.10808365852431,0
2026-02-04 03:22:06.812200,0.0267902322886151,-0.0738190600713037,0.6794523055262944,3.689049844787181,24.667886452162303,1.079052140907038,3.901411373960146,4811260.068010025,3.706690341255177,2.653633638580408,-3.668178743324766,4.615507321375663,-1.2902628740783095,27.17175988981797,3602897.537335201,-2.536517527576981,-2.552549203630728,0.909160928272268,2.57469050723103,-1.497276293306724,3628790.646560249,3886047.119373695,27.18607267259158,28.021640699057105,0
2026-02-04 04:22:06.812200,0.0258861961515565,-2.5719350834633663,4.70578973558647,-3.1433455482569634,80.55008986513462,-1.3573071496735667,2.4357214319849665,4307894.455297308,2.1082703454633847,-3.944993419962983,-1.947757974902652,-4.616069583615799,-2.654286541542582,56.39468851084768,3007347.4766810043,3.3886907693398607,-0.1326632395270641,3.939406107594925,-2.376088290960676,4.91113576339553,1929639.567702901,3155788.1705041653,19.49565392810435,76.77369601203635,0
2026-02-04 05:22:06.812200,-4.485212487500107,-1.712483897124918,4.154882975880419,0.7060974663882966,72.64617151130048,-1.9062728213721791,2.0772135026752743,2306970.1681201635,2.925948132091348,-2.469736590797468,-2.386669821146162,-0.5514756717245914,2.721520276158381,81.59557894152066,4467285.942753957,-4.367465911013204,3.814858195889105,4.892166834205861,2.317052727231516,-0.4781706063989208,2756116.975921792,1352506.278002231,16.970523915524495,5.31206241990011,1
2026-02-04 06:22:06.812200,0.5486960905522436,-1.8986064750078817,4.7315166475057095,-1.51587515118508,20.160207559531223,2.737747348780112,2.854688515002387,3219473.889354382,-0.6857664855707146,-1.0402341240228117,-4.543958177006683,3.7058188372327936,-3.820798863963305,1.759583233547109,2492705.3305713376,4.301055389992986,0.44544809860664,4.429199644906599,2.129151907518033,-4.88616598945972,3303531.551099357,1078475.8510885504,73.97618147197619,55.97740687651073,0
2026-02-04 07:22:06.812200,-2.213535357633885,1.3340085431672577,-4.660540214142012,-4.696129403031631,99.18099513493634,3.237903842212948,-4.3779677383529725,2417699.795172219,1.2732893509067802,3.655623831722036,-0.8090052708291475,-0.1095159955071682,-3.2953748841835795,37.83156071652595,4575892.229850018,-3.682904647936449,-0.8408634570249056,-3.3317029504973714,2.091807037944047,-3.6648444864718046,1179524.0658908722,4385272.051123494,71.84601783231668,79.55818365422829,1
2026-02-04 08:22:06.812200,-3.2386100703938907,-2.165460047350329,-4.836794556333409,-3.048364294646776,80.1538586161579,-2.204107309174052,-3.981101879597989,4711696.683711538,-4.497252016041164,1.622098660599486,-4.268314236541376,4.06791427665945,4.663803804590676,51.63008310486433,1491339.579372926,-1.275316473107771,-2.655355860048098,-4.148616877353421,-2.9608629020125163,1.123059996341867,3949517.98501066,4439561.7488998985,75.2753130969112,85.1865131063993,1
2026-02-04 09:22:06.812200,4.082658859666537,-2.598543812218069,1.9742026724683992,4.309486955069778,9.917809958721593,4.550605114849889,-3.526969557210297,3022536.613687836,2.5026576393884223,-3.971574078425233,0.9929928700638868,-1.483501276580946,-1.1548418629373347,8.839696714675839,4679170.287117746,3.5874496852958018,2.20333369165993,-4.5331518010072624,-2.9966017890355765,-4.520422675630123,4680455.253290515,3929203.082432724,77.0089031254082,41.70552362327056,1
2026-02-04 10:22:06.812200,4.405530693481133,1.1360297869516118,4.766665432928014,-0.0293691554926621,80.86856468533237,-4.733119095236225,4.552395605809747,2322128.096146184,4.259147874624456,-0.2295942720542174,3.1450216169508147,2.6559173675938226,4.160641010324019,49.23235040491043,1237795.8258349944,-0.3403019220631345,-0.5542878153906992,-0.7365482684973053,0.201786171523828,3.5209373516495845,1857604.7059501857,1726767.0613718724,82.50991613414354,89.44467849617271,1
2026-02-04 11:22:06.812200,0.646283150829732,-4.402146752561845,-1.0994191235851696,1.1646237363915706,74.53907660444213,-2.6027375809901963,-4.912999657508864,3158217.6985209417,4.900065588643722,1.7433190226790372,-0.992323583265381,-1.3807869165010973,4.650388797922894,99.5007086655784,4921076.774236339,0.0164869809185569,-0.1527256328684173,0.9810944241995572,-4.220220168479036,-4.370427712563356,3889558.2992778025,2531269.898831109,4.026701566291763,24.53738210334368,1
2026-02-04 12:22:06.812200,-2.604381093330276,-4.241366718913361,-2.026509926274493,1.895267510315612,40.14943158612883,3.2119828255022647,-4.921584092280832,4764483.250134693,-3.479514325755082,-3.740448036206417,0.1370785521530484,4.095484730121385,-1.5304104962241416,34.22255247789045,1379396.7730126244,1.3378328474728765,4.182850353799578,2.7953168182393293,-2.889933082924739,2.7540951459249463,2881184.8907663,3443786.102810613,46.23284974592826,22.911661391139905,1
2026-02-04 13:22:06.812200,-4.185001618204851,-3.906995786102802,2.597977384381396,2.0444841434292824,66.64743060295716,-4.3285337001093165,0.4805208210925832,1054779.444143507,1.5960350954346816,3.023838146391092,-2.907233372274366,-2.790430662786336,-1.398713564880902,10.124971438808744,4295926.780007387,-0.7930546671309426,-1.5026039344691076,2.1834046896085715,1.63878464175623,1.039305157715862,2433480.23594994,1655849.821924889,28.63191973192268,78.14120725217703,0
2026-02-04 14:22:06.812200,-3.551051279087769,-3.711202780893508,4.243961953765304,1.7651338577724651,80.00709686991596,-4.984348948085271,1.3092179022916337,4505277.732569246,-0.4167640541242452,4.791515551006157,-2.118154740404705,0.6895548328185077,-0.6819290489222274,98.138333424128,3176504.0078524034,-2.4679883663002333,-0.919595383971834,-2.474139933152758,1.8829299842725504,0.7068317507197861,1115986.977343792,4281171.842436709,71.40870226850174,23.179027761657967,1
2026-02-04 15:22:06.812200,-0.6729263679063172,2.223969825180089,2.963771535412837,2.8616863842419176,91.52035426643464,1.932211228160869,-0.3830057754650913,1161912.7240367904,-1.7014005681037236,-1.4968791337996832,0.2042426299073554,-1.546524851203932,-2.1769186768235604,48.1228080148986,2976535.662757389,0.7741356423863356,3.756801802715714,1.6630927076306383,-2.0206370748060483,1.4463027999152342,2055928.804925276,2097182.667858604,59.57672385214873,50.32160469359697,1
2026-02-04 16:22:06.812200,-0.1054723972243696,-3.719541610422276,4.710582451653679,-2.8432484760228283,20.403563462889885,1.36401370183407,-0.5232657458958165,1410271.850334359,-1.487806126512191,1.7383889827000465,-4.935356422102895,2.6217458718164464,2.8177982592872635,62.96835952592029,3962038.0848732735,0.5529582532818136,-3.087226289626029,3.2964380535292843,-2.802772498896031,2.6070480604389505,3759284.285315048,2616439.3909718283,73.59353919374455,90.13999412292333,1
2026-02-04 17:22:06.812200,-1.830418920486868,0.1404156264252098,1.548078267614119,4.776093039942158,56.51091112244859,0.0755744806327935,2.8146463466249707,1461381.4441373236,-4.168809931443104,4.253507766287504,2.4278172055860416,4.612570601165045,-0.9421193640528176,26.45160577673811,3534832.0256842286,0.7208638468756292,0.919552254293908,-4.294000837482703,-4.738077920778014,-0.0096574995745937,1154914.460868518,2136278.2649905006,17.527204780138376,3.3203379253184986,0
2026-02-04 18:22:06.812200,4.856504541106007,-3.4809730648770563,4.4426648911343385,1.5888547023265716,55.50849493022862,-4.488646185578993,-3.6572514909772447,2570922.973085665,-4.062234737429835,3.4688722442895283,-0.0376077809918609,3.118067183508863,-0.1582696783659258,41.61609464061578,4027707.380508056,0.2757962242535043,0.1711793085691946,2.039366670345154,-0.6132830319695115,-3.5013720111344835,2927349.014305033,1886004.203415411,13.82755276778086,83.3916600461037,1
2026-02-04 19:22:06.812200,4.865602410271809,-2.0668599781580177,-0.0400868267876107,1.7172399219118109,24.285185753260244,-1.1689327982377613,4.54679744981572,2447188.207646084,3.1122305102416776,0.7983571489038817,-4.494979439320024,-0.1014612563590306,-2.040952237970298,99.0278922399401,3133926.1749974657,4.203223077316271,-2.55657648389256,2.093677318595096,-0.5739549939150533,-0.5549649756541793,3089950.838865224,1038426.891723184,87.26521533446613,47.94637698121769,1
2026-02-04 20:22:06.812200,-2.579447284884996,-3.611728273505898,-0.257857833425362,-1.0613559434584152,73.30712960296748,-2.423927796662781,4.579341210567705,3213484.7589990874,-0.1386951478507594,-1.7567062264848197,-2.143740114377569,-1.5815095808274182,2.940144502659628,16.653851349727,3426864.807880016,1.5543597844066124,4.080836870598544,4.456735370508046,2.820018255939414,0.7182877118269095,1497381.269769643,3048093.5564350374,96.61780248345369,55.35308853571833,0
2026-02-04 21:22:06.812200,0.4060118838669599,3.732526847020088,3.210477593761798,5.079566280472329,71.28456558717382,-5.021831176102716,-0.1557666939653012,1186512.5917183994,1.6027477674762551,-3.5541595753352,3.687075197955798,4.175009451032923,-5.096600731824857,2.800073902515809,1255501.597977913,-2.334523398698796,2.465460962288452,1.068495884863384,-2.282366817068966,-2.456133663165452,2370901.0831120014,4036381.023501198,83.65841321725453,7.084703512144649,1
2026-02-04 22:22:06.812200,1.721355474058786,1.4087474480321465,3.620426509893134,1.5123297704149206,61.5985450260179,-4.404752996522284,0.2965972394561991,3012529.89020616,4.207396503426354,1.7648374952060442,2.346083007105351,-0.6630566867961996,0.7648890313986589,98.61767972836948,1667149.3407346967,-2.668124455783837,3.0437441413770063,-0.9107276424332796,2.839525180978409,-2.4635752565862443,1857087.2372410384,3195367.022373895,82.1031947096431,61.61108004157211,1
2026-02-04 23:22:06.812200,2.616196153287176,-3.181199156008552,3.445493985350703,-3.934069696920093,18.802473461541613,1.0379545294938772,-2.581067058871108,1775452.2717475707,-4.599408809493055,0.9424182730859716,-4.760537347295165,3.484717744062646,-1.5793056534244467,82.08490092631287,4189682.215766657,3.644029871943976,-4.341701566368462,1.619698394506342,-0.4673822747414036,-2.719381830999801,1257962.721823385,3153305.488039648,20.44834611958235,47.4325570550291,0
2026-02-05 00:22:06.812200,-3.73896138622082,5.094075875707148,0.924053170392828,-0.7372737970460149,3.7469837394435737,-1.9314532101318,-2.9271875494161854,3634806.59111831,-2.801585046484888,3.681538281314418,-3.297753389498705,-3.351983410871432,-2.995795770293219,30.47730181879709,2437324.5541342283,-1.4302201028902206,-4.499079547593945,4.098987006274603,3.324974042423302,-2.9732911585349533,3437178.988511324,1825781.3928197068,72.4308785771848,62.74786767270565,0
2026-02-05 01:22:06.812200,-4.4509692905944815,4.728754255927389,-4.160745539571991,4.72930889289258,39.42887763438343,2.471720222062638,2.0601435012837794,3425208.68989751,-4.392305028738568,-3.9572225162934895,0.0561841908054879,2.807619915140735,-0.256158903268897,14.552619365382476,3777752.514109956,2.564440947941608,-4.706703848902232,-0.2981076166129634,-2.993651131328392,2.69626448415229,2118150.1640843977,4873687.208995316,39.89804350557903,65.24128156139459,1
2026-02-05 02:22:06.812200,-2.623624560076004,-1.543327166761368,-1.808995267567444,1.5784530460303603,35.538456868573945,1.865899134926068,0.0060357115470752,4435267.084672619,-2.0853908650620614,1.03150120122947,0.8482781130579085,-1.367446483241897,3.099787436834724,28.14773024509194,3880445.334059783,-1.906314379199872,1.925728000775818,-0.3514521918672928,2.921899382752451,-4.884739859470147,3297174.1588342944,3260295.165920421,18.616503574607023,39.16665428788089,0
2026-02-05 03:22:06.812200,2.282163486118596,3.967884099060118,3.289154741506774,4.994137257706665,78.37917844853972,-3.855123619340949,1.796203327351078,3707763.1319873496,-2.9245906379429654,1.825324595377216,4.414742375060655,2.9393513345185127,-2.617103294469084,7.006869572118946,1344543.086196145,1.9413165397623688,0.7189752245895376,1.3058869730854354,3.3862179619805683,-3.696592764309281,3488117.9170080367,4794819.672956724,12.566114557958274,91.54768812183316,1
2026-02-05 04:22:06.812200,-2.2874778849860467,3.839091234411777,1.1928809048323266,-3.991027029624172,46.58702871983776,4.84700030993698,0.4501673503410504,1739354.0404261963,4.924686106617847,1.9384911886592489,-3.774890736724216,2.669013808046454,3.214572741846049,52.38782999645869,2547429.336962401,0.983973267836578,1.2431982776745003,-0.7376568381544255,4.528533600971,0.1311689955702091,2201360.571100271,3704488.427412506,72.52480470353407,49.361374236708926,1
2026-02-05 05:22:06.812200,-1.322168672807468,-0.2603835973712769,-4.629923652845074,-4.51787961139444,55.42265141320166,-1.1616111695502052,-4.237607820264355,4351633.499407214,-2.618533463343037,0.7535917312909852,-3.255907328885005,4.409923225744372,-2.7561702020020453,5.662555737755803,2855239.298697505,-4.838753536277851,4.074631763464256,-0.5040109399226269,1.5477575128426029,-1.9073188850030465,3022969.1934217773,4608982.4923849255,13.837856254191838,12.561270352030206,0
2026-02-05 06:22:06.812200,2.9231717216245943,0.0262462380132869,2.69122119972438,-1.7099829500687636,54.52479210255985,-3.55836129388358,-0.7491909333653461,2835197.7260202267,-3.74017545379628,3.170854121324179,-3.058181116130628,-3.7545682252985313,-0.6560764316323466,74.60840844686766,2735846.0305489167,4.206410334458872,-0.1505736849440014,-1.465585759733346,0.3991302738093417,-2.302438005588731,3017256.4928336386,2496896.133165753,71.67889291327036,5.407426354435307,0
2026-02-05 07:22:06.812200,-2.057027702529508,-0.0777177327087177,-4.491151929713029,4.382196268840562,78.2315054678459,-0.7740562532262308,-1.51491751502475,4389553.204789903,3.8053886440905935,3.9220517069314647,3.00242122792492,2.4587491523335223,1.9282928456751376,98.08753002839154,1723092.911020954,-3.467559157679527,1.1501670241957265,-0.9913590737115908,3.8867349237117614,0.0968470511144305,4696260.50672225,1088076.0047779328,23.40466475884277,80.00205806510058,0
2026-02-05 08:22:06.812200,1.3230583059357943,1.675577385210271,0.96269878482053,4.7717418422131725,0.5229613542912737,-0.4376349104445793,-2.25296184952108,4435057.117397889,4.084345518793754,-0.7093763069733408,-0.2835050924940461,1.2321037306800695,0.0450292405483576,12.037814950553384,1695909.5980872144,-1.2734287010585277,-3.775185831497028,-3.113677535759252,-2.7157414769157984,-3.8312123940906098,4268408.53201046,4502868.1462357575,74.81617990286962,41.8446789716228,1
2026-02-05 09:22:06.812200,1.3352971076089473,-3.2768012879837016,-2.6999116271229697,-0.930920392771294,76.09907600280938,-1.309469782390834,3.0696549088399365,3993423.414662959,-0.3193094576570985,-2.240773056194532,-4.085780081828618,2.4162728745188886,-2.391507540379111,58.07685836144216,2349908.182851888,-1.482901820411917,0.3403611320465662,0.0789741600338089,-2.259882196144525,4.858584404109376,4444035.285232054,4205667.243634509,46.96542569516235,34.45619079878753,1
2026-02-05 10:22:06.812200,3.552787593011893,3.0309315058528754,2.9529562399275915,-1.0830101411998965,35.97621422518856,0.3417485469247813,-2.446092591284766,1404750.230550662,-4.57739886301397,-2.3866805196597225,-1.947545256059502,4.566905686407701,-2.554547369550249,59.34710082591421,3241899.4237488485,1.586879336567997,-2.3275649453679583,4.086234778760821,-2.847811136661206,-3.819283174050686,2252633.200465869,3664360.4079491566,72.58059427246799,16.494479085065187,0
2026-02-05 11:22:06.812200,-2.4512682625274804,-3.482985168512723,4.923269842627954,1.9035931432846989,88.2712706863008,-2.3415071809101704,1.7407437825832035,2409838.201259703,-2.837657632430825,3.257321752153049,2.0393601405510577,-0.3418000240055761,-2.582288412599213,13.41780940146678,4631719.623277823,-1.6512113198148366,-2.9320396926614105,2.9204574159939605,1.3970218546262876,-4.928937508194529,4408304.420513649,2169631.436229438,83.51305650325716,78.71521086154036,1
2026-02-05 12:22:06.812200,0.357746840747585,-3.077109811913292,-3.794331142227212,3.707534503372592,3.531135494023907,-3.789749995148069,-0.4033512959733878,2756842.4049988696,-0.3370058706018124,2.68581330913202,1.2568191226135266,3.0509731204113493,-4.909129650487837,92.87634212054924,1072324.3688227418,0.4348442858301453,3.794626935118924,0.2858420143744231,-1.8515884459126464,-1.913673514760493,3462497.5867325063,4773712.429061141,78.29341727398672,49.81507202511484,1
2026-02-05 13:22:06.812200,0.9978443030438032,-1.2838224375864564,-4.768396434456232,3.1333713631807654,76.55615872495449,-2.0005356156224585,3.404792017614474,2179914.649285798,-4.732359157351247,-2.330484829713591,0.7186460704403294,-2.040858403439052,-3.4795432896839418,55.08936000268087,1779862.8989517584,-4.758691649937723,1.58842882053432,-0.9449157922522624,-1.161642481899183,0.9046905957275696,1284651.9716142104,3139308.6769027226,5.296260134017061,31.722734918165123,0
2026-02-05 14:22:06.812200,-4.097102299455917,-4.591313837335211,-4.230467983707909,2.823854840582735,74.57337827312321,-0.8105220981252454,0.465771420322949,3442187.0200616983,2.605756424552822,-2.737275699968138,0.5053168059622557,3.450396488966426,1.482975272988015,49.674342800598446,2601319.473643033,-4.272637382228036,-0.8997621325825698,3.10603848260161,-3.83195892266048,-3.696760532976718,1051025.918829722,1393978.566717613,74.62548943502054,45.76318745451751,0
2026-02-05 15:22:06.812200,3.35302495589238,-3.3106493692783543,1.962887758781397,0.6701626098666775,20.24805601652374,2.511780478084181,-0.6718399779053073,1641461.6244789723,-3.455077959950742,1.9235430615441416,-0.9263447578716768,-1.0494666214320405,0.1109382147239799,84.29454824561972,3199507.684624842,2.901313737261084,-0.1800508226713297,2.355207057935812,-2.268403796300549,-3.0091768717204226,3780918.622990943,2060493.045782958,60.46127135052216,51.88895316510814,0
2026-02-05 16:22:06.812200,1.3469382572637931,0.4177882639700852,-4.005042454437777,-1.957747805265065,10.61244693364402,-3.66485379071904,2.346328869604424,4575379.259252169,-0.3380013104954202,3.8648942167889855,0.0546025889796701,0.1408482979478321,1.9714955467709177,17.70499919682698,3130985.6894807788,-4.2824750816365045,3.289641270290169,-3.4177031578451227,-2.606209165932296,4.048005054061957,2544162.103898464,2198933.225395766,12.15704651314212,71.0145517473216,0
2026-02-05 17:22:06.812200,-1.7921993502826417,-2.2140966096804138,-1.6012503623193384,2.3844920925132653,95.80734801193802,-4.289923354667446,-4.561000573569949,3694581.669899631,-0.1273464589994919,-2.6666717735067333,0.2137702147374121,-4.487365408240018,-0.5448218550683883,44.58866198598079,3478330.371308347,-2.8221919823243145,-4.295393223330417,1.6379162394144409,-2.904807756874679,0.8770322834147652,2671996.8676814064,2980223.78261834,68.63666065786795,13.99189772269941,1
2026-02-05 18:22:06.812200,-3.519745914675684,-1.6566334123689297,-1.998059583348481,4.447663105335255,63.6580483890906,-1.1191867956608583,2.5664246432845816,2083442.5068720824,-3.399687792440208,4.150343326606233,1.7238176441518185,-1.726738804086373,0.2813415593425656,87.93070020295852,2944546.565938089,-4.181846846969739,2.479425634529432,-0.519919993849986,-1.8001510563930356,-2.805281641313048,1176068.4071197563,1756178.4534473384,18.31393927566621,2.9028301329404496,0
2026-02-05 19:22:06.812200,-1.5939802611148215,-2.384528147808161,-0.8091457839808383,3.6166761956132754,68.12068077852243,2.26427417328726,0.2115882025575767,3237351.181625549,1.0816614798120427,0.7700159208282918,-1.003059580357345,-4.532610415310035,-4.45576433726219,50.6076821458539,1792478.630694164,-2.1147744890165305,-2.304943834365547,-4.27200694522079,-2.68163939345298,-1.719083630599134,1064345.513542039,4195582.650249956,87.7813882065512,24.069021393492168,1
2026-02-05 20:22:06.812200,-3.134814896001457,-3.229895157232532,2.2476677152876148,3.78515561301348,36.79407513020845,-4.198199859180965,-3.3425022017984407,1717013.022957123,-0.7001478587894026,1.2533016995445392,3.965746584690102,-0.981237287632605,4.669685146183154,70.85835457678252,3653961.38051484,1.770378148820102,-2.218563595510892,-3.866129044474275,-0.4467125019139786,-4.3595647613521145,3262229.932905548,4386137.972493621,1.8355724379141791,51.31415015132771,1
2026-02-05 21:22:06.812200,-4.592248584452361,-4.112974662429444,-4.346436592010576,-0.9585967834896704,32.69316163380791,-1.452287081640158,-0.544583612581091,3775798.3620406273,0.9691069054665612,2.470782671290289,-3.0370569768893296,1.737562297840897,0.7119918396291371,73.18727372865008,4345165.25240984,3.0321212324409323,-1.7549335083105264,2.20616290663715,4.084375478722649,3.624341301411569,3596322.408075537,3020662.84609093,31.1777646805022,24.241881388721087,0
2026-02-05 22:22:06.812200,1.6423886497848583,-2.7294153932254264,1.797361604143878,4.5952880742202735,14.4809178914468,4.169110887452118,-4.79624561884292,3332021.70930983,-1.1094812875388291,2.0090555906646657,1.722189223754366,-1.5882115470618183,-2.5320260714651543,0.7707714421477485,1352208.5606568158,4.436497660585981,-0.4018624108779142,0.8092772550587297,3.6010500775432868,-0.5545536391152724,3526509.5082732183,4409765.881577537,97.73759904901078,12.028092101629602,1
2026-02-05 23:22:06.812200,3.2986831230646567,4.486347106339844,3.3388147641170707,-1.3852815975681076,2.117064444901612,0.99238266806229,-1.2209657159495595,2063274.284651211,0.0534005361496751,-1.6286454943927402,2.290523453562975,4.307934237879325,-4.765318593034626,16.159593943452172,2551861.424840178,4.271116812574324,0.8853834862020906,1.138436985842609,3.06864656908454,-0.3654978616304957,2668056.92160711,4088683.225668085,13.314013008986295,5.4939422715697495,0
2026-02-06 00:22:06.812200,0.9089294318824184,-3.793641288993992,-1.8470966216938969,-1.729668384367613,14.888805033244468,4.417257116189251,-2.9081453459207216,1918392.6430158743,4.995577032504386,-2.812861110934608,-4.774354882946527,-0.4964961421920719,3.634315777893845,17.396370590333866,1861851.62910292,0.6187695624151317,4.451224487448869,0.0030515635451475,-3.955196832460419,4.614996792371473,2400946.457308308,3992138.957366354,63.78221792594102,18.433134898819127,1
2026-02-06 01:22:06.812200,2.974127205557848,0.988665855317708,2.9368407738061006,-1.05367682878499,34.83983174844624,4.577657479628807,0.0689519539051382,1289350.4187733326,-3.152029697995816,3.7354313603383926,-1.6984923098408853,4.072074412855962,0.8215226719605054,34.01260897725548,2440517.602718094,-3.8825796738775855,1.15374997082301,0.6111673336239076,-3.0607372352882587,1.7246677529721852,2249480.7380150086,3685309.300435941,87.11004485840809,38.09223376382099,0
2026-02-06 02:22:06.812200,1.7756436184228246,-0.3922123196727423,0.3949129237533721,1.6759338556358472,30.560421549021488,1.6857264672291403,-4.500209713403213,1470205.20060088,2.694488940820471,-4.400566991386917,3.6166488469910094,2.4896315086039857,-3.6054976379483983,36.121605897581176,1481927.2897538715,2.408832067219855,-2.1733263945884094,3.940995361061592,2.202679239473956,-2.532525793326191,4668394.020687177,1555839.620995665,0.93449534862442,6.483421878619122,1
2026-02-06 03:22:06.812200,-1.806278239570068,1.3105766302277253,-0.1934673331798422,1.4919169228077982,48.268938371693736,1.5011428326402088,1.2215653599256238,1195826.0480178397,3.825759461560356,0.1600717803318092,3.713137564749922,-2.25128452611432,-4.434708137139684,82.46962829186764,4962878.564955366,1.3787180838169888,-0.1984624783799724,-2.375297832384041,-3.9523331057522815,3.0534052472354327,1515631.711341224,3379400.054124149,43.466793282158,15.067173269043982,1
2026-02-06 04:22:06.812200,-4.834121710721439,-2.936662815942075,2.907231648389636,3.078459419412585,87.66507618282006,1.7866995667256482,3.4364966405182376,1661137.9605718297,-1.021342969825728,-3.690262570058259,0.7711708238790651,-1.4301757053133612,0.6920646312942766,63.73021565380239,4406148.687591703,1.6186031221500556,-0.3913126473034802,4.198709341305428,1.8728300441312768,-0.4990473140914062,1535899.4669991247,2009655.2519062408,3.2976943682593407,76.26525587561409,0
2026-02-06 05:22:06.812200,-1.4070291218781283,3.5214285937063834,3.6691341931565415,-2.526144386089932,61.68173650167705,3.3285463431446733,-0.0724449595920027,2767619.178799628,-4.1703892093772845,-4.450468515086966,-3.093634028451864,-1.6762000304932263,-0.7081217494530766,54.93229180330848,1259107.5276440198,3.0030986744869828,0.3748621509998842,0.1297267673505445,-1.0185697895414585,-0.3200205303135031,4064085.302911249,2616714.6886392934,60.71563902615834,50.75190869410275,1
2026-02-06 06:22:06.812200,0.12093058299281,-1.3573013895192454,-1.8124749706793009,2.622851347766158,99.63343376272474,-1.3808000916213503,4.811925291641158,1007968.5408762812,3.2755305227404694,1.0599696727102543,3.906584554618425,1.347441411040295,3.6797962673090296,7.069660818436619,1626451.2595705995,-1.4447020284799237,1.7130442356427975,-4.448434093982145,-4.042458013366423,-4.778655489705029,3686047.22912415,3927104.3801506897,85.18879824703832,42.744192085656,1
2026-02-06 07:22:06.812200,-2.7350422480206205,0.034172708548569,1.2589137643700905,2.978136488586345,36.83095305068483,0.9366079120853844,2.9314287399673944,3874958.471414121,-3.292916366875198,3.4944640622573555,0.969452234131726,-3.1358019514602544,0.8310575727989802,36.15401877629566,4899040.325344781,3.0885853903356537,-3.378166275921226,3.206415603544788,4.225724049058,1.4071022472722152,1017438.3198263216,1658936.035550896,68.40248616920718,62.66436833117584,1
2026-02-06 08:22:06.812200,-3.866408750286433,-4.543335772930341,0.9968060616224756,1.5282793014209444,39.246093872623874,3.6725897460085375,-0.9352475004794738,3897123.038499819,-0.4015725588873554,-0.0756218311127021,2.898796189774393,-1.839676793822328,-4.838463674824606,67.14976060909832,1542782.28599693,0.2245042817171328,1.663107896951313,-1.0236803379907318,-0.0779818577558008,4.573872049429981,2399568.311328092,1085542.4811366687,19.43004392047245,3.2588372887917263,1
2026-02-06 09:22:06.812200,1.4517279040944988,1.9039482862936528,3.859777482361871,-0.6441668518706702,44.861063095454256,-4.898688159722566,3.53784921704667,3929604.196233517,-4.695363136910399,-4.550031787645756,3.1016108995970253,2.493694366449569,2.180141781270015,53.47994662811925,4370152.917594548,-2.0529863011447205,-0.1355761285812553,-4.623026095773294,0.684722021568196,-0.8607394194741111,4698604.421620723,2405423.738619707,26.536973312034394,72.75933433047433,1
2026-02-06 10:22:06.812200,0.4853210313560133,2.7661294373362404,-2.973608432421881,-1.891555245334236,100.2495781219364,1.261133643401022,-2.142562515975972,1072726.831801719,-0.1596004536471594,-0.5711907073553056,3.213103388559148,4.505586482814388,-2.264234533483963,45.11319721539813,1928204.882145831,2.575781954594829,-1.738935660115247,-1.446802089851939,3.5427286877237005,-0.7228088482633691,4802125.078155679,4336248.36573025,84.6014498405877,14.629494336023646,1
2026-02-06 11:22:06.812200,1.471312773469146,-0.5190117540518662,-2.0448201497815086,-1.0219567547087125,5.87458997518931,-2.238250564078202,-2.466289795940376,1664069.8059591074,2.438001129149347,-1.5633649764196245,4.238703919136319,-3.412580843195081,-3.030446743038796,76.30596227594742,1599014.714712662,-3.9676100111404105,2.300159203435838,4.83888231200529,-1.4453073468742197,-2.5093628949448488,2470234.2775584776,1833829.0506102424,76.42014988471924,20.97965992646474,1
2026-02-06 12:22:06.812200,-3.2563357099500854,-4.606878601589011,1.1586318818230454,3.178342161750216,72.2070938202737,1.360960464095422,-2.580228696829546,3059733.399653038,-2.9555162753572697,2.341512590416462,-0.7032663664485206,0.456959688130258,-1.2795643218779262,99.62244930446388,3003506.4235583963,0.7121291775151715,2.385390394759076,-1.3283037430497735,-1.3627447886431576,-2.299415338984443,1450016.532952366,2059465.0312542857,68.7962840118709,67.93166653135535,0
2026-02-06 13:22:06.812200,1.90937738102466,2.9941039890904264,-2.670405252463662,-3.7979094462939154,88.61957804650746,4.132869475762368,4.606269755131997,1645451.2042215348,-1.5958844388574036,-1.5868135404994788,2.498599312882688,-2.9593561145339944,-4.075504829629334,47.45335626224407,4925685.699688101,2.453977391415396,3.66855213027066,0.4229997562107908,2.5653858349530667,-2.9316288938339152,1379536.9205902985,2399446.7768899137,79.24566691392633,47.05007190896823,1
2026-02-06 14:22:06.812200,0.1250580138429642,-1.3584206457321342,-1.83030540265404,2.582122248686138,96.56235162681112,-1.43301231721324,4.720913414708968,1046189.5537000004,3.336517831934073,1.068302974186787,3.848061229678619,1.3516475677518878,3.6207412591003374,6.898196370723191,1613205.880825917,-1.4054906962460056,1.7242901174136855,-4.536921543768076,-3.931188675447437,-4.735246190765275,3611437.479318346,3990294.775400083,83.85233753270322,43.13785184322977,1
2026-02-06 15:22:06.812200,4.304997141795416,4.855935227520534,0.5820794478092007,1.8931527579622665,73.5564033930418,1.8408281128565391,1.859266658199272,3741722.967942817,1.7113863353115644,4.964372776024791,2.662390333592387,-4.470843255362185,-3.160019477442696,34.07351994557684,2887078.60727711,2.733424943572871,-3.947508523561239,3.426048100853603,-4.822622218205957,2.083635518602031,3203901.3997844784,1119719.142945585,32.14012429249522,8.31785773267461,0
2026-02-06 16:22:06.812200,-1.132646536994626,1.2790038949090778,-4.75599218443462,0.4448909796084956,59.304433418678414,1.1257346834481918,-3.0307429554657164,1334217.350042759,0.105807574595599,-0.214716300804775,4.13041466889856,-2.080888265021928,-0.4209970487292853,81.60567571143235,1389506.9164320168,-1.2104409018749245,1.262592746624267,-3.5189920137287256,-2.4263454159836595,1.5402307765876042,2332030.5322089773,3833296.196311881,30.679428311010128,38.78985289517298,0
2026-02-06 17:22:06.812200,-4.30125248780233,-0.2848470779318653,0.707209888327364,4.963136950460294,35.058764370776856,-0.0338279495963303,2.537567381645245,3648392.211574576,4.188912116811389,4.128369870884481,-2.6397352302909174,-0.6828446136089903,-1.789068708853369,55.83500122267243,4541872.522921803,-2.802186967901921,4.816190216111636,4.383193448047929,-4.870945868345435,-4.17302350524791,3640145.600928026,3062789.774270614,46.509181574814974,84.93824937124549,0
2026-02-06 18:22:06.812200,4.367299887367345,-4.182409680511281,3.700988739009299,-4.942413395018784,39.15256981778293,3.7369859346634513,4.514298103618323,1076515.865749148,1.1512914054119978,4.288595498455656,0.7212296372220628,2.4860870858183235,-1.0552060916114248,43.206728506661776,2212263.0447004065,-1.9723239238257493,1.6905351531694794,2.463138125690768,1.935098370463204,-0.8378296896768553,2494265.1441563223,2471388.724571204,3.603737749918745,37.59599096406637,0
2026-02-06 19:22:06.812200,-3.624790558540068,3.735786241067773,-4.787305891496128,-1.7541417009972973,41.262184084862376,2.2397305546609383,4.94819293965951,1662992.7078608829,4.106057172144217,-1.6802849526415455,-3.1921484943762044,-0.1739876433847929,3.6706018237894735,79.6390722619709,3552897.6601624456,-0.4065398982717729,-3.7371652741543104,-4.916452958278614,-4.602887924277528,-3.20340710970088,1857200.2892915143,3221053.2904317607,93.27791246877344,64.00487969300563,1
2026-02-06 20:22:06.812200,-2.4319778915427808,-4.655681584616962,-3.620650110432416,4.406720710062969,32.5682339169267,-2.9853458966186044,-4.6042608680242525,4270158.026209277,-4.5641873213184745,-0.8541693838196941,1.2760392826499904,-2.0994015047652503,-3.482511055429673,14.22542270530196,2936617.8035196504,-4.696082162723288,3.503445579496276,4.069908681606601,2.7487546990942926,2.470217196067167,2727451.68318266,4377572.839054249,4.01857786226834,16.587975712404354,0
2026-02-06 21:22:06.812200,0.3954515968414183,3.089845208676117,1.3535525586672985,2.961631051686737,50.66043168468143,2.958361006474113,2.274231920030064,1790523.5678143532,-4.643245835083541,-0.0189644317731423,-0.2419074579453798,-4.432575178915563,1.4450612466429322,37.61285406298228,3986184.441511286,-2.810897141608842,1.7337321191533646,1.897553412574596,4.719490331226121,3.917175737154636,3950318.099142841,1868796.8309013008,27.207599810925004,23.37066338820327,1
2026-02-06 22:22:06.812200,-1.589336489497415,4.208724005318132,3.747016726841995,-1.335384651286021,69.56181464968068,-3.7944158359630977,2.117228057460487,4563422.139932587,0.0985400955045765,-0.3466306606051397,-2.3120238496980186,-2.8396855960692777,-2.5600469764752773,59.54148016201084,2400027.473892715,3.179634943491536,4.4577649724634725,-3.314009515659632,3.3940803760927203,1.8910908148682408,3340486.6437084987,1399727.5082176386,34.51798382956305,49.47943549418734,1
2026-02-06 23:22:06.812200,-3.865264787594109,-4.389220401451363,0.2893713402721198,-1.038273083907446,0.3218263604278681,4.024533072858418,4.81143731791822,1966147.3668067271,0.0127564462572937,-4.863175852393189,-3.0135542310259424,4.672711903702977,4.66734227535108,88.65954415023984,4713490.207923167,4.299217631456648,-3.674259225155176,0.8079682985347567,-0.5182915297868149,0.6507228303669361,2771656.392167854,4220070.772938511,10.648176328470637,84.91322479885106,1
2026-02-07 00:22:06.812200,2.8138964201370986,-3.81975520813272,-2.968683585611166,0.5679774087916307,31.74894118530285,4.8457818461780535,1.6814917155765006,3842048.192220788,1.2378011048566944,2.5787520583417725,-0.1707329683408912,-3.305973447581948,0.8172275514938093,23.451934888100908,3946870.875980183,-1.6837315014902712,-2.023347825527218,-3.0050341157700595,-0.7897544737086307,4.864281660594717,3983220.9950941214,4693525.12373845,36.91090042924591,0.5517085975381224,0
2026-02-07 01:22:06.812200,4.246936182785628,-2.2312235185279627,4.390676985128962,1.9546720668986224,61.95893374598407,-4.335561556442251,0.6953977956710364,2417085.3088688627,-4.497569901770179,-4.184012799951616,-2.531429724042671,2.15125019816888,4.581381198044962,41.09425523501099,1262504.3527112703,0.4508341285989017,2.746729371817983,2.143875620372924,1.3669291435794175,3.586720549294961,1136702.3561643497,2479554.5025924994,49.18568713931474,87.47019843267121,1
2026-02-07 02:22:06.812200,3.97178409166124,0.3204009167797162,-1.4421333613623486,-1.6043360179901558,50.19737810100393,-0.7322442768907049,-0.2267600102697066,3747183.0543073686,2.936496876881813,-4.104118648172588,1.7125413736367014,3.494867399029874,-0.085857859651998,88.09511802766146,4881564.899753072,-0.7207297970092535,-1.82368984834234,3.789305491367311,0.2451680595032539,2.995693070794019,1305558.9237691804,3869801.588633376,96.79746047250984,32.96274174687497,1
2026-02-07 03:22:06.812200,3.773393533809809,3.0620127979306133,2.9878323577366537,-1.1144189872965429,35.54930104413574,0.3396747254776375,-2.404582168239097,1421381.9379253327,-4.6508844734377615,-2.41408408865216,-1.9358455064896365,4.571348325397961,-2.523683569285613,60.43044198214788,3197647.328243858,1.6146620532365183,-2.351836782216812,4.166431026939161,-2.787621801933163,-3.825241011235071,2278608.2490212023,3594136.636133369,76.84677956641337,17.056037800651847,0
2026-02-07 04:22:06.812200,2.0420550219007088,-0.9018256615378368,3.458755455113196,-0.0317833328295814,2.144086976258436,-1.5697415246511577,3.182105967046084,3322246.810994403,-0.6951600492998883,2.238382053801049,1.4416845053607403,-1.7014321329398134,0.6953107754622657,99.05040657867998,3027456.3257792187,-0.3465479483832069,1.6197152221853417,0.285461131947984,2.383031124629226,1.6027582554571298,3628712.3192537487,1409414.035758972,57.63027755099522,83.68284994797273,0
2026-02-07 05:22:06.812200,0.6858398899483075,-2.201183621954284,1.4753557201126015,-2.136854855733406,41.48928216379114,-3.441803060272948,1.6348341086480085,2890006.012410737,1.809631072981235,2.3770006376528467,1.7550778889301293,2.802436358668052,-2.779781280353352,84.00355537172872,3165974.304659199,1.848302635471664,-0.8861274710731314,-1.820827857628041,-3.115866067857836,-4.0877454825183,1177090.4633898227,4335068.19240153,50.63793393306459,67.54626287971239,0
2026-02-07 06:22:06.812200,-2.420583722848444,2.4825969038365834,4.979341105333376,-0.513063773774693,79.41973312770843,-3.578628762065424,-0.6300411433437914,1889445.2189926808,0.5115996191637207,-4.721477591789256,0.5513378675318847,-0.7289495463965681,-1.5194804452267952,63.00186806188274,3363465.069580458,4.032736222389142,4.335931437012516,2.0549665193462383,1.7707371265844791,2.856666019444561,4241731.654292682,3901558.4066473306,22.16473146175592,13.623365154572564,1
2026-02-07 07:22:06.812200,-0.7129959221761106,-2.3707096692101635,-3.994861285539332,1.0152098733494015,74.18868688434107,-4.742924515367633,-2.733035051827012,4477325.3904697215,-4.272627190985481,-4.082334186292464,2.450373215664168,0.3178145113303756,2.9604208049366245,51.38572506024042,1719990.1756622058,3.891366257662938,-2.476890673451881,-1.6330818625344992,1.0793631126861387,1.5590211153619038,4121366.425690685,2272710.558792185,60.65334734375113,25.11967295472389,0
2026-02-07 08:22:06.812200,1.59984046034179,-3.1547898064362268,-1.4928818454828985,-2.624558691256725,9.299063982313216,-4.882933892690959,0.9356093537878598,3076898.2831208203,-0.6182138675165554,1.3137532604825095,0.8799162946383277,-0.2489965930827953,3.9555574087388496,41.73829418004733,3610912.495108896,-4.014531485870576,2.1995953936947954,1.7177927025486597,2.722402758932766,1.7351678681725904,3758806.1394474735,1838643.6884468016,26.949005013336336,63.04009260359995,1
2026-02-07 09:22:06.812200,3.172222002012159,-2.906506766632897,2.671882889311269,-1.2674820837065992,58.82022669483905,-0.77965739872361,-4.26918437972985,3431010.7323826104,3.391803949802986,-0.7360164319837743,-0.735002527581389,3.979552161850192,4.666222208961075,14.431204368748151,2022664.8933272576,-2.6792142213383494,2.538137129783689,-1.056588536493357,-0.2678681311560122,-3.849890631719022,3899483.4143195217,4538699.9398134,24.27149867985832,30.12257480622794,0
2026-02-07 10:22:06.812200,-3.2401059943272177,-3.2583878736750527,2.2774176604167296,3.729130615782164,36.96552579201976,-3.959004650875341,-3.28271828936046,1680890.5403257569,-0.68726837555066,1.279742230189887,4.012430310650784,-0.9696502785866832,4.855371535930445,72.83313335291808,3630129.135018725,1.742125841358277,-2.1693975506247907,-3.7445166701305577,-0.4521498986904388,-4.362359862305513,3170140.86135067,4297510.932374704,1.8483093296451352,49.98385678119284,1
2026-02-07 11:22:06.812200,0.5520081159946235,-1.29527897208618,-0.9806908639075784,-2.727303727368485,48.09728898861238,-2.0495929234584374,1.2234326461724612,1981409.256664844,-3.393204152881548,0.4814520272802198,1.154207798208354,0.2504934024538467,-0.5656089716395591,9.355940691233556,2458265.7100794576,2.089000062515824,-2.8094082694011666,-4.987155744731986,1.1772692406179432,1.948207298717208,3792467.6963340943,3464897.006427812,99.16730528316782,1.857071876509886,0
2026-02-07 12:22:06.812200,1.5246997171834948,1.792577157188999,-0.8180950941629996,3.949415579250307,59.693735422750734,1.0393552329942275,1.343275358528282,1898075.2640039755,2.8094169303326373,4.574002373823465,3.732325670507396,-1.7122938558995289,1.689821059216903,23.664407102319537,2879254.849866611,-5.009549015752265,-1.2369381723464168,1.3056359787523422,-4.583222844670721,1.4945064618017727,4546684.496828737,4550526.611513326,65.41924204448384,31.365195681800063,1
2026-02-07 13:22:06.812200,0.2965057835600646,-0.1547701480897867,-0.2012437969609113,-4.268040762315564,64.23255259052274,-0.1399950620239698,4.811778367622946,1230928.6369004687,-4.750283378829504,-3.2535281410367043,-4.1842507438863406,2.0727891190566714,-1.7900295435910216,1.66715505996331,4374722.118659911,3.2374446191229964,-0.5696002336483916,-3.798407412643781,-0.4367407617760142,-0.5845271112016963,2243892.085532133,2714900.567005926,19.74037337305425,88.86426693629551,1
2026-02-07 14:22:06.812200,0.4771807228336635,1.2536472770590863,2.6332587630847986,2.285739038220418,6.604925242897452,-2.6259465465334166,-2.896015882915788,4352150.324076257,4.594648402984956,0.8290645695071056,-3.3054494793912035,-3.4741605503618174,3.5324090975039497,25.53784908895233,3484117.3937020106,3.808657057307292,-2.6366908716327155,1.4774720571804965,1.4303565735609554,1.0776292034605348,1495465.646821413,3733238.674472177,75.03914833096998,41.14248280292777,1
2026-02-07 15:22:06.812200,-2.581477090995483,1.1825477153029595,1.2750546321837009,1.0344859338137793,6.485359448296835,0.7719988673455083,-3.098923502162724,2564131.4765095944,-0.5096123206987411,-2.040679705633839,-4.1221176294184,-2.4782712250447005,0.2609401325154206,87.35342642452146,1779771.0758806393,3.570290283305779,1.178131945892864,0.3455454475603918,3.940913692578455,4.449847855558431,1398655.6883071037,1729340.734312878,57.5520216966124,22.690076724380827,0
2026-02-07 16:22:06.812200,-2.064242322610564,0.5584558850104864,3.961001903103024,-2.911838575344904,77.93294588649815,4.066618131199866,3.710144924088233,1247685.268226646,-3.442039151988036,-1.0891224429227608,-3.025769911619202,-1.196053347753702,1.8605876904841687,63.03316352474968,2011792.81460632,-2.156291277938983,-0.4499660763480624,1.9246925937801127,-1.9013139528553369,-2.4586608312421387,2057684.5738311613,4598352.741157017,63.8501223087659,1.1388726997429333,0
2026-02-07 17:22:06.812200,-1.4602845023878877,0.7118898500670341,2.5848135295586743,-2.7315198697410423,75.64807060042205,-3.923204616992635,-2.3513402439135622,4022495.423925898,1.881079691923968,4.4192336946597015,-2.2574301847948446,1.3204531241260766,-2.4191267164743704,1.3744788111057615,5009245.690215454,-1.7312585603943067,2.1657840653232627,-3.764109404927493,4.552274120568783,0.4302794810081365,2383488.554234707,4812677.366844512,2.301408725871512,79.31232174529852,0
2026-02-07 18:22:06.812200,-4.068972321941008,-1.310863604302276,3.736771141863388,1.6821279855501627,57.99837874281313,-4.562609276910527,2.925951162883833,1936813.4837053367,-2.625214432477425,1.638244748527251,-3.2817053964234155,-0.5327353129735943,1.8776920636573475,23.64749122386945,4307471.388693448,-0.8489282314506745,2.699736182066009,1.7512988584441969,-0.0213081948568083,-3.583886493821007,2089868.736132384,4769203.751604827,92.52646416569644,92.92806516858091,0
2026-02-07 19:22:06.812200,-1.3839793319728688,1.218893642357893,-2.550085132100502,-0.5593779904990348,29.99903332995167,2.054476845669599,3.14222151888881,1973959.434043023,2.824621074454507,0.5623080516697674,2.893751946442288,3.907367123842093,3.598228929190324,93.2463628938363,3951160.177606629,2.4662048842872126,-2.6210707204904446,0.0019846408134574,-0.7726417821747733,0.3968077383291837,4767512.995214457,2504113.8007599576,35.89737020075517,40.91484023377355,0
2026-02-07 20:22:06.812200,3.972157579533267,-0.3746528386685206,4.840834691992951,1.1949034600961452,56.14845879595237,-3.769967048762544,4.078987937796194,1878215.692919208,-4.503856266611626,4.653027236303998,0.1807749804034477,-3.765501341896449,-2.265254846250202,21.150674928176805,3250621.6916109696,-4.106600977081332,-3.960406240876104,-0.8255171610353749,3.418087090288189,1.4283339081573798,4327141.200740637,4020272.816526501,14.689656887777923,71.74344508782536,0
2026-02-07 21:22:06.812200,4.004180571633304,2.474709381337565,2.6827341386451824,-0.3650595619942764,56.06600944161709,0.5864239645042533,4.437015928202207,4839451.210853821,2.2459828684762897,-4.495832263977908,-2.8600532130168643,-2.9401996412303832,2.364731746190728,73.60354004260655,4048750.044776328,-0.6221852270038006,4.623653164545283,2.306790115283902,3.013520582702485,-1.1801995453705407,4921883.191132285,1832098.250932996,97.08541978677002,76.26534899114843,1
2026-02-07 22:22:06.812200,2.720176864691012,-3.497997269491868,-2.2628871720397865,3.650108492026384,62.82026669935941,0.2195241163124283,-2.3479753369327185,4529972.709019532,3.013454313506391,4.13526003836579,-3.97776918252881,-3.200363645675967,-2.277262005280301,66.09922146558297,1614929.1003827297,-2.2911359693402136,1.6998839906991956,-1.1951074550438836,0.7761117836075626,-0.3787773798416948,1942958.8870717,1291006.7626238258,49.41562440179029,27.45215383876636,1
2026-02-07 23:22:06.812200,4.402279482214336,-2.74529127640218,-4.334830747474459,4.554689594481302,87.29392465202851,-0.9473877525590858,3.292725086497352,2379278.9074957604,-0.8035220563676623,-2.255812908932997,-4.407532138835395,-1.161385078940924,3.498496478237888,52.23379531897992,2938112.282361168,4.333294758798727,2.469020948635489,0.4911102512333956,0.5314684937389804,-0.6592353018970454,4597001.198593546,1346849.723239533,56.81115458208731,16.861909200601634,1
2026-02-08 00:22:06.812200,1.3310145727326796,-4.6331679710940215,-0.8223321783266622,-1.202142198207702,60.34876665964548,-1.5683264682734177,4.601356044054473,3465201.943702896,-3.884070000427525,3.9038432085526615,-2.167155965074227,-4.990565847323689,-4.48342642885359,32.00161130873917,3854429.465053886,-2.692654097929462,3.90220670554556,0.2186229533217876,-0.8949517865164349,4.568146705908777,2975388.058966245,2350843.0988968983,94.74772343956246,20.14614957931604,1
2026-02-08 01:22:06.812200,-1.609702089512993,-2.4756305565597927,-0.7864299772292984,3.633336495718252,67.64679372263622,2.2917348754944804,0.2145963872147192,3227513.772688384,1.0831950000777173,0.7688120131120844,-0.9968716382700596,-4.6073494835133975,-4.507055072355835,50.60446924118366,1830045.981539516,-2.0880354500337583,-2.2965140950441567,-4.258238044056878,-2.69915508142525,-1.7002510470972352,1038801.4196921688,4238697.032352293,88.45719870582626,23.419442561681294,1
2026-02-08 02:22:06.812200,-0.1045683641081221,-3.7172439767724073,4.833928603817997,-2.814496275789628,20.25286653036324,1.3939697308773416,-0.5448387369551452,1404146.9044682188,-1.487035439993052,1.725043161516829,-4.956140593895523,2.5907174357018907,2.867444086113922,60.497209755333806,4082349.705736155,0.5511990715676363,-3.151820024223968,3.3074864236582204,-2.821770978336865,2.6287396778396843,3803148.280183744,2585314.8135708286,74.66550556267417,91.37812038346014,1
2026-02-08 03:22:06.812200,1.2920821025246805,2.7057839530747234,2.280893172181861,4.356720397886002,91.14506190415852,-2.9989950545813446,-1.0202877993329045,2157204.5775585496,-0.10390071656716,-1.384641807282211,1.7977958131633405,4.027463039893882,4.610412991850781,89.41961875262939,1352985.8596520764,-0.5000662787137635,0.0363758280684381,4.3683996554182425,-1.1908901314311513,-0.7469871400420143,3637217.2130345576,2237028.577833662,54.845378455233465,75.79409176308668,0
2026-02-08 04:22:06.812200,-1.507904253873391,2.1334958588455244,2.375823015888914,0.1908178513621807,80.49889996807697,1.5229164859193969,4.773079079915037,2663100.414093288,-2.1895024983311084,0.6391956675562369,3.1186612401037976,4.772838231769294,-1.1371229485445475,16.25110652974563,3275250.945735492,2.722675568375058,3.22760243032332,-3.079837490320512,-0.9391786744022904,4.621859094918001,1560179.248536916,3782710.652861356,21.455652133000225,52.12677538240658,1
2026-02-08 05:22:06.812200,2.259556788702394,3.9520683768719937,-2.6122285423169767,-0.2081812237026898,26.98207201282144,3.456043629899068,2.5731020713443886,2715777.333720577,-3.26503949644978,0.0027853520776037,-4.861378640871399,-2.5764630486323767,-1.465268079392794,95.97457214619692,4470892.611220369,-4.244729139741131,0.1832392303982342,3.399982232439429,3.262173757752201,4.014858511007491,2288322.3012650628,4063137.170862897,63.405505601098334,17.209985264986216,1
2026-02-08 06:22:06.812200,-4.6949980253062735,4.409426742293278,2.551753147985191,1.9448133875143268,26.44149705395828,5.06304294517726,3.745554219650285,3399845.2869241294,-2.022871788550938,3.55033354592656,4.46786452328942,0.5381538437623394,-3.032556483108831,40.15432342830867,1121565.4334354403,2.832408452766831,-4.579684269622887,4.340178061778796,-2.2266727402759394,4.0876375937094265,3680136.701846493,4620200.596183861,46.91073199191956,50.75494441417187,1
2026-02-08 07:22:06.812200,-1.325449562499176,1.4996949490363038,0.1257206708191515,2.9677991831651385,38.30870933310442,1.454802082741861,-1.990478954406273,3617189.640314807,3.5610866664258447,1.63845097519697,2.6174130687904107,-3.2075075227746965,4.679851677167965,45.004024775184654,2137929.821871089,5.072584898148105,2.6214858015951803,4.631785575750079,1.9085272171520675,-2.766640407661499,4338940.775205785,4307351.1900219545,26.27625648568606,19.45376967788588,0
2026-02-08 08:22:06.812200,3.9711025995257714,0.116774421156661,-3.895258868686053,-4.743579341935643,82.5049410180062,1.9249282666922527,-3.3832856376303813,3163620.015352323,-1.2024847708068256,-4.306059140958166,1.4937882023662237,1.6331070950400193,-1.8436678463284768,85.15814000172374,2728464.947207717,3.2758121748070206,-0.3819351843798131,2.2491274662443947,-2.7236746418060767,-2.2961676468934367,3314341.394371799,2764804.4088517297,76.08914729612401,30.543169268303227,1
2026-02-08 09:22:06.812200,3.870864242651173,0.3211348526531568,-1.4537784235922349,-1.5875217237384365,49.82556822634536,-0.7006892260985182,-0.2309989353202999,3785719.228144429,3.0144577622295365,-4.1012314826383935,1.6887653104068532,3.3909969879961146,-0.0898023733109001,86.37896229650033,4866363.080893267,-0.7233091417583095,-1.8556589418859464,3.947619870124949,0.2443634585774932,3.035417768264278,1300374.5832212558,3865905.050568668,98.60279281964296,32.14624779478045,1
2026-02-08 10:22:06.812200,3.3244886086176653,2.577391145586724,-4.83626515764005,2.348674453947077,1.2156808492138995,2.7034002631147365,-0.645336784251616,1323004.178279234,3.898536572937717,1.5952399470414549,2.719370946336164,2.7849714276747304,2.041364029846137,84.86039046312223,2271986.025379596,3.851940645727096,-4.589107867560286,4.868000731097479,-4.304350924877629,-0.7874186883689035,3614593.1114419457,2756702.051506612,13.971912991225906,24.84921180804217,0
2026-02-08 11:22:06.812200,3.397303882408853,1.2548235151174951,-4.1183511495118,2.4099125835216726,84.01047882970516,-1.2402641179863283,-1.3002362531340437,3616091.579861969,-4.648637689073487,-3.197806543316672,3.229605626757414,-4.579261730656874,-3.324994075777388,82.72523243040474,1235306.603431295,4.593449236978872,-0.7171486951412468,3.4621426620382194,4.499986100828616,-4.535369685298869,2048502.681886827,2226544.017688365,5.356743760953509,18.72164141415068,1
2026-02-08 12:22:06.812200,2.798755458576238,-3.92827988660224,-2.1276100834591825,-1.1980438121414294,7.705827913433117,1.7296662239443243,2.18331175372004,3808584.384727318,-1.0790642309542733,1.0091200565908611,2.986557803566365,0.5066045923656421,-1.792664176884288,40.67737485720052,2808860.400406872,0.9606393110059503,0.8096858663159248,-3.8244275087906345,3.060967479607476,4.95604201803506,4773429.194839526,2545974.891455655,18.04238220813704,15.96299332527641,1
2026-02-08 13:22:06.812200,0.91050290090775,0.8359557234516702,-4.86518566308448,5.035475555329688,37.47593909939032,-4.612045244034727,4.568108889843349,2075949.4825450275,3.4239428433505297,-1.0519917502285734,-3.525819140585443,0.1183020255481744,-0.4384824808132561,22.165649589395432,2110584.479187919,-4.9162007592150525,-3.5004537432855,-0.8521576251395485,-3.5684915715913115,-3.275888278784234,2388515.438224853,2583919.5848148186,24.42199998613481,89.18341704179056,0
2026-02-08 14:22:06.812200,1.4203164615428774,-0.5258763317654536,-2.036918795440099,-1.0117721910309951,5.85509292439792,-2.246188257445815,-2.526596841809167,1686775.6308217982,2.507696492110557,-1.590414285644417,4.327529390603132,-3.468554999160438,-3.0774208153190807,76.23612137071729,1571142.5466715386,-4.10347768764321,2.298891177035978,4.90222534615074,-1.4652252487162123,-2.4733699782871765,2460334.693137603,1845051.6677527856,76.60258995192964,20.51828333951608,1
2026-02-08 15:22:06.812200,-4.158600350049512,0.3261726645502314,-2.6639224895009006,0.8017236922733231,33.42383186960608,-1.936865012217873,1.406151835488874,3000451.008306508,-3.745137032008493,4.172680665776806,-4.798621510507102,2.281164373361664,-1.905304509113991,14.387615538978016,2557738.7203106927,-1.626409216427204,-0.8906709503724173,-2.905932860500664,1.4220963700269742,-0.6322283067668035,4650336.871699292,3530708.13936544,33.880116992711294,78.85518420082566,1
2026-02-08 16:22:06.812200,2.5703105880284407,-2.752051510342472,-4.459671056747242,-2.3672910345580203,20.00194993368754,-0.2736213914439406,4.836096097954197,3775393.116802201,2.662030737157818,1.7002728495303991,-3.5871086354216493,1.0848070416327666,-3.443371780140545,94.43925216151142,4320115.620836016,1.6289367104834234,-0.0245758464332173,-3.733774305178188,0.8775900839484335,-1.0077371134255453,3986843.710104061,3690637.4026910346,7.066676401026529,69.57990698498676,0
2026-02-08 17:22:06.812200,-1.699356657600375,-2.8728120324926985,-1.5379141039834674,-1.975315369280347,34.90028645087175,0.5282207826626876,1.3696846269896117,3511809.9773392244,3.4464774713590023,-0.5770935764098715,-3.977933359496089,1.4226559377319137,3.4120393086200247,16.634968094448958,4755647.235093032,1.7029341807926834,-0.98276887086763,-3.872215769303804,0.8890071320143325,-3.121026113077703,5203709.205121177,3979085.2160221855,29.025546060142418,59.9331108388466,1
2026-02-08 18:22:06.812200,-3.3837128590538623,-2.5752949636527034,-4.579068103636381,0.3360254672687848,78.48969771114676,2.889851599207933,1.666004790466192,2647832.380136408,2.7277141966507914,-0.934094626405278,-3.4621629448678384,1.00251410099583,4.749042728102349,0.8619002591780278,4806809.625562148,-4.102990809851542,1.2921919300829208,-4.88220123713358,-2.5436842595118545,0.2018073656675962,4122087.211028087,4904055.7023951765,17.56264655680023,16.719585454726836,1
2026-02-08 19:22:06.812200,3.985541885270793,-2.3075676905061906,-4.8212606526658615,1.0790509279344462,70.76809347409157,-0.5358048359841785,-3.3730025619143413,4482107.865077537,-2.6306667509335133,-3.567185412973589,3.861712940559931,2.312505893473751,-0.8888658300515138,1.9972932578028124,2278883.397359417,4.615437228811096,1.993129211553038,4.974229390535541,-3.907205546318401,-2.050688641961357,4021749.090062325,2242403.8855813183,42.13769412138549,2.8457391843922486,0
2026-02-08 20:22:06.812200,-2.663190341646352,-1.4234428740043414,-3.366716746250616,-1.862129109570981,60.06311889374168,-1.6122244188120318,4.2293175295127705,1928913.4046644089,3.900693768284885,-1.574215088444099,-1.8654599821075288,-3.3832018139498654,-3.0675033109437844,20.90291202876446,4693304.156809197,-2.0631937591110447,4.332176682179332,3.6630148687579225,-0.9925202549163412,3.0471905442905345,3380919.6472282605,3025199.559966309,58.07246848195872,50.97070920885737,0
2026-02-08 21:22:06.812200,1.0642905965958995,-1.2271583689537735,4.877223897360315,2.6488326154212825,78.86149646724064,2.983803405183525,0.650853124527563,3525675.684873505,1.773931298888728,2.14718833502036,-0.4148143781298463,2.697466228570872,-0.5528722314166421,58.660173740456045,4472392.639468251,3.0726164932625046,2.111218170152859,-2.1892611455488686,2.943842250928564,-4.847351603539702,3426878.319128928,2843878.3688501585,79.38359121486164,62.93549426289384,1
2026-02-08 22:22:06.812200,4.173421384486077,-0.9679556197514272,-2.815108641042136,0.511490152660837,45.83587651524827,-4.563626596273449,-3.0303026878750745,4105805.923855366,4.1737747252496495,3.6312468858159295,0.043302508460499,-4.541495430243259,-4.081271755187951,33.10737849293426,3283632.357019311,-2.669422666524738,0.1856022215980209,1.2432063855925568,2.320301322761018,0.9489265706796804,4395550.243592418,2670040.205534381,24.202946299169483,78.95994163937084,1
2026-02-08 23:22:06.812200,-4.908029483833704,-4.799288022222736,-0.7222686626413761,3.129857387160936,51.72690564416094,3.2242237366827844,2.7162691097860767,3130016.2656639274,0.6578155484099639,-2.0664657855899016,0.6459063893346348,4.754103676847452,0.7654498995113999,45.53949052479408,4525002.726727559,-0.4036724564353982,-4.4803390186881975,1.6801945251255992,-4.010313765912931,-2.7987075580247334,3507135.268207378,3696005.484279414,46.48498037040522,97.598311939245,0
2026-02-09 00:22:06.812200,0.9596270170622188,0.8243063393674678,-4.9528348828819,5.040375624423665,36.54679089682636,-4.482019473349497,4.327987937314649,2037764.445577512,3.3715670642942657,-1.0375515031238105,-3.524768996401286,0.1176887854590964,-0.425335314627529,21.12044957636299,2053444.0447653844,-4.941946226218233,-3.455092541653371,-0.8560790041013567,-3.7861081775409526,-3.185584722457453,2341960.918092708,2454583.058278277,23.906835953297144,89.66234767556864,1
2026-02-09 01:22:06.812200,-3.985284571339679,-1.7792083441682172,-1.1567335284031834,2.181230762264944,44.01989979554906,3.575623376612837,-0.0110433546405808,1461578.5687156694,4.291447172116873,0.2547030735589315,1.6302720372314736,0.7356328002670995,4.833407684142266,51.801534890851975,2400746.097327844,-2.763974516763289,3.597478056850669,-3.233176858236948,-2.2861860492041544,-2.1806311565824155,3552012.9408649923,3166025.128489952,53.75231002030485,33.12138146231214,1
2026-02-09 02:22:06.812200,4.058176860265504,4.638808503523627,-0.904910107545111,4.892285797858106,63.511159855061614,3.7495446543454927,-4.447798261576992,3383759.602962616,-3.817843956705804,-4.480652361667656,-4.698482774726003,-1.8901899716563035,-4.558742580500222,97.08010931056438,1331538.7614292304,-1.1322539281017403,2.7533798828351377,-2.208489000546394,3.9735216294358815,-0.8260484023307268,1197188.6651502843,3219457.6074021505,10.37371324801908,76.38256727714125,1
2026-02-09 03:22:06.812200,-2.593749523958876,-4.312207255433628,-0.3207847512782206,-4.369849938113516,92.34981124926922,-1.241222287684695,3.3460257085446425,1798970.5404913842,-4.794726721871192,-2.295100992515137,3.975047661406406,-1.076725789342763,2.3895801162478363,20.34765347936652,2802986.264431057,-3.3427475667074056,-0.2472898114195796,-1.8809375351965951,-3.945788804120126,-4.919079731103809,2934205.292639729,1424623.5344120834,75.82430353285733,69.09171911296042,1
2026-02-09 04:22:06.812200,1.6350176910805576,-2.8855199300345538,1.7964728269306989,4.555236959549347,14.745252670628394,4.166352358412073,-4.878968832238925,3422551.5572936456,-1.12677482024686,1.9783278550517007,1.7906660449563736,-1.5835888730939818,-2.58398723564237,0.7463140417219405,1333030.6322025284,4.334551052498522,-0.4174668523495208,0.802285321991417,3.5510942199744004,-0.564002986818128,3514885.548102329,4373711.182836197,99.51594102001212,11.86557031962523,1
2026-02-09 05:22:06.812200,-3.4178096408634064,-1.651411527775566,-1.95058311266957,4.592340791981987,64.08961110830161,-1.115445251069494,2.685272493099843,2046045.974820095,-3.223387826198937,4.122741443873769,1.7219285454672044,-1.6843709071704658,0.2801638972456817,85.52393955500197,3055743.875907545,-4.249815874102896,2.549029848066449,-0.5330366520580136,-1.775526406850619,-2.8683559477713367,1200757.9942971673,1718947.639445151,18.524872258865955,2.8552740902724234,1
2026-02-09 06:22:06.812200,-4.949384161537813,-1.7250264782208538,-2.8174611213493583,-4.817674173236384,32.81927536093116,-0.6901477948670376,-4.909615309207078,1468815.6227209338,-4.338348111655596,4.002641112020704,4.317404033165083,1.484645569002371,1.8128211053243384,42.268661965742574,3898231.6366352728,-1.554034042730282,-2.375839183037856,4.040349864545593,-1.535307129213328,-3.2889752158659813,3214912.925593445,4046970.825878064,39.9109299557426,57.03873253675308,0
2026-02-09 07:22:06.812200,-1.5896220316000416,-0.4903184584324545,-4.792816384838297,0.4884277692714314,72.67938376257348,4.289554732180897,0.7059804620623263,4531395.534941505,-4.578716151469782,2.841270967244415,-2.732926638885973,4.072004011571466,-0.7599379402481669,95.4565994635698,1779350.7831180466,-0.8789277569194313,-3.2421117806172224,0.8094939143942268,-1.5022292207205423,3.8443004601678745,2947175.661993976,4699109.588100518,49.04634933486734,48.96255252887193,0
2026-02-09 08:22:06.812200,-3.3919194858250137,-3.802378681807488,4.499611839502254,-3.04222014316454,43.40193661738753,-1.811331816788612,-1.429706560299878,2348826.3022630084,-4.808445144487471,2.921911948016761,4.969494174116697,-4.3155929075737385,2.1598469354172414,71.80681612008608,2246049.196055944,-3.3901556831262525,-2.582354925203184,-1.7981883257156142,4.73045349514161,3.732543566916727,4945656.073931556,1233188.8154494285,61.54007547092398,90.63542110956462,1
2026-02-09 09:22:06.812200,-3.446760730972612,0.5934054374630097,-4.682067103717357,3.849835317655673,67.86623498699993,0.1137879661129384,-3.257041976237385,4168229.502408981,-4.637491978008532,-1.4319168690591415,-4.254325894871845,1.058743990200867,2.385504288633676,45.21674635764584,1914779.3773119743,-1.390043662740375,1.4737412619853103,3.605217121261575,-4.025457098140409,1.0837565842293428,1947886.840289009,2341074.401680318,36.82196502759804,35.71847221717183,1
2026-02-09 10:22:06.812200,0.4873378936658614,3.9052728073989496,2.8634501441555207,-4.924371250218579,8.860042967961723,0.8219874659411381,4.261940684317819,1571367.8592573274,3.2685856097275305,1.7636106787272414,2.201574609309402,3.973973183215863,1.0732441679306597,44.26937019674359,4131694.45703029,0.6316438845395487,-0.1698588715604954,1.7025397604435923,4.797343347738597,2.049111327313361,3929162.269702784,4993684.935695096,36.52442016153719,78.40617798284788,1
2026-02-09 11:22:06.812200,1.918951976926932,0.9359245355404866,-4.105889976877405,1.4747471415460298,22.061195271121125,-1.288275765623724,-2.713232203963912,3768294.588097476,0.2473563766143218,1.7963318239514354,-2.127787907948492,-3.806189886618032,-4.114216603633559,73.22192063122223,2770619.3930417327,4.4377412034481605,3.868315394689592,-3.1209641120158347,-2.317239795464433,-4.14799522440338,4107785.5535700847,4009609.814877869,39.27856463287049,62.2515868412716,0
2026-02-09 12:22:06.812200,-4.623096088862607,-0.3954916090839523,4.208736295742753,-0.0291851642030288,46.52057428638484,4.0833531630613376,-2.10823871460916,2251494.627899273,-2.414237074777846,-2.0526360756233983,1.1086250818804189,-0.7693184679187214,4.900283938940694,30.28049037080542,4373205.714108969,-1.5581729973216183,-4.44824922717423,-3.076572276708416,-3.4805060461684314,-0.5244742933681787,4029577.956512416,2735740.9043439203,49.515920793450285,87.96933014258249,0
2026-02-09 13:22:06.812200,1.5196125950260058,1.7910231914448964,-0.8241922421507164,3.9803054894998695,59.82252940637388,1.0107416680023291,1.3436368887168717,1825008.4553446104,2.752440518349493,4.4592464403208645,3.7975240229434366,-1.7215716211418175,1.7687227582757643,23.30189643968348,2941066.969370486,-4.961697094996774,-1.2165241831735307,1.2479539871872527,-4.590217777501096,1.5009245113993144,4489851.260334697,4455613.265176453,69.56407534454081,31.50564966075994,1
2026-02-09 14:22:06.812200,-2.990601077820462,1.4655185845105887,-2.02707930994532,2.309414941635999,75.64641803065017,-3.8117290823727,4.590517706714635,3374443.3365312526,4.701517091744172,3.943128053858748,-1.187412373354475,3.649017509350055,3.031007511722714,49.41660836855621,3641279.054550127,0.2241310247203078,-0.6953575065836378,1.8633542014241389,-0.8909506761437858,1.9063390219921843,2548931.4371769074,3556275.181626847,47.7466009306424,98.13685690131362,1
2026-02-09 15:22:06.812200,-2.757306905394402,2.891712386073383,3.791183075621646,-2.565177034237008,73.56631142391899,2.055858626438246,-2.7792412930667942,2567437.492752104,-2.6557439998848533,-2.04175902503464,-4.507790854592384,3.157453806261209,-4.359052889638245,81.31420044817254,4111637.6269941474,-2.618751567460013,2.497257467835433,-1.6354964818248985,2.050632842053792,1.5365647640562043,1862559.050903397,3604790.8483813857,93.78869760948837,54.18801732762199,1
2026-02-09 16:22:06.812200,0.9855682970474944,3.965977964739241,-0.7559527925994229,0.9535402896905736,4.122565649663873,-2.048667873245109,1.0776473833131612,2745263.830032928,-2.60206352187772,-1.0022947670252529,4.944758588992637,-2.3197714463095016,-0.279466068591542,91.8062171398184,4071537.7210764014,0.6860214334277327,0.0417294441230422,-3.830717981532458,-3.887903813813082,-0.0505384968545706,4854906.566745391,4254865.215745981,40.06093227679323,31.30639184385975,1
2026-02-09 17:22:06.812200,2.1217922134753584,-0.0155780107094276,4.447320222914103,4.2703454479630665,99.83475113929497,1.884050184921369,-1.783300103404514,4582699.110475115,-1.549162544867663,-4.988879058038126,-2.6891914712550378,0.973123783307118,0.9614264954989692,58.84312404534523,2529453.324246512,4.384476404104076,-4.031812690127814,-2.8879174141204835,-0.4901349735165627,4.562211736436277,1335216.636380243,4425140.512187049,54.23589504923214,9.124484130425536,1
2026-02-09 18:22:06.812200,2.06814947539568,1.2039063953672526,0.8105185416314181,-2.9778237109837207,52.27273980903675,0.7870799244868028,1.5519262008683783,2302151.8788452703,4.418183390730891,-4.369570769636826,3.666622078340985,-1.3598705745908917,1.5332060217552943,4.795713108345009,2322067.141141653,-0.8203409335989039,-4.494022806138502,-2.7897270835228096,3.1994112993996704,3.701777994569688,4552316.512787195,2543735.980241477,8.48227101910349,41.0412661862652,1
2026-02-09 19:22:06.812200,-2.627509125032,-4.130797119125763,-0.3259848875013027,-4.397326097104392,93.31133313435576,-1.2544711297987865,3.48042089601484,1817265.5335958807,-4.698961277886811,-2.280454406018013,3.973857174637148,-1.063644797225579,2.395811772217426,21.076309942990623,2772509.381291658,-3.28914033142838,-0.2394329784893827,-1.8681794929636488,-3.992471560404237,-4.969791286438388,2931577.746394395,1449531.8997148378,76.83999289487798,67.894542428067,1
2026-02-09 20:22:06.812200,-2.570666045082476,-3.617847128864187,2.068798654065911,-3.161661938185414,52.67980068060215,0.1112477937989129,-1.0485938804938786,4704832.796565571,0.6662174431391745,-4.780029443159089,2.002340852114412,-1.856352426276646,-0.3247330718830084,29.4392409817968,4958874.215144663,3.935706566768115,1.0439719929923112,-4.19993661218522,-2.411559992744619,-0.3656021632887641,3628324.885396167,4569277.043762189,28.81581093163573,19.944489434751613,1
2026-02-09 21:22:06.812200,-1.7460030184073227,0.371065418185478,1.1341138921070772,4.344360268055143,64.25651995351916,-3.331397983012472,2.288614422699469,3031220.2558351164,4.614923245741121,-2.82108620373256,-2.4380848556064505,-0.2656434062497856,-2.890301093800496,23.672047585383293,2504761.8750784886,-3.867565483601801,4.916861403927356,-3.2115893149220067,2.075228189780428,-2.520675501941928,3056322.782477093,2390951.342237262,8.920655881696382,72.50960188976508,1
2026-02-09 22:22:06.812200,-1.309194437904769,4.619937905342546,0.3666239172605173,-4.710340647462219,49.72218001322064,-4.554915928991976,4.057819002001762,4725935.398556465,-3.1866173349870506,4.447273473474319,-1.8492100230070792,2.2504043024624747,-1.8243340544739493,93.93385633025926,3136184.553428559,3.977194038909309,-3.917656052618141,-4.431471593541565,1.7925747905433065,4.165479085828451,4629926.648224321,4480988.554828128,75.66451348018424,94.59773904080411,0
2026-02-09 23:22:06.812200,2.4649140511802416,0.868411180208791,-3.3296605390792475,-1.483773127603656,42.1248053294072,-0.6947066153779247,-4.046007226867894,2677086.6446640883,1.678679067008134,1.6183458511399813,-2.793489403782515,3.545473932021803,3.4162200754277414,62.8030464569537,2469362.06110912,0.7018721579980447,2.7043780279233696,4.019161078378827,-4.688250908880788,4.277914793753155,4316727.119799671,4505683.77441797,21.115803743192696,96.50316229099188,0
2026-02-10 00:22:06.812200,-3.899707175272453,-4.677703022468709,-1.5501608331374104,3.7043297600160514,43.52536009908807,-4.942903721260089,0.0039199396212569,1863322.917345088,-1.1421735717236825,4.590891188048071,-4.554850746536797,-1.2127045780633725,0.5048918802719184,69.49909834844809,2201084.8116678195,-3.2240808228157065,3.941467230324213,-3.1413923674760618,-1.5269861493493024,2.001665929097231,1351047.2824901438,1110270.6201801177,49.502864751531256,23.0394997490754,0
2026-02-10 01:22:06.812200,-2.61712406003038,-1.5360234136088684,-1.790021763649118,1.5603422100463662,35.9599243954488,1.8671230247594497,0.0060541125869782,4533978.303784847,-2.06418643643916,1.043694328965679,0.8669517768321542,-1.380530589546239,3.219181930368352,28.686817772717184,3908978.082479606,-2.0004671063345776,1.867341369749347,-0.3526312108191917,2.995501931819636,-4.80210931706773,3268648.3433392458,3311805.316165323,18.78955251730357,38.4579568608244,0
2026-02-10 02:22:06.812200,1.496328990472147,2.4543947418433003,4.911686261369766,-3.985791715507835,63.61773647082328,-3.5740585591809126,-0.7129797901356643,1072496.1641829188,4.332050877593062,1.3371159976552909,-3.618747068597528,-1.5999561394010788,-4.696461944669958,82.99395932124433,3103786.307605837,3.618438232948298,-2.89471511559387,-1.0281311368287116,3.701966904922422,4.32133915398283,2775134.317129343,1806620.845067569,50.213164091953246,26.03973587450717,1
2026-02-10 03:22:06.812200,3.4922341049417795,-0.6834045377032059,-2.6832829861655663,-0.1412824081367434,78.56516180802319,3.900970351838083,-4.708302363547356,4171032.454291251,-2.3450359257092765,0.9346138270472384,3.5911175764691645,3.696496848121713,3.438128636583061,41.56277820291552,4235197.778004603,-0.2289018230607382,0.0144147369791074,-2.5472069502563266,-3.6134747088669625,2.2058641937063737,3283412.1021772507,1312968.394320091,2.001172362877479,1.8456419043022645,1
2026-02-10 04:22:06.812200,3.1414018777045887,-1.7538761794406983,-1.5245355840026975,-4.807487408397608,6.200865347175595,-2.379371662360952,3.557348743240351,2939679.9982598177,4.2395428085627245,-3.793568570972766,2.693415758658727,-0.6571740813783653,2.569940840136813,78.22704022716285,2936674.6820538705,4.591778091822977,-0.5765333748747505,1.4421703448933954,4.91672061045213,-3.611288930470751,3365379.0726508885,1915024.8300584315,96.28166210289544,62.15356005180616,0
2026-02-10 05:22:06.812200,1.5761289230034334,-3.7241969720443615,4.427317741351256,-2.432234322794921,11.833619092338733,-1.541225392621426,-0.1910985339699102,1276183.625258399,1.1146361122566084,-4.837565567905463,0.0005825919108666,-4.118655690233085,-0.3967094935723487,25.83004291275922,2447073.247690263,4.945642566845248,-2.6637523635143348,-0.515921589840671,-3.72688121253275,2.6576332104753995,3108283.7540538334,4152475.759780876,25.28549787625588,54.56084644271506,1
2026-02-10 06:22:06.812200,-1.762374457008819,4.996673653691125,1.2492823105124475,-1.5386085667538671,15.154351890698155,-1.511593143057854,4.662774027232081,4161461.5258937664,-4.223063391448727,0.3886491995529513,-4.898330151541284,1.1823105006403398,-0.2215474558037977,61.023806110258725,1250897.1221280887,-2.7578365278127506,-2.608065562390227,0.0409009504294337,-2.450998586245574,3.155845445537035,4042523.35932177,3277778.8271923275,25.2950049871877,79.14773632913777,1
2026-02-10 07:22:06.812200,0.6830860333547157,-2.1622409420127555,1.4964664899236846,-2.1512709803807715,40.99048896962883,-3.455402527766762,1.6243401170106804,2897020.0839078147,1.7849996829263777,2.287780544506475,1.748932030541548,2.767984372086307,-2.824120600683555,86.70116069106004,3097018.882150947,1.7917169953799288,-0.9043907273749072,-1.7946383319350447,-3.2432770203141548,-4.085170420703529,1152811.135029564,4341944.622573185,51.74012898249661,70.67905043968145,0
2026-02-10 08:22:06.812200,2.128890773158333,2.264940301187239,-2.9008378726336232,0.953131496977377,8.279668209252273,-3.7676351360708873,-1.6177843601784223,1873759.3714998537,-3.6762463004435415,3.640909817961084,-1.8173233895566283,3.910707390934693,2.8092392978536656,92.3095837665628,2087816.2224305333,0.8050302045860008,-0.5447802796010259,-1.6704835047663509,-4.524517027776165,2.8253444239284646,4812154.639943174,3471755.5153082456,37.27605663245722,102.2041220043445,0
2026-02-10 09:22:06.812200,-4.322693844676337,3.1010074367092626,-3.9721755208616174,-0.0735237820225387,17.85619354186006,4.913245571510301,-3.69285252550938,1385394.12290505,-1.9457073652646808,-2.682220605174256,-1.6749190550022184,-1.5415511421811,-3.998226589409177,13.931848320744308,1557411.6021638217,3.4733360008526724,-1.1759971718251372,-1.329494687855869,-2.453064292489284,-0.7158517022809898,2542377.606960287,2910038.5435973527,43.22217380280057,30.45633131828974,1
2026-02-10 10:22:06.812200,-4.063252321719075,-1.369177036013649,1.0773679487885914,-1.9271003507371345,83.98022856356172,-4.745522400942491,-3.814973764018484,3242713.1797558,-1.824502997424116,-1.764695875145085,-2.609336159249703,3.475476330547364,-3.66221855006032,66.9268291750835,3682909.301770404,-4.259250927895523,2.8008402373496475,2.44419253813326,4.602663584920666,0.1387583477823364,3460859.586387656,1650608.8727596025,1.4961198256300712,79.0407475882988,0
2026-02-10 11:22:06.812200,-1.3228419694056646,1.4591724133160122,0.1268851101650856,3.030258978326634,38.3832951933044,1.458223862864843,-2.111150610908344,3513705.8264583484,3.4810923501563007,1.6505598900663108,2.5804042101121647,-3.1818234716266125,4.5330716758237255,44.80854872830765,2077757.78521462,4.928321316819753,2.7122481529040368,4.712199118854944,1.93169360253846,-2.6841700871100063,4312173.1430970095,4417383.931130862,26.45462862260417,19.37389330248106,0
2026-02-10 12:22:06.812200,3.474141849572812,-2.1861700370523485,3.5709424170288475,-0.8641847875742098,60.988728014165936,4.481876350391568,4.551883642732154,1307824.062045577,-0.5527803979352856,-3.961512466612005,4.100990604438517,4.640201415267942,-4.238951319840183,77.44713287042521,3560439.6802994604,-0.4602402859540453,-2.2888189699975925,-2.975627394422131,-2.852979360128665,4.199756860457474,1017278.8657805786,2065486.5824713025,68.14667447178206,51.63741102068566,0
2026-02-10 13:22:06.812200,3.734095254919066,-0.1834559906199591,1.801674913515512,-0.4821862113640879,26.573201063965463,-3.499184456818717,2.8819312310339646,2905592.55644475,-5.11602774777035,-1.9052953032452784,-2.5542070316536267,0.198440455924455,1.9745789188601133,59.61686345239506,4633595.632441311,0.4913916333947062,3.871419249761456,1.4335726330107552,0.3160096689434942,1.3594755015429862,3111585.692036243,1092367.666478957,12.138108127735762,42.87584653849643,1
2026-02-10 14:22:06.812200,-2.347976323182745,0.7077830466891193,-2.6933018828224133,0.3916127667525444,57.18722712271865,1.3690231745474328,-1.0216337449784303,3754526.517231502,4.471614629002477,0.5657842850215333,2.600055449620985,-0.6965346762779951,-4.273344124188433,48.79001952793018,2110091.21960957,-0.921057632198096,-2.7189962209761487,-0.6196634330235318,3.013715354636368,-3.187819563863828,1630002.1923032152,3747071.182388678,51.40308194758695,26.175286903702364,0
2026-02-10 15:22:06.812200,-0.0275274161413762,4.237605872029836,4.311561254923055,3.402092875133224,65.84762587270028,-1.0472965581299782,-2.4905498810508484,2365526.070257192,-2.771271652680752,-4.691815596377088,0.6750736021247793,-2.803517491387055,0.4444998679570236,93.12215462040837,3224721.606316645,2.473474782638521,4.678180601679608,-1.524929288800864,-3.340292255264941,-2.572475248813684,1923251.6937236409,3039892.844328584,25.405720863921783,52.328832487577,1
2026-02-10 16:22:06.812200,-2.560103566209164,-1.4390327410215376,-3.2347196799449174,-1.886923008439964,58.77693608621982,-1.593958334187083,4.1953102465604974,2013089.5340908605,3.848551176960044,-1.5726907457209285,-1.8740197509169985,-3.345002253363444,-3.009065800640744,20.42564679363964,4733652.508093819,-2.1259746615451744,4.222233181548601,3.6103339997224033,-1.0236501426724698,3.103032991233325,3377326.935706383,3080330.732866336,57.314924798124565,51.25909252672963,0
2026-02-10 17:22:06.812200,4.546219933852982,-4.327113704400321,-2.2691440565291674,2.169036460054453,72.34181311450938,-2.2302010983877083,-4.956887507619386,2594948.3518250138,0.7262649348036653,2.220540125721063,1.01514662230321,3.7669982807798528,-0.2685206711950814,67.15153312199057,4004327.409866973,-4.771677049952545,-0.985549357901555,-3.439163497960588,-0.8761216664846664,1.5527554955771703,4129899.258940148,3517682.8018964287,10.039880317931148,3.21920761046246,1
2026-02-10 18:22:06.812200,4.730105547524456,4.865152487929796,-2.7951379092982465,1.1033378331091832,18.447625313363936,-4.28288111152349,4.93255015422964,1039915.1066337976,2.3906697593937256,-3.6542373289589225,-0.8931736698971715,2.066041289942177,-1.5217765256695404,62.6802630064844,3894138.2933243546,0.5787918357788557,0.925681827648268,0.6586307355961951,-1.6368727249504444,-3.6496186331945255,3374442.1777856573,4321000.77112554,92.57516930553057,33.060080997000185,0
2026-02-10 19:22:06.812200,-0.5136816615233794,-4.34686799141391,0.1772652022602565,-3.600525921710414,22.766173866337,3.234558552038284,-1.2747361216984348,2159177.9019576497,3.2234010428554987,-2.202601529087678,4.925193308247103,-1.931599827189356,-4.406207838139967,91.30213527781756,4212763.482749206,3.1143243368791413,-4.097508316770801,-2.7615648858350643,1.6702087540556063,-4.931026220465075,2983035.010491811,1480786.6895729755,55.69428147332211,18.383469297020703,0
2026-02-10 20:22:06.812200,-1.069022753332396,1.0577481935688713,-3.1356173785574546,2.161506742231936,36.22354416522884,-0.9037110510476792,-4.550887010043842,3893774.649419648,-2.22535320275046,-4.05581102339519,-2.903097225697992,0.3534776806165673,1.2023484896112049,35.87425105428886,3308746.704893236,-1.956924081791357,-1.200757090379855,-3.427643349057665,-2.6551599321683006,-0.3134836300361474,1656739.856225435,2676996.997275863,64.53456232506079,86.05114865874451,1
2026-02-10 21:22:06.812200,3.9204655517711338,-2.627732082640055,2.795844735667533,-2.2737599926646626,33.451128874193216,-1.8878250493660644,2.61007923495392,3142626.3973903144,-2.183839578943682,3.3151833311222347,4.765610233229044,1.353233467083211,0.4480108527609836,99.56451766743491,3590880.217682448,-4.135424928798477,0.0193558078086066,1.906227420813416,-0.1935197168759108,4.38578239586033,1493854.2949229442,1775975.824893589,41.473580252999376,47.37601537387203,1
2026-02-10 22:22:06.812200,3.4213986056177514,-3.214430568527715,1.9615439894305704,0.6644979295905906,20.751890260211592,2.411995899933169,-0.6675310745040193,1622541.0812174375,-3.478773422389611,1.929176149610679,-0.8995457325986622,-1.0386801565921142,0.1111625518316993,84.02707395506869,3182536.4105802896,2.8909425830653306,-0.1777035690691379,2.3847299798315293,-2.19442350358692,-3.0990244253465327,3830166.042185405,2110680.001731288,58.1973443384646,50.77268513808067,0
2026-02-10 23:22:06.812200,1.311386259972629,-3.9821752737959626,-1.498747408332699,-0.8645089847464851,2.6196708532064794,1.7712063973500936,-1.282759335976568,4344470.812828995,4.633603204460378,4.18397542081558,1.456025770584116,-3.0351303304378883,-3.74356507587686,48.01835152618879,1117197.772413673,-4.985716569208233,1.0507125343774373,0.1343449712582014,0.518287335341685,-3.1416794443465745,4920207.771905939,2139410.706442455,93.03511771330678,79.9578644102003,1
2026-02-11 00:22:06.812200,0.0523505126890233,-1.4125735634769658,2.797518088265703,-2.756539553659924,68.89479210084004,1.0581300832963756,-1.9811812243471445,3706457.559334554,4.62759450351113,-4.359821905998296,1.7917151915454612,-1.3681276354104093,3.3007836569826727,50.51487120139846,2600727.3136316,1.4436765825963778,0.4020985731919709,-3.173188226418044,2.965086434662912,-3.15133808866928,2307885.124371205,4093823.276742169,92.20599100870312,58.25894742032212,1
2026-02-11 01:22:06.812200,2.948113035416484,-3.47140860815668,-4.421573234366036,-3.7811390666305247,2.4191763891355245,1.057792494526904,-1.0754181377051997,4285553.4516027775,-4.89715504064308,1.4978804676429958,4.345438807155155,-2.882541379475805,-2.102720162617854,48.58856061896132,3472411.862246788,-0.5041664707973768,0.5989053184578541,1.5060652325210349,1.3177484365275536,4.779934237382346,2574876.6786121503,3020656.0731732594,78.48829833877943,58.06197604823537,0
2026-02-11 02:22:06.812200,-4.862885654705983,-3.2799589257634585,5.038540533147086,2.7594290021640058,36.915629821451695,0.0304375881492408,-0.981968682761263,3646040.054467768,1.360730544323426,1.7542647108638556,2.775261048653812,2.571643169542871,-1.6003449703271186,50.34559930034077,1115770.2439063569,-0.7060565235128006,0.7884862015234492,4.90777500620381,3.029505911345836,-0.022947287367936,4211024.830497907,2410206.4716587546,83.4586720068547,24.14679432498594,0
2026-02-11 03:22:06.812200,0.0263709310519209,-2.540422716154919,4.6910263014081135,-3.188506504653197,83.16970436757735,-1.3540627180246,2.5426497334702267,4373304.671151533,2.160499732421445,-3.9656588513951663,-1.966144563708668,-4.5850267449009365,-2.612482289139759,56.58517874106719,3038035.4928968074,3.368634222265923,-0.1359496446382184,3.89687412571665,-2.428814960013055,4.94287985761059,1909686.914894117,3125323.1706927028,20.00089211127476,77.3090141617112,0
2026-02-11 04:22:06.812200,4.508475739977567,-3.415827997703388,3.5607624904425914,3.808348852750599,83.32172508236751,2.7190952124612973,3.4003831003216423,1476301.6113640645,4.767902367930516,2.264117334753307,0.9484404705110108,-2.9225669692068883,-0.7016367592185108,85.91178972942195,3428609.049462672,3.988251123599706,-2.805853460578717,-4.084441277944726,1.7953349312345308,-2.764837434186311,1996674.2583671848,3855862.431178676,46.56212412056937,91.24538705098075,1
2026-02-11 05:22:06.812200,0.7690388462635909,-3.3931862674044435,3.837858849634257,1.811178539649828,27.30708099728124,-2.821074457450099,4.184264321454087,2940378.6399181606,2.062461625552622,-0.979727831117593,2.818909129968897,-1.779324648042703,-2.864571455096586,91.67560031187467,3182998.7191177425,0.7231518563007651,0.0493280408940011,-0.595654293439539,4.486540809029906,0.5561715468240287,1685298.1778174995,4222323.305764934,13.084236134881976,33.267298653032384,1
2026-02-11 06:22:06.812200,3.099443486939721,-1.9654628828248963,4.1824647620141295,3.5017376404575686,18.34264417952754,0.8156852621540557,-4.577378529437596,3958092.631665217,-0.1516342568702915,-2.756030857427143,-4.885277296840148,2.691017027571733,-4.675911572292419,77.2925014924228,3833248.3627112177,-1.1425138812251026,4.996780291101928,4.0962769036075874,-0.0973872603022125,3.009633471000483,1510251.9605815732,3313697.901934629,1.8099964426815145,63.1914974569798,0
2026-02-11 07:22:06.812200,-0.0748230618113607,-3.1343297594869424,4.27752283195213,-3.1856165230437306,51.80787662388154,4.880359661555918,4.509285945025484,2334513.5833474626,1.226895409497974,2.2893920010515725,2.6585864388474203,0.59744661333675,-0.8885566352001293,80.08180998597503,2437695.3073232686,4.9920729894344085,-3.235880895721138,4.011776232173556,-3.3024150179286416,-3.2985725982284206,3670406.85433294,4165410.8946093377,67.58116357427329,83.14166219303112,1
2026-02-11 08:22:06.812200,4.705823773881982,4.904056426692977,1.730378070639424,0.2657727798168251,22.5308301431938,3.705516334418277,3.949236956408563,3317402.952272292,1.0821102689710844,1.0129251915882078,1.011624408132772,-3.366022543938287,-0.7787573813751338,72.07588507723995,3964457.717661453,1.741348932826382,1.0514287063126586,1.6929711687894635,-0.6133725414190941,0.094564689958261,2162617.0763857854,2346825.4114419734,54.15431021112678,0.687725397587293,1
2026-02-11 09:22:06.812200,3.1864249523871053,4.095167858346111,4.337166348285628,3.2265405925331048,8.28677457218755,4.554921712716555,2.183696686386033,1128171.9614095343,-0.9641311028027684,4.223642974454682,2.426349541357092,-0.3149736644600033,1.6408221562024978,22.94132005425585,4747293.264001129,1.425449396374004,1.5425468777620908,-1.7575242026474862,-1.9077253841725024,-2.280765676544156,3868045.497915266,3664440.93017769,49.68172452857244,87.09466610411553,0
2026-02-11 10:22:06.812200,-3.047570122019555,-2.149048313061529,4.949078226464353,0.2516338366706012,29.872557358877305,-0.4599837880388513,0.7712258603832076,4166232.81036548,4.9010884608686585,2.7982088401006813,1.916556518665416,3.5793491399732886,2.0403145259165694,45.11300697978415,1325895.5908517677,-2.1315335435280005,3.127329043046794,2.5066901428165487,4.656531747664124,-1.838951120591044,3437781.189309115,3325466.2288182992,55.98831655769838,27.45723155510216,1
2026-02-11 11:22:06.812200,-5.056929698668147,3.1213546481013186,1.5028326530522198,0.1531207737145849,26.09813489345488,3.350438974246728,-4.867744131668707,1068858.4886966129,0.8178545454730637,-0.5129776802365797,1.0109123677686076,4.344961653346469,-4.613761608926852,9.459359050467045,2019928.4107816373,-2.5223649777501422,0.8301092400873964,1.4629989558613723,-2.2949728156414,-0.1405059833292468,3165252.225133682,3779774.2352333823,30.903080412560985,45.13961674375399,0
2026-02-11 12:22:06.812200,2.224521152615053,-3.266264047052452,-3.261047507805128,2.0904626172243272,94.06792451153404,1.8827423578023703,-1.428788406994972,2805176.45211702,-1.881205642362748,-3.817813777089114,4.656389752668005,1.6692744745868069,-2.8254706778276404,71.8699265972796,1773356.934448209,-2.1954493523994465,0.4176031994101539,-0.1139507412201528,-4.851438774924962,-0.7550716732346485,3574208.49194967,4123141.9334619055,78.96736137927557,54.60988080032908,0
2026-02-11 13:22:06.812200,2.126358393540755,-0.0155553256340485,4.444672743739811,4.257759145569837,100.3080636326586,1.9065823642128528,-1.7500038708271315,4505094.473302002,-1.548383871294179,-4.887448646587551,-2.732435605428067,0.9846183559623566,0.9721470540906734,57.56810891984001,2550870.93644159,4.40488959840157,-4.005257531072486,-2.819640051220849,-0.4928090916705049,4.55838436521871,1343755.0430895195,4460680.594388027,54.27095296512547,9.138114649720858,1
2026-02-11 14:22:06.812200,-2.192276375591442,3.9676542462642512,-1.0375798109734125,-3.9312307690525614,25.92967588657737,-3.594470324216392,2.875490858587792,1733768.785613738,-1.600281362067518,-4.999692811546176,-1.0644466389368443,-0.6460367660024859,-1.333211202970186,58.62354987807616,4802978.852850687,-3.402505397660558,-3.689201382952969,1.0322213565796368,-0.1887430818315438,-1.906757756417771,1352024.110045809,1767093.833174684,73.88050500786865,21.400711317387422,1
2026-02-11 15:22:06.812200,-4.692470413828136,4.2170361522833,2.795560589991662,-4.178000477235286,20.15251256141717,-4.218749110535271,-2.6020243430334817,2280718.3806622745,-3.885996010089577,3.727279430017488,-4.469102190849019,-3.1578566998969526,0.2560879369482175,87.7557487841985,3781941.5289003295,3.084107017421941,3.548203940006476,-2.1822973153508243,-0.9638472308789005,2.9867406283222144,3944430.678794141,1385834.5729103717,5.527645291998446,17.87190069271947,1
2026-02-11 16:22:06.812200,-4.756840335685462,-4.1976625433835775,2.582384757040913,0.6731221962890359,42.96568127389351,-0.1441030034060215,-2.4899861673769976,4419896.078245897,-4.210605970534445,2.12137045880605,-3.692826764102427,4.531201143941377,-1.0908257315883771,49.23670487012489,2634798.249083736,-3.359364117346648,2.6615710158277794,-1.7441886748098856,-1.666321618834372,-2.193644201234842,4574138.333993748,1200258.1083731772,62.521153385751504,47.55265216261934,0
2026-02-11 17:22:06.812200,1.4547229590716784,0.2451138957025467,1.9602061805379216,-2.4343721629863624,87.27302504846018,-4.724632801305345,0.6407402883351772,4530239.5070893895,-0.5720186345626255,-1.4340382401379437,1.7170885924406072,2.1924520057583186,4.764565294354101,19.23157727843505,2866732.6233234564,-2.1481340398995217,4.324439783773508,4.835972997387742,-0.5087658606974923,4.722297092163576,2557065.587236193,4494535.290538801,98.63821716288922,31.81752095087032,0
2026-02-11 18:22:06.812200,4.033185274834693,2.571983234400717,2.6894696661369824,-0.3631993231191517,57.12372371419199,0.5712033239067446,4.43383254802065,4725560.828469688,2.2983951629988955,-4.52875399481356,-2.8877093442744286,-2.9857777502951373,2.406609025589617,74.14640575615141,4004694.005709027,-0.6112710398274116,4.766984280914837,2.360406196250791,3.0090808037747663,-1.18995716902455,4968710.42482828,1816314.6067660723,98.11733784284736,73.96402709495705,1
2026-02-11 19:22:06.812200,-2.0335339757955744,-3.807281700076781,-2.5818084986445653,4.6898929764469255,54.47512727135999,-3.8948342893956815,-1.1474577044333014,3570690.507837535,2.395347993454124,-1.919859813675839,-3.2211623046851576,3.163351722916439,-1.3198651872498832,97.44726742928955,4726182.171796961,-0.0530457475615425,-4.601415943777263,-0.1442461835200373,-4.638887891029294,0.8749888816552928,2976627.307895728,1682224.602409443,78.2856271483306,73.59996021426201,0
2026-02-11 20:22:06.812200,-3.2288932059295106,-0.8960317301033847,-3.4610409366014494,4.629268752375799,84.19335667918087,0.0545511791044992,-1.4142153847512686,2865239.0245606806,-2.389514737651519,-2.4551866838173977,2.293098004772061,4.301652028625501,4.546663568790688,46.39362634548909,1210839.159413756,2.9284004527352714,4.473068992369621,1.6735116305039597,0.7066457898078902,-3.466351725842544,2253477.625721432,1302217.9750510782,53.35897301104087,26.670343063721425,0
2026-02-11 21:22:06.812200,-1.7658593841050554,2.443098597246963,-3.888301561080769,0.3294204478072451,70.19617264583542,4.441601258108213,3.518834646469996,4704712.355582529,-0.3515588407103575,3.9909755145179617,0.4894855787814702,3.3556534890969405,-4.174919642380113,41.34625195292213,2312472.319793994,0.1129384146111968,-1.1094608960205332,1.4500143755689603,4.511139876963159,-2.044402084732912,3353558.1561443936,1985272.6920412767,37.02716447844812,94.99883717652853,1
2026-02-11 22:22:06.812200,4.404585843529143,4.823786169086064,3.158331249906178,-0.1645435328007529,18.61014178462773,4.640174071177023,1.5663107370787612,1302798.90923915,-1.5661329782235578,-4.871025302104746,0.7506057345881469,0.2758797327216564,3.001375827520759,24.581858702257463,1150264.9181759222,4.057567906364479,-1.3098226758882725,-4.561531475033701,-0.6441084198729099,2.333279087168622,2849445.7889909567,1986753.718975989,11.310575650171984,96.69850180280376,0
2026-02-11 23:22:06.812200,-0.0481256049234512,-4.277401012352572,-2.220156929778013,-1.5159361576166326,90.4285376146533,3.2331190162050185,-1.2834859016210405,2739979.238346775,-0.3125943373040035,4.408856150728977,0.4409629754083128,1.908306152949916,3.168128047689134,46.569084371808486,3991798.076720513,1.9245362270974973,-3.1717278109918574,-2.903758145315499,-4.394581148987579,-3.1707143422518667,2750939.421188929,1977274.0931399337,24.92677570332137,22.86096782831385,0
2026-02-12 00:22:06.812200,4.539285770025874,-3.879610978319477,-2.7555942816333934,3.059925497751582,80.26433097957104,-1.1579328701419975,-2.596010871064931,2551304.359667725,3.3457179025562773,0.4029940676149968,-2.931821068666037,-2.410957252068604,-2.5834107918081486,91.48421498516548,3868725.788187031,4.750871697076812,-3.64483126439246,-1.7337809425199122,-0.85153149698405,-4.995897105608251,2560264.262990513,3781275.798497538,82.82735648159884,16.00741054867306,0
2026-02-12 01:22:06.812200,-2.328271578857367,0.7099712542718016,-2.6352874266451813,0.3988568284726216,58.25558552461022,1.3704058121666385,-1.0063243299440343,3679587.727037362,4.330594539549619,0.5602900989361266,2.5493677945175124,-0.6831430628922913,-4.149572458974904,50.53375961913356,2109491.7249034527,-0.9362396640588788,-2.689266090022573,-0.6187987085026682,3.0030164227436784,-3.278790206452024,1625224.038866631,3841112.2825325457,51.8854362227073,25.83397218950149,0
2026-02-12 02:22:06.812200,4.148643902204485,-1.0214440095425834,-2.761823851773769,0.5022654215626172,45.81868867378927,-4.610039874250884,-3.0840705426517423,4214150.637850413,4.354845135274957,3.511507354259818,0.0445594166935539,-4.47173313635278,-4.319626859083304,33.540681349634696,3152378.656484445,-2.6771034590354734,0.1839962663306513,1.2331443375905753,2.327234154133065,0.9618266940237684,4454308.012556584,2637791.7505092365,25.185336234570897,78.73258374573953,1
2026-02-12 03:22:06.812200,4.307091816147523,-2.259714816315061,3.943056454782548,-0.7920798734258822,50.48049583000935,0.9737777152831903,-2.8002122758922816,1412615.2692863168,-1.770798024080502,-4.646612660928255,-2.5302974477141684,-0.8476443065852216,-1.9701509194488904,10.241501842138565,1445529.733436183,-2.36861358645911,-2.165252967748086,-2.52635564474122,0.4932855192552028,2.3774232742775974,1963436.0700464936,1040542.3111806458,37.08402211344527,76.861701003008,1
2026-02-12 04:22:06.812200,-1.2984129974455565,4.694704332753689,0.3697442289341355,-4.565874671451809,48.29688720853552,-4.690442090806565,4.182390866754371,4607096.114184914,-3.1426692799481435,4.576316462725879,-1.8781026343087064,2.2608485148385054,-1.8309586227937524,95.22640145333725,3034823.936865066,3.812975456140917,-3.873907706507793,-4.4366672220076016,1.8587627508646465,4.159430039540524,4717043.900791569,4505255.879662035,77.73021481439183,98.4164959483215,0
2026-02-12 05:22:06.812200,-4.845433834711326,3.6550712589398016,0.9293993484170312,1.3315137559402237,13.347997241594378,-1.120132400531305,-3.981963170504631,1813890.969990384,-1.2749106844653415,0.6574495061328918,-0.7253347183331096,-3.7869700199446585,-2.3320545056616915,53.30552900947112,1972498.1216906747,-1.7174491072266296,4.339874185126172,-4.761158086808573,3.332712820358479,-2.12065905906781,2213812.865798425,2191919.178649078,95.71070960000516,1.990148374007783,0
2026-02-12 06:22:06.812200,-4.694941455388842,0.4376762424832312,1.3232443108387175,1.5994288090373654,16.601527020717054,3.695678359021148,3.111696577684292,2442843.8796871454,0.9480538254357332,1.4482810709455245,-0.3869714757031934,-2.437630805372557,1.8766134244403136,8.592506499985904,1807377.8221824567,1.1705678722945128,1.419970455222114,2.6072256190759484,1.4410399925483202,-3.340169201956016,1359510.1874840753,3911639.44956108,36.447729609061135,22.6623904633512,1
2026-02-12 07:22:06.812200,4.283185625877254,3.1707207094928,0.8008620783781115,4.51403342206657,8.060151375712465,-3.3997506353680595,0.0595790773493165,1267894.448101086,4.286305621153941,0.1446132773989417,1.4521857584466389,-1.972248717280328,0.059258001463939,63.15443786761603,3979002.9265196887,-3.871594554831156,-3.16420372644854,-0.4997576047219745,-2.5004101876050444,-3.144740247422808,4455743.229839819,1047485.3866774372,69.67955139643412,69.90274140420951,0
2026-02-12 08:22:06.812200,-2.9477580651337463,-1.2111351777763797,-3.851303925929348,-4.1174641244039885,24.30819278822839,2.8886892256409604,4.158230204330632,1294661.585021165,3.775193351929503,1.8626644841884936,0.2411311572899762,-3.854461598246768,-0.8924100524448999,5.54060232971221,4620107.603834813,-0.4038359365523725,-0.8662732180267011,-3.2590427133420024,-0.3621581819082359,-1.027497701064921,2638114.5280282097,2645552.6439941027,12.945251617737034,9.880889428947116,0
2026-02-12 09:22:06.812200,-3.02263835500626,4.069790529890933,0.5199235740677842,-0.5414230249593416,75.63813453928017,-4.146844919599546,3.523301873599872,3997458.8668145775,-3.640294232784402,-4.110554119666515,4.665792237461743,-3.469053915339974,-3.0638695037032155,20.01507543168444,2197432.878174392,-3.782657801321557,-2.155027118064788,3.3770491492332453,-2.7599695588589896,4.558714633382493,2002627.806990021,3102799.5996826086,49.79637913211282,20.17040679034059,1
2026-02-12 10:22:06.812200,-0.7181585168268567,-2.420971729550602,-4.085131626022451,1.0161182014633123,72.79393069737652,-4.766479036718141,-2.791472170369911,4509401.812531355,-4.381915393107773,-4.149436145107589,2.452147426908345,0.3247090788389739,2.777279100677931,54.29404444893278,1672946.3164339676,3.7002492552016566,-2.472341400488359,-1.6730982030733,1.0952850975406356,1.516797948784269,4126092.518132269,2202622.5622429764,59.60301609498011,25.29118055562872,0
2026-02-12 11:22:06.812200,-2.575646592282089,-4.570241502518692,-3.674610464699125,4.392797247873467,33.11306482415072,-3.0484027579662687,-4.637709056688503,4211673.370816278,-4.596123605676981,-0.8741835700013498,1.352271746153132,-2.1049622433220208,-3.623294226004168,14.041702218378408,2966939.3190735537,-4.806186563166458,3.4452460284984925,4.118476983065106,2.629336145683535,2.4867749507256325,2595993.147168679,4306271.127645529,4.2712573763492205,17.25570194382411,0
2026-02-12 12:22:06.812200,4.666548190436696,-3.2911241260993416,3.774608626303804,3.191888594267901,49.646115235529976,2.562136139501768,-4.610700366743325,2557619.755915501,-4.076394718886215,0.4887280154259974,-2.677753090986569,0.6441658777974766,3.583229388788581,12.93806169667009,1759738.9746440805,1.361056346436186,-0.9336347311502956,-0.6170139196683415,0.8519478539285386,2.1260140729839314,4723230.689379048,3312300.1967393267,46.03861756750406,4.0487824328304445,1
2026-02-12 13:22:06.812200,4.636199770892528,1.68643219924431,-2.34399957411294,3.8420646334840782,43.68507026151796,-0.4147699111810929,-4.639811817085736,3167043.857070253,-3.3720901079377064,-1.2002092103460535,-0.946746393530466,1.0058319698713607,3.4486408541050846,37.5821219007941,2842848.685393101,-3.3526910391893825,-1.1683553144087422,-2.373066901199948,-1.3026218912731125,1.880305189519813,1983001.248743552,2503753.5016131736,36.44098659954032,40.28895789566308,1
2026-02-12 14:22:06.812200,-3.4567861470448213,-4.142265293143262,-3.4443523886197416,-4.267456306465447,49.603648195491445,-1.920799031578704,-3.8560611357632704,1815581.4129963664,0.9262787762901724,4.480869562565096,1.0306178668239958,-4.014264811241046,-4.510080095744784,18.792043457413897,3880290.67818246,0.5702236081632802,-3.823047667252864,-4.374811689591636,-0.4254618340121683,-1.5615010721460567,2947718.1465229127,2592027.107626427,33.82118075589536,85.3707149334232,0
2026-02-12 15:22:06.812200,3.5300945546736013,4.293759891275858,-3.7048507871719583,-2.719202280510676,72.95082286523967,-2.1075522802734548,-3.2477822789417266,4872263.248203035,0.9521283412687476,1.071352808835769,-2.3083842900837084,-3.337446696502994,-1.4032443877693224,9.914611227762393,2145119.448447764,-0.7016874248699745,2.9466289239788903,-3.352822530570191,-0.1394245809731913,-1.80683119978626,3307836.600483916,3139491.023035021,35.30047509718363,93.5217810170875,1
2026-02-12 16:22:06.812200,0.7882009744046229,-5.0130072630876255,-0.9244160137795931,4.807460553158993,39.688933106242736,2.36890715935086,-0.0371651357795179,4015988.464104346,1.7902382141647728,1.016392001683351,1.496716974423784,-0.9504678245999816,-0.6101855567172284,45.88596618581716,3150637.248224805,4.429671753670311,4.687906072667574,-2.548547825096005,-1.36027765208146,-4.759496635740338,1782056.2947462106,3634858.244528809,87.64774943502296,0.2187157194780633,1
2026-02-12 17:22:06.812200,-2.055511079304143,0.567628930139298,3.887480798689772,-2.879551600917733,76.55128989911097,4.000831830164808,3.667703545060002,1266258.9116568917,-3.495277289940025,-1.1127365212345328,-3.013683861381309,-1.2026259517835127,1.8723434346068293,62.29540441833817,1989851.9249325856,-2.127423051229324,-0.4368317944903763,1.891433569803377,-1.8621785669427124,-2.4779759784066915,2098178.338961778,4506392.475340075,63.63727057095906,1.1765094366997686,0
2026-02-12 18:22:06.812200,-2.104116043340844,-4.342624266607914,0.9330865492313176,-2.8370044138730264,49.00861607920457,-0.5784064740705087,-3.163091760109601,1854992.761655677,3.8728838718081673,-3.709488762240463,3.5921461476928664,-0.6617575689726796,4.173398666595004,23.951968166709467,3822397.101347639,-0.3330254358805509,-0.778330336607883,-1.4514336216502652,0.8381251489154289,0.423550581999463,1215521.7913792783,1609867.7323815576,80.54257261865627,87.31262449707377,1
2026-02-12 19:22:06.812200,-1.1490227139807474,0.7161268946989985,4.556514982297534,1.1098098885099177,15.890816766935355,-3.838610397994744,-2.1752125602297334,3593272.029808382,4.680763814507335,-2.5970087654963327,2.833872199958384,1.1719422711696668,-1.8716580247578,44.68741952004389,3580950.578213326,2.3679456871019697,-3.292317399966631,0.1457111626780047,-3.581556023830148,4.559187999620441,4296377.961937496,4649940.216921474,75.12731169377459,58.788569192978166,1
2026-02-12 20:22:06.812200,3.737787612988314,-4.866068686824349,-4.004587368787812,-3.547949876648279,82.39465610231318,-3.855485321277788,-1.6862031087968603,2761455.963022591,4.176647909509196,0.8289336169514798,3.693149610473523,-1.6979946550473448,3.291314543050284,40.24535157757905,1521362.0655132688,-1.7894028380243174,-1.2670256137357994,-4.662964730224359,0.478849022571102,4.364425882446357,2090693.4123388508,1757297.6966269452,19.093782560028384,77.74927059931404,0
2026-02-12 21:22:06.812200,3.511366715168569,-2.2002090633971583,3.6212761726545057,-0.8897153019329531,61.02251494776413,4.559188289553193,4.504591705752958,1296421.6902994683,-0.5328547274147963,-4.050347247716235,4.092526944369924,4.698188646337847,-4.390944567648173,77.79849715709368,3603886.980874178,-0.4658376937573196,-2.327901045139259,-2.998457887506332,-2.861987893372672,4.232995082699295,1021296.762284257,2063896.2586164484,67.85170694844143,50.13964785953243,0
2026-02-12 22:22:06.812200,-4.956303537442111,-4.741340189391089,4.539588940802491,1.6609668545745055,13.566782880844883,-2.0461975569076705,4.620693519067262,1611000.2173684973,4.207803276266795,1.222800299914409,0.9128846955959676,-3.0545458202834066,-0.501967587040411,10.989202051785476,2484628.808101286,-3.2129870115976966,-1.8457400268483524,2.1839283134687104,-3.493753294379786,2.08823320102549,2521858.205014925,3480415.808198724,52.95420163901809,47.56157249307118,1
2026-02-12 23:22:06.812200,-1.830779948437224,2.694929331919369,3.09516074724878,3.398613028667203,13.535408227768553,-1.860332826226472,0.8162229298919357,2501875.713866001,0.0151796035016635,-1.8508155541110427,-1.2976781431542328,2.276311376996887,2.015652656029423,22.047048099936983,4298068.279199718,4.8927994510638495,0.0911338518752202,-1.804105737400017,-3.944863535987989,-0.426833901071797,3259276.6515455847,2848561.893079603,19.84101011935628,87.33841643710475,0
2026-02-13 00:22:06.812200,-0.4226226746944556,0.6607887667114303,-2.808406955676279,4.18464728715955,15.854894862423428,-3.614673100687357,2.897505908166293,4988880.215705364,-0.2470255840091864,-1.6487997020613032,-2.373570053912354,3.984191011667949,3.305386613769112,55.07860055708232,2750935.952690812,-1.3925630945944156,-0.1727220543186731,3.656834062964987,-1.7290689119009692,3.706363842290348,4002199.6103774505,2694197.4789223443,22.31274121557462,35.87794236443021,1
2026-02-13 01:22:06.812200,4.061517800244871,-2.7322318984975067,-4.317750590396414,4.65881651414804,89.78598983430311,-0.930371779177503,3.4117682357532155,2326750.343721001,-0.803033871392946,-2.2024601307678524,-4.459326883559847,-1.1301539933880167,3.318606567597551,51.53971133021974,2906372.66217944,4.408174911481469,2.598606523931726,0.5004686634535974,0.484432268036067,-0.6727215279507267,4410423.921797675,1330903.478778785,57.8380480725549,17.071025666727,1
2026-02-13 02:22:06.812200,-3.305072533139075,-3.1295625144247663,1.5524198063902173,4.000231233980111,75.13750860290457,3.884036723086812,-0.6338581023123391,4215258.180773787,-2.533413841945935,-4.033551657122477,2.512789243737669,4.226037570939578,-4.901724474302122,16.45660584293349,2670834.2678919034,-4.452550177404049,-3.525460825738651,0.9180790766332594,1.8306957519012408,3.461938661543733,2356813.725087672,3196576.060965805,49.39871801434912,8.400171452062565,1
2026-02-13 03:22:06.812200,0.5680126245835018,-1.7632076359575637,0.5085737060913935,-1.465786206972819,65.69551562671396,1.0294287647946154,0.8008883466945456,2733888.931022538,-0.2903974756526652,-3.2310304917601607,3.969952893644111,2.62212058314177,-0.9081741254151146,40.63322309637678,1292340.364104601,-1.4498473386375332,1.1165567564601409,-4.277706517275222,1.6072739310915152,-0.4767652236570399,2290734.8283112813,4796449.827552988,79.1640072183063,68.15260298866504,1
2026-02-13 04:22:06.812200,3.5046941210384004,4.319582949713596,-3.7564154650122488,-2.6999250256616274,72.74240796182906,-2.1643212550149795,-3.270628225622937,4952557.639099585,0.9628378755727716,1.0697203184882975,-2.327536319098908,-3.245351859462965,-1.3645764132959584,10.36219457481271,2170393.8640081007,-0.7224203748959508,2.9900226432767525,-3.349689156967408,-0.1389703211506117,-1.8518585095544804,3434178.664056529,3106401.670899862,34.33164627790705,93.37044511707442,1
2026-02-13 05:22:06.812200,4.185450211021003,1.750090877997009,-3.953058847580688,-3.671514057086288,89.05211766674987,-1.6968634109248832,2.723675039934033,1251666.607039183,0.6486791706875498,-3.414892925885132,4.850291692659305,-2.028751902936473,-4.042981529390331,6.815013802861365,4633939.59331682,0.9129509625966384,1.2198891018702378,-1.6853672203147056,3.936596044007625,-2.761129331709505,4409547.244896059,2731102.5085984427,31.548555482192583,60.67737011094659,1
2026-02-13 06:22:06.812200,4.36154774160781,-0.745635613835832,-4.130132400885898,-2.63129441025518,95.6614621083458,3.267073597414875,0.1669838522626774,4988729.415611802,1.619136326370115,4.873361585795459,3.461242105302315,0.9171696889240044,-1.706207306979243,92.65853832183812,2094665.5396858307,-0.1809983289002259,0.6574730655114589,-3.5254699073382048,4.506063715798728,-0.7561098192748963,3579625.295459668,4994469.2766575385,47.57040781890562,68.01096984332773,0
2026-02-13 07:22:06.812200,1.3435676855813523,1.6096113650821375,0.9668223699697056,4.850259087805263,0.5414635185767496,-0.4373864859204563,-2.290709633980851,4473735.94127371,4.244337846654987,-0.70140556997019,-0.2922071352177403,1.2692545720173,0.044764156528954,11.931257478855102,1709246.3763235095,-1.2364242210752725,-3.764080599795204,-3.175366970389973,-2.7786998544097483,-3.912673752675095,4273733.714958268,4573445.158474449,75.17109050831512,42.25650322352629,1
2026-02-13 08:22:06.812200,1.9602979667497296,0.0761037868445502,-0.9154678692930132,2.805255152438618,6.895801635642118,4.840131632104644,2.587762537573252,3236237.1397864087,2.511771369540428,-0.5589644309338135,-3.1718661146077407,-3.0797663086365548,1.9337753851885244,71.04218150124117,4920021.852787267,0.0313355474831977,2.1470231638225767,-4.267543958926099,2.2967841364724126,-3.432370524007053,4405937.797255976,1941628.9953661065,53.66232797354938,66.90800168622832,0
2026-02-13 09:22:06.812200,-3.836594787616911,-0.6325681081917314,3.5886758956856046,2.051815403720812,51.701509688794594,1.1707182305437098,-3.05028692337755,4673985.609158119,-1.2487817604184033,0.6567694007531687,0.5341773961272042,-1.2876739568206537,-2.09546348665724,81.58857594429386,1758223.2371662487,-1.8187074012463909,1.8868668275213565,0.4676950884704177,-3.754565314587888,-0.5092805883884082,3872437.2391711697,2135344.0240424424,72.13849470782182,63.25847137746963,1
2026-02-13 10:22:06.812200,0.7006117008936492,-2.5759026758491976,-1.2731148298768602,-2.251939644518639,5.705472115125431,-2.1159456218125428,-2.1750393402714776,2284648.610543814,2.53868082709913,0.3187176650501655,4.562918815133614,1.6668565189251303,2.662454727603789,41.89236247929187,3385034.3009308083,-1.840641776143632,4.3770461537936765,3.1231733271411883,-4.479541612438686,-0.7359394350802715,3436781.565573305,3907919.485383262,77.11360481708222,94.2334494935037,0
2026-02-13 11:22:06.812200,-4.028235062292315,-3.8516317526079646,-2.4024621623967377,3.226143185136785,28.218707469320016,4.61135485407593,-1.469496083996976,1880445.3036190125,0.7789111269408835,3.7361852873721535,-1.233235595705375,1.2337956595990711,-1.959053640287162,51.727216975431055,3838948.339204081,2.2924024909756806,4.122545611011557,2.5240923321200928,3.842451739289542,0.3741693859980701,4412691.9145868905,2512124.2489327807,66.12653062650915,82.30875290068805,0
2026-02-13 12:22:06.812200,3.874908065648562,0.6104594583533627,-2.5268304067025937,-3.5384025707188576,83.77790186479405,0.1731459467316517,-2.44709731797528,2979175.354256436,-1.26145040828236,4.677468676786244,4.582065241996347,-1.953982754894969,4.104224873319042,73.48834170235237,2528477.1736505595,3.9715199696882775,0.5645449421905165,-3.910932883217528,4.290804997559712,3.5906699196609546,3319220.073669063,2262113.139416649,38.869335884034605,71.61963482270075,0
2026-02-13 13:22:06.812200,-4.913556543823775,-4.876792291368292,4.506876763132556,1.7009373708668671,13.178148213181908,-2.012973945069056,4.440345450318756,1670297.814376855,4.472675198218632,1.210648138905982,0.955466658039124,-3.0653174389777105,-0.49281463475471,10.930784343020058,2492520.7615884054,-3.2074594310525217,-1.9195193986121657,2.3000018581927155,-3.5313289643522765,2.166448137716426,2630153.803061136,3468771.350755402,53.40096432684568,45.81887273087703,1
2026-02-13 14:22:06.812200,1.1500722669916978,1.1062004244163255,2.234201136885849,-0.7626174635123721,26.1705683735906,-1.1051810509757964,3.9409430253325066,2402082.1371446475,4.043597749938572,4.955689004906878,-1.607593388261637,1.024691704572664,3.116270144448535,8.421301117709834,1029431.3185016582,3.747470734889747,4.460756180688314,2.5331293187925707,3.6267516294572575,-4.774956725713135,2058388.44752412,1032432.7875448528,40.93449208823926,4.197272624350601,0
2026-02-13 15:22:06.812200,4.900538501042632,-2.1136944675974423,-0.0412426492122914,1.6754989929147044,24.697879907199983,-1.1448809526307766,4.464565131504054,2490133.0950382035,3.174078473061094,0.8271444934468155,-4.375686727222197,-0.1021413201175924,-2.0608323949506624,98.4575896376113,3072822.928730084,4.38719301977863,-2.55284402976299,2.1632534347602803,-0.5667967922730135,-0.5588699482459356,3078007.419059925,1037010.0897436094,89.54127111942189,47.10828507045132,1
2026-02-13 16:22:06.812200,-1.4330230223430127,2.123642997659464,2.372231349423106,0.192540663267562,83.40940624046934,1.4918871801795728,4.900451891438881,2573913.271204786,-2.2189116224838137,0.6586202460779462,3.08680082612214,4.767708515311079,-1.1227986390600984,15.996938568084998,3167866.617503222,2.7969723329637914,3.2329214827246995,-3.069102657416418,-0.9650157222604528,4.673944187115937,1513153.5970424302,3808890.3169889688,22.017630112533418,50.94008588503428,1
2026-02-13 17:22:06.812200,-3.59915984763476,0.8123822142261226,-4.189537840923521,-4.044646861653318,90.62545805210368,-1.596128957454943,3.9255822748647446,1274854.7108958438,2.5704811469862543,3.1247382104417163,-0.1382634589511697,0.2865660398927563,-0.5367364001343873,66.6407304694919,1150114.6301272125,3.0509337679952626,-3.684346933606454,1.6938542366986915,0.8586305052792156,2.813562183952003,2802146.156268304,2842264.030249023,16.25670686634786,39.79530562013335,0
2026-02-13 18:22:06.812200,3.4249755356426603,-0.6932535204696701,-2.742263405750172,-0.1374124847741232,77.44727670240613,3.835257833555152,-4.630906588696231,4180260.643796534,-2.292703907167649,0.9046530522630948,3.540775333160424,3.6280411739620937,3.423523781693752,43.63327094304597,4115000.58800024,-0.2303415541684627,0.0144938297582237,-2.537242912814625,-3.5991378762120974,2.1638677104160458,3432694.18118542,1309712.4440739304,2.0280126363084103,1.7616621084866109,1
2026-02-13 19:22:06.812200,4.858841204592016,1.84206685021118,0.7667348344906725,-2.4954353090697303,9.557602830451057,3.446745418490377,0.1588733627854829,1745654.079066499,0.6152247231886124,3.2535890085948305,-3.3678115686309305,1.2774930540905804,2.230024370997773,13.276276520634145,4285725.814690792,2.529365475214126,-3.536281965484152,-1.252889374901924,3.879994233174305,2.873706865697609,1735029.2773923932,4777589.278094118,2.235954301084744,102.19838208123814,1
2026-02-13 20:22:06.812200,0.1832965236373676,-3.4563728472579767,-2.798167980501886,1.2385932467657303,24.95461998495061,0.4140760734758517,-0.805520060426864,2478296.797707093,-4.443944783195394,-1.730589756633247,-3.909863843590713,-1.6555747288189595,2.270185270141339,28.540406846342247,3276920.848365792,3.505801973065994,-1.9772329950355152,-0.2300808462182502,4.760783324725189,1.800460563742698,1046579.5980123848,2953339.652017338,99.55164485903248,31.014722109080207,1
2026-02-13 21:22:06.812200,4.4961831703183135,4.282450425615063,1.5194183718609715,3.1589979711849883,79.1665425823768,2.734026101027564,-1.154713296805478,1168126.180624245,-3.391084782717506,-1.073940442698903,0.129057806359237,-3.658927480110516,-0.3995080674714821,9.044861433341858,4699333.668126469,0.0969983147326554,-4.31632354830757,-3.021576377047618,-1.2248303582931488,1.8510573127394152,2959712.609087335,1848437.9218295969,30.483171142732733,60.65928701515124,0
2026-02-13 22:22:06.812200,3.7737307192795537,-0.1885989814518254,1.8325876365959592,-0.4823232126277084,27.1949726128631,-3.458549568215129,2.803655030068817,2856954.0789569,-4.931220377803507,-1.942560425527089,-2.51460179072574,0.1931269264230319,1.9292022922478853,58.58083942152443,4683083.398544301,0.5054530061999554,3.950851727663146,1.42278163507115,0.3230436384816624,1.35156988863935,3227248.5725629604,1090278.786293771,11.88525784762372,45.13367251540973,1
2026-02-13 23:22:06.812200,1.4046402646538343,-0.5486935627245801,-2.068920372396146,-0.9883639315244648,5.987696065742997,-2.3372215772802534,-2.60569157124469,1647219.8851234273,2.5508229487152034,-1.5943336519128757,4.392299810093867,-3.444000773023686,-3.2064461649881024,78.43458727538383,1621574.450047003,-4.105045305167193,2.2613350780929182,4.994261486860205,-1.4456956311744935,-2.480839271857749,2474124.261510508,1876715.5607705647,74.20641896385219,20.73871910419993,1
2026-02-14 00:22:06.812200,2.407686177542044,0.3258943255158586,-4.238691405096998,0.8660846317547408,75.93982624179637,0.5371148535801122,-0.2366426669890122,3890951.008955219,-2.8755272280452706,-0.9729627900543978,-1.8305737823271864,-3.0244409432152173,4.873684723122,10.948236606899398,4873676.522001632,3.258882264268145,4.720534746234883,-4.616384452120253,4.0532182837608985,4.0955542843720245,3646097.2965847,3747709.66709721,1.4949971104238902,38.41941849259774,1
2026-02-14 01:22:06.812200,1.97015740995268,-4.4817646317757305,3.512069140487688,-3.319857922551366,44.973984245054,0.4170481241000399,-0.0246014785389778,3626917.938886432,1.6352359391345228,1.725072626736491,3.088263234916841,3.0517439736037684,-2.7483897578406813,96.58366688075836,3162210.701555697,-1.964960908520478,3.5932495107047604,1.214644226567846,-4.169612421898136,-4.8196799017476994,3367657.6176762804,2176013.5543798124,89.00189011487647,43.23338998786653,0
2026-02-14 02:22:06.812200,-2.368945104191201,-2.696065677167936,0.4139962129295472,-1.668967448770727,8.30194458133435,-0.3779118317820885,-2.048937262519163,1723915.487005914,4.903888353870579,0.8541550489714773,2.191039041702709,-4.658340456219122,-2.0161072328340595,47.31338487559257,4561585.234431764,4.079380346088456,-1.473554815900792,-4.488247139361961,-2.029211656245708,3.65366790166446,3379562.139346065,2934761.8727535745,53.94497543881436,71.30820768773563,1
2026-02-14 03:22:06.812200,-1.5347669834668507,-0.4862825576001782,-4.7798502727780106,0.499942034745253,74.61326585274415,4.411246903547226,0.7264071655875468,4758312.232351242,-4.53927494905933,2.8348538968680046,-2.6839317862281367,4.287416047758779,-0.7831700132969313,97.39324970216371,1788141.494739076,-0.8733813788801786,-3.290740843019911,0.832586960779381,-1.531056480020016,3.7456456004395777,3070462.2409633254,4876954.1623742655,48.61294932178803,48.1639799592396,0
2026-02-14 04:22:06.812200,2.024840839871093,-1.633957218060794,-0.0485347298602567,2.368737449441821,77.67105569551812,2.6190181260487,-2.9531989094271607,3835062.620916617,-0.8880251111745423,1.821916892550988,3.754886503958964,-3.142230453012922,1.6231791353958238,17.478498788336594,2832819.221008864,-1.0152123789078562,-3.899822788724564,2.778777055368772,-3.0894813129131715,0.5704758619223416,3945119.595133686,3239572.4061437976,24.49535083659561,97.92618656086424,1
2026-02-14 05:22:06.812200,2.4013326048383976,-1.6382477431869569,1.857567498198576,2.608776603239036,101.17188597581674,0.0060650644824197,-3.694440246506373,3439945.5218630787,-3.812186857393745,0.926802624025474,-0.6823605471056283,2.6813974178248188,-4.618868632459407,83.03081292590115,3825058.371141914,-0.1756071313172946,0.1267723245720141,0.1776105495989899,-1.1974761240660874,-2.756169212835857,2365419.8496101787,2578463.7329377043,16.444660728831277,90.05647359559931,0
2026-02-14 06:22:06.812200,-1.4050884878024483,-3.6558532306102576,-0.19413422673352,3.627970775432285,6.536615756438524,3.336499619375856,0.911303032585165,1033454.7275074284,-0.9759374070068824,-1.847605653505492,-1.9753368253853032,-4.150337101105336,1.096819082757774,64.80303180552141,4780068.3769939765,-1.830869861814557,4.474279980597931,0.0035836038439018,-0.5924505655868213,2.873488484097071,3285358.1138123083,2203676.292661676,72.96996274467209,8.863297474958076,1
2026-02-14 07:22:06.812200,-2.0640815573550664,-4.366250295272323,0.9240778465951758,-2.8326019990922435,48.75711936733843,-0.5955864968757592,-3.138641022466521,1870669.598322144,3.8458688822961378,-3.667900758633713,3.586981212445739,-0.6375397364284261,4.150984544900298,24.545446253893044,3694439.327986781,-0.3261266455207456,-0.7664197264921402,-1.424866715727631,0.847568083373047,0.4133538270126724,1267001.0194030276,1668537.2594772289,81.10153749320693,92.22308698387296,1
2026-02-14 08:22:06.812200,-2.0918124095863893,0.5830332096186716,3.9731840447102535,-2.910027977280236,78.94520069206473,4.034132155129513,3.652624652511052,1232960.9101240693,-3.357273728663696,-1.107471308201667,-2.9564499011444467,-1.1953738319270122,1.848149185093358,59.95556953668718,1973132.3167334888,-2.1393102231109964,-0.4356916434334426,1.8806227433708056,-1.8398155526800304,-2.5742031131976595,2051014.7717381688,4387870.880104089,63.93409414209698,1.1738158082070456,0
2026-02-14 09:22:06.812200,-0.4308491675482578,-3.896224694063217,1.6782233944587963,-0.017910852933097,15.307552903336914,-1.199462751382324,2.10585127838792,3865504.47397778,3.962003787090791,-0.8423033568594364,0.1139283513105422,3.5260110858578315,2.094676267057395,16.880353123510428,2110441.5422614818,-0.5732274935774453,3.4699336250092645,2.120622893740374,-0.0441631243306458,0.1026879324379859,4334561.1395701645,2602026.2963160854,26.57484308129343,67.6179319348354,1
2026-02-14 10:22:06.812200,3.093611554785136,4.899602323899453,3.2468096592514915,-4.042854444798383,3.361360018328264,-1.9766675064850627,-1.6843530093280623,3646737.153599426,3.955628481318387,1.3239625646550852,3.5723093736979106,1.5830743950606188,-3.436378583551249,71.75613826485358,1259597.1181536375,-2.1442038376136363,-4.906897092376463,-2.2257326519902088,3.1622785186280016,-1.7610444741962086,1465782.0963388458,2628694.954395501,85.89863910321168,48.02367134710267,1
2026-02-14 11:22:06.812200,1.7416465698232202,4.040478410179011,-4.61987035749558,-4.119569447305302,44.09654571648327,0.195800171579357,1.67335965365031,3291978.952374168,0.4059898891294075,1.4166521329036803,2.103825286354034,2.233105453542798,-4.78934834501627,45.99248881666684,4369247.583975616,-4.547903831743891,0.8839975429578021,-0.6861156552642335,4.155967530228015,1.0627176473966096,4648676.7739712605,3485598.931355603,3.3293723994779296,34.004956919608645,1
2026-02-14 12:22:06.812200,3.1011339467918084,-1.7764615502527703,-1.5219079209780697,-4.763614139536636,6.265320345535452,-2.4066510268290555,3.5503020161993515,2935957.4727189885,4.091752640535857,-3.7167413781123546,2.646509503848735,-0.6228317506645862,2.517981635869329,77.68213672402811,2862902.3106699903,4.616114422544468,-0.5760625925180642,1.428020501620825,4.882621151431868,-3.637494349080221,3385898.310175809,1929093.459162003,99.15942356641668,62.374224549954114,0
2026-02-14 13:22:06.812200,2.2854296044722457,-1.265798340919576,1.3490192816416338,0.3993616313905276,87.30298059981286,2.9983329260258778,-2.6756230885532304,1962745.070634839,2.943111843572006,-2.475694932208931,-1.0861415427000372,-3.742646379126598,0.2957708188451926,78.7879277435496,5034182.297211991,-0.9790322203278964,3.060003864460324,-2.257421408162694,1.790446279349338,-2.292665905283052,3547364.441088291,3796298.361274957,60.63507926532712,31.13949385746838,0
2026-02-14 14:22:06.812200,3.670723185801037,3.0987444585463493,1.7801615255906356,1.4197150044326603,90.64374533444108,-3.0537616329512804,-2.929241907891448,1021253.9026733838,-1.861219234849727,0.7849250822933005,-3.5330488598481846,-2.232458680486914,0.6826861626876832,67.34197289114327,1960980.073857216,-1.8715537199433188,-4.539308303245324,1.928011986299088,-1.111485035258836,3.875630718161913,2099916.7678945605,3139203.907676672,29.403971003999903,83.01829666176938,0
2026-02-14 15:22:06.812200,2.697246796339576,-3.4255745727806484,4.396712057914399,-0.5115745865047493,6.940611043236384,-4.637143868000673,4.80426396512036,4845842.779934909,-2.276088069326932,2.9027837551614737,-3.0960472663702125,-0.5679726225562388,1.768472317849375,78.55027163753212,1850138.6346599169,0.4067313026609395,-4.849968002741585,4.306976190130733,-3.206370230610914,4.428322169863114,4144736.205302845,3369615.7833991647,33.5415661645828,28.11703526855929,1
2026-02-14 16:22:06.812200,4.132405525564714,-2.453593452362361,0.6573196399579109,1.070940360887808,13.924537111759516,-4.423524178009751,-4.288417148265672,4217978.5697272895,1.910558127392617,1.93422128056309,1.9032284690072905,0.5817118389044076,-2.253341302120946,61.44994602551925,2879217.2857947266,-4.019554618890602,0.438779211611175,3.709675998625425,-4.525843638599151,-0.2923760761239702,1318580.5161390633,1795314.12114592,71.02433419272592,36.04630291492556,1
2026-02-14 17:22:06.812200,0.1134239886093784,1.8150272222392925,-2.3297172983057868,0.4669741271407002,53.24206822752171,-1.5755202116528668,-4.309924073871837,4091238.293161349,-2.2836681872563034,2.0061149639445164,4.450240645805687,-1.5299766458780004,-0.2556508585282593,89.24690939520117,2821862.288025447,0.2681716605041337,-1.6144597256294868,-1.576659175390093,3.011715032953248,3.7811519698570137,2718410.973794187,3033623.906578508,11.539985828082822,43.04219080879669,0
2026-02-14 18:22:06.812200,-1.7215567052684786,-0.35721956675099,-2.3809722441245844,2.38525901377756,1.2132333696075108,1.7107874494515172,-1.80741405940638,2014299.145014417,-4.322029700753147,-2.2544941329497465,0.5443839251646462,-3.1377648188249307,-1.5600078531667343,67.20378214781186,4762306.492471707,1.7084917524228698,2.3759901775742533,3.86616854770812,-1.0232709135658753,-4.269599499058205,3022426.887606409,4325642.907174384,39.18780492076806,15.232701461851525,1
2026-02-14 19:22:06.812200,0.015162946871996,2.602278598896865,3.78629986355158,-2.6805290388402456,41.10956026007065,-2.2975230786921674,4.407845205031078,3193676.6519742506,-3.0939016692555024,2.534721106595967,1.8254047876715704,4.328676901266331,-1.662234029302022,7.862671098975804,3328579.211258968,-4.429009215548236,-0.2656506640595122,2.6977230738558555,1.0438071908280817,0.8585212243316835,3217290.3923346214,1629514.0594754703,40.68092913568494,40.95184802787139,1
2026-02-14 20:22:06.812200,4.780540604936281,-2.160786118716292,-0.0422718063263375,1.633944020815305,23.65385537132668,-1.1192195500264646,4.401424584960714,2554314.6225951216,3.2153476538854,0.8131492388991592,-4.373302579206578,-0.1061095831531342,-2.0717076858767456,101.26816682558028,3123417.3401991166,4.309508633223065,-2.4379046602902554,2.080415217784561,-0.5823094921114138,-0.5667644318910677,3033418.8568887496,1009463.442654492,92.5601799118845,46.300210492765466,1
2026-02-14 21:22:06.812200,2.9829517896677515,0.9563874060784432,2.974260216069281,-1.0909400409448535,34.73433262588427,4.664173858664073,0.0692043796183465,1265853.3031050884,-3.153675426526308,3.7285942156566456,-1.6838315089216604,4.226451396035721,0.7931340278846086,33.09147657801952,2427081.961397005,-3.894568336914195,1.1317036074311702,0.6135582418933794,-3.014571411317984,1.741921166150008,2314983.953398426,3683898.83794314,84.79716933125904,37.47310225357599,0
2026-02-14 22:22:06.812200,-1.1088512720786523,1.5530154369313651,-2.4699572147849893,-4.286802214930399,44.86602771532209,3.81282953234039,2.3421860657561724,3626757.1703469753,4.184398904096908,4.452786599497834,-4.86749309187562,2.0941376785384445,-0.6264403410354096,33.91024512011552,2540357.1228634566,-4.02070614719328,-0.0654418380814803,-3.7443954130427817,2.0226659959538806,-3.792808035262892,1571045.921491748,2413417.808430865,48.0317681842569,78.74145934224579,0
2026-02-14 23:22:06.812200,-3.055204710148864,-2.138455239043293,0.4254045325451161,1.248031305358165,7.12082248156307,4.020693308054486,1.5262175282598665,4678651.136308553,-1.4811526996504312,-2.219939834469527,-3.63621063139131,-1.5262594361386754,-1.6937637203538367,44.75503661050512,2908143.7441337034,2.400061218379608,-4.21617313898713,-2.3010719967664164,-1.0446311491598772,-2.9910159846562303,2321291.2771892343,4722664.802275471,84.63586041699604,58.1275274730761,0
2026-02-15 00:22:06.812200,1.4996393077776515,-0.2842381144984163,1.5845183465842547,0.9447633518617308,89.98333456872724,0.577088262500439,-0.9058792818298168,4066060.1981303385,-1.5789237913640597,-0.0004100803521156,0.0057931743083123,0.023718199720955,3.8900061081466593,24.828747963084595,1657081.7978237122,-2.806106108037537,3.688010958178204,3.828364906780792,-0.0517154337857981,3.042611543784501,3881734.808903112,4015750.737765696,36.76580460591084,92.5529321646895,1
2026-02-15 01:22:06.812200,2.0196687725770337,-0.8815908585273142,3.505817290942419,-0.0323314114083057,2.18233967754895,-1.5272296096949245,3.1087858100791834,3334854.350925456,-0.700423802201783,2.302491895295712,1.457250433510536,-1.7211600598174148,0.6930498441220205,98.80139620654217,3014877.7383598248,-0.3564975011785831,1.6190157647192862,0.2781210829562077,2.423102455337244,1.591555446001344,3575082.4324049787,1441576.9369997352,59.10953805356141,82.8929891193012,0
2026-02-15 02:22:06.812200,1.988376244405209,-0.8932978426700874,3.471157185141436,-0.0328384877341208,2.1415485085997754,-1.4927291769525757,3.1648677727719474,3301973.091929848,-0.6767714246772646,2.270556398602101,1.4861111716773,-1.7576797481640962,0.6932394677757686,94.11449565488286,3074474.915140293,-0.3550970502158539,1.6176288488443322,0.2801725683006548,2.353602974608824,1.661868358568536,3613847.9187499983,1454085.5081072885,59.19576168291081,81.00392519617017,0
2026-02-15 03:22:06.812200,-1.4827052214310876,-0.6039586296442935,1.3774628450886086,-0.7326483286796551,68.83386358978822,-1.8047103739265955,-4.40356079153052,3764372.191627011,0.725207915455264,3.3151244709565098,-2.601576968794443,2.479992521799624,1.230797227731898,25.83541803144656,4840615.398743901,-4.880856716596342,-2.150881736900013,2.328163352622352,1.159448845017062,-5.03630549877103,3753844.768072893,3106624.0653618826,40.52646489641904,45.23522908786207,1
2026-02-15 04:22:06.812200,2.95792669436101,-1.5113173345700472,3.672942009598025,4.877855202148872,66.37896861755891,0.8046760099369603,3.3582592791051606,4127839.908631837,3.3094917105506845,1.1917273536583668,0.1057040872850354,2.371324139566391,1.3172241832658402,38.93897796668735,4320811.537383048,-0.6674906769097211,-0.6595113152181931,0.1762982839796727,2.7041178706864377,-1.019451593210623,2331273.444366688,2871209.6481493567,50.377344372463405,10.89999898629761,1
2026-02-15 05:22:06.812200,3.900053418175663,4.295291442478259,2.083629767150348,-3.6356024744326687,96.33944342135504,-3.608032986543045,-1.678089668843954,4006987.969583362,-3.801089065272879,-3.1336006020231744,-3.800470582690302,-4.632870565169334,0.1874784711470942,73.26126992403988,3656048.912270409,2.996918620027912,3.194278536703651,0.778770814409091,-0.0038158800123797,0.1363338392865101,4019490.1156342425,1283486.8026194945,64.59515311120451,10.812335247709605,0
2026-02-15 06:22:06.812200,-3.166799939454376,-3.1824028303089253,1.5594888072505957,4.01019180495499,76.6220895773867,3.781175543953372,-0.6481913572116274,4258589.918903088,-2.5420512198324787,-3.9762697327892833,2.578758918601434,4.318077343392951,-4.948983527663269,16.48351791299914,2636326.588701315,-4.5849452760244365,-3.539970267881164,0.9131520157418856,1.8396849545460168,3.4220489206452127,2422572.1385267805,3157665.210171679,49.31697027051872,8.35264489102866,1
2026-02-15 07:22:06.812200,3.758348371149378,-3.693586314307736,-3.644408480300659,-0.1127623833551923,16.0403815090206,0.1276723413916161,0.4420012784581126,1642634.1392096763,-2.186268981138836,-0.3193607081972581,-1.4169027409338852,0.3391903447403727,-2.387120296286538,60.85506060879196,2421054.4300776804,-1.7962634389420464,1.1846582120070115,0.6103649225806852,3.2705989654242864,4.629479717649946,2344225.3957263567,3802462.8134672856,73.51037128994899,63.96178024925984,0
2026-02-15 08:22:06.812200,-1.620048431484642,3.306194077877292,3.3701332836367204,1.9514455404759368,56.0168183461842,-0.5595625079779705,1.9361805747379528,4212008.287831348,2.349258473948942,-4.743103551305918,-1.8793595534797936,-0.2523099395634878,-4.488344935545241,68.47251638810046,2353471.4637008635,2.394746538841134,4.0558213757313215,2.493153551424344,-1.9478546987114087,3.030455246758798,3594780.170132142,3392729.78216801,97.28943893876948,42.78695148529912,1
2026-02-15 09:22:06.812200,4.713281318645248,1.7094677428235512,-2.38436887274288,3.880330003830725,42.97620591173843,-0.4350327604061443,-4.516142908905999,3161777.1897687446,-3.43278601694182,-1.177271037965737,-0.9249266143074468,1.011726805986627,3.489897847940678,37.0254762975178,2948328.1861465755,-3.279438437789049,-1.1436067719518177,-2.403545258440159,-1.318810357305397,1.9462127843633872,1931173.7924183644,2516788.4233562546,36.698753163142605,39.04378063680016,1
2026-02-15 10:22:06.812200,-1.24417047360056,4.650269106665126,1.974714616692836,-0.9568123189570787,93.68224620330918,1.262343214210638,2.711228158518866,3072032.2656184994,0.3145491418930533,-2.154586143230662,3.0239603055363258,-1.636766057296665,-2.6714144312390573,21.208123747737773,4742092.091035429,-0.7368170600929869,-3.802400335678028,4.646904788284608,4.737425820384935,-1.263497036270158,3549781.5148716085,2057617.1917185816,5.573552650140212,9.865737673280906,1
2026-02-15 11:22:06.812200,-0.2549463768327619,-1.036169917863443,-2.233914861310806,1.2556207309532277,99.46720145862618,0.1055530754559187,-1.3092435876256754,2068424.52548658,3.1481167035285864,0.06023390812876,0.4383562678312138,-0.1421999967997619,-2.211969045710112,49.80502670202949,2074843.169482312,-4.216631431204604,-1.3892404446592947,3.192182135688985,-0.6171484097406552,-3.3690347837294,3903579.94764448,1778910.6490842132,16.51860344978505,71.91172089144183,1
2026-02-15 12:22:06.812200,-4.06018060159131,-3.757027765144553,1.801407717603004,-0.7180038507438526,5.225787928602377,-0.1110216820754859,1.5465068686595451,1561298.07277406,-2.120546573240075,-0.5696629366238062,3.6141804609551738,4.205358851025547,-0.0799827056791722,23.899768021155133,4648830.284996729,-1.6629579242437007,0.3193297755279145,-4.264366457842344,1.6336261095649285,-1.118785432315029,3213710.803148272,3110497.827354831,57.39615175016297,61.909309527111965,0
2026-02-15 13:22:06.812200,-3.581774612279061,-3.7355323209881472,4.139404526244376,1.7375300093672637,78.24584855616106,-4.941825432433884,1.3244655695517165,4497105.61454531,-0.4363654656439572,4.779206310082705,-2.087675808897785,0.7210574572005858,-0.6711518904231134,98.73765072710506,3201440.5025451547,-2.49283851649906,-0.93882925790683,-2.4849171083544404,1.8665925514675208,0.7028051400826492,1086318.649237606,4185060.6141612274,71.78262845845795,23.02357059623041,1
2026-02-15 14:22:06.812200,0.7828014099617402,2.308674752036443,1.1861137821518426,2.175977656581763,41.87933190741614,-0.9822119934567572,-3.4840492519990063,3684629.893518754,-0.0718041546717538,1.1710594442865627,-3.6269996728442977,-4.879969727273174,-1.8976471625529523,28.12845635530341,1837393.597536395,-1.835312159385014,-2.1548804025755586,-4.465653976089828,-0.9176248065370132,-4.043098839419988,1045558.6723542112,3069844.037537165,86.30287792502848,14.36916072617339,1
2026-02-15 15:22:06.812200,-4.640577262032579,4.383404568210379,2.527166395576412,1.9243615132436969,26.015779096205115,4.938483888996982,3.7588308351705706,3481895.1402078825,-2.0005793022297738,3.499593305032054,4.523867523987246,0.5281487571834909,-3.182364022388058,41.11272782593792,1157670.340481452,2.7399508729400903,-4.529388021230526,4.375503374073386,-2.195367757953476,4.145844352217477,3786028.7339075566,4697417.384775202,48.13827117484275,52.2373263966801,1
2026-02-15 16:22:06.812200,-4.625462611774846,4.532918946826389,2.600684663376879,1.8596117191901007,26.49769933617823,4.871265035984235,3.8348957599738447,3541441.7936928608,-1.9938334635948296,3.601188115230837,4.583991266626681,0.5248332772099302,-3.096642115356705,40.328725118955575,1177764.8106721763,2.649596430160986,-4.598375581262643,4.204798591880353,-2.2504624943943567,4.202116866795502,3814358.757770706,4761121.026282989,48.13292821897418,52.13098378116006,1
2026-02-15 17:22:06.812200,3.966669136222108,4.29621121437078,3.598126394081881,1.3533557869270527,53.42789465603786,4.84703397704968,-2.1611466785722167,4285049.431540035,2.2602990962181093,2.185894061027711,-0.5721857226538285,1.7634420400853827,4.13688075199979,46.27070422745359,2207113.6743971817,-0.9569283225222032,-0.4585434910245898,4.364371550581143,-0.4664248642336846,2.031991208273709,4202241.3663470615,3610195.4329915135,95.42869317982114,26.206187294589025,1
2026-02-15 18:22:06.812200,-0.3440198186753989,-3.1876693383433983,-3.413948947069263,4.912559937021882,73.08209649807299,3.80314762148927,0.3909455273600866,3969012.748796349,0.96081955238306,-3.037542832938344,-1.711773821513907,2.40663581066626,0.0413284191843832,23.43250656505268,3965234.833403049,-4.479275937787302,1.685466951139853,0.2987562551820613,2.311029830035621,-4.089636850545583,2504167.1644366262,3196332.890274892,7.852718594157282,0.7219947003717753,1
2026-02-15 19:22:06.812200,3.378270131844197,3.4660047171820314,-3.685882323167769,4.678803913600815,45.18356647571461,-3.907145949230983,-4.334591982716027,3555265.00403357,-1.442873691140183,-4.171940837492311,4.314031328189351,-4.819253871914787,-1.4309022333783548,35.648893725818354,3242453.914807173,-3.0335528976610204,-4.480701811943368,2.0966794314263484,-3.7980992515238334,-0.741531613572217,4105600.327434562,3052441.998775224,33.17356207147132,69.56522757740176,0
2026-02-15 20:22:06.812200,0.4264463470757658,-4.335037326332225,3.808707591989284,-3.716057105458748,98.12970904972468,1.234059581594401,-2.175275736299964,1679524.0242029412,-0.661560771447558,-3.744502101015229,1.6231373873071997,-0.1498201247595876,-1.7719020655214963,1.9651482746847804,4310441.045396613,-4.8717835048939415,3.627707774592256,1.1490301456693608,-2.578165544062323,1.4820917744855588,4770438.840634622,3331993.9188732626,56.05393524167709,31.65963484126468,1
2026-02-15 21:22:06.812200,-2.134587478717156,2.4112064929005905,3.71843527745232,-3.958903506158337,25.65300624442478,0.6937736118228273,-0.747718145623061,1779900.7996011567,-3.3559447092112125,4.634799474743275,2.5182514595668115,-4.145969698372784,-2.4189235682658525,87.93930568071954,4871458.263805421,2.9554439192664805,-3.37097345522606,-0.1757639840527112,-3.2829001102631183,-0.8680552119720231,4271939.084308822,2606612.503057521,33.20738908238204,67.71907236726554,1
2026-02-15 22:22:06.812200,-4.573800517996388,-2.442249584837257,1.8537113247586177,-2.445686961270104,63.60956109668603,-1.9443955805545408,3.580786728215226,4646700.261896801,-0.1763545679366484,-0.8506597993535867,0.0748556702507796,-4.021991802345816,2.280660592405464,83.72447945244248,1442017.827951491,1.2160015737862762,-1.992551106961668,2.369514317367023,2.3172317622813727,5.079909372008907,3275995.700122985,3380856.636035539,21.07723249624677,10.832023983685982,1
2026-02-15 23:22:06.812200,0.9083326056901077,0.744731131799119,-4.7075271696544085,2.243388171287412,65.41746014740745,1.2066047982458403,-4.624289096010926,4561638.068877313,-3.834169254443033,-3.919554406235929,3.1194623463788336,4.724613900279023,-0.3601458255961915,96.5609831380884,4559345.576353243,-0.2285362401095074,3.124136576239005,-4.063425473925255,0.2983388896207026,-0.9438060974455764,3350777.878125249,4796318.412731268,15.49417853379359,48.40389402278484,1
2026-02-16 00:22:06.812200,4.141846946487858,-1.0386975091299673,-2.7775593041599387,0.4819020364345265,44.96573743357938,-4.583067117936132,-3.0338639935445486,4249106.453237372,4.366770803431972,3.581622106066176,0.0439513101631292,-4.5735788549024345,-4.212673186149664,33.381137391313864,3066633.9069021936,-2.581888600341604,0.1825974198560058,1.2201973134323536,2.350891921985144,0.960433240469272,4685387.119441845,2552277.882292335,24.952727617789947,78.94791501050057,0
2026-02-16 01:22:06.812200,-4.813563259105449,-4.189589630779103,2.545321710778569,0.6797295363504368,43.37037018146608,-0.1454248792223693,-2.45585930891909,4280517.572017409,-4.2813203955018535,2.144283680186575,-3.699680862546558,4.653379330993378,-1.0689452285388197,49.16023885158435,2565254.398218512,-3.33501101975802,2.679133462487884,-1.7687499874704555,-1.7087778792630022,-2.228762673357987,4651341.565595112,1207039.0769672566,61.445569552139766,47.353898031524174,0
2026-02-16 02:22:06.812200,-4.694997500609506,3.4182877675827203,3.258167505647627,0.783869170064091,19.809763275974014,-2.986878921775668,-3.721331987775824,3999911.193808283,0.4669568207213013,-0.2150892989281079,4.457497022259302,0.180104313760979,-3.667157419178269,34.15703870315679,3402139.0728256595,-3.69118861446424,3.5339573353694167,2.680893784186665,-2.1001260735585814,1.7955183657268394,2008727.9272770777,4108743.63775844,84.9034513283473,97.8269485998988,1
2026-02-16 03:22:06.812200,-4.626518112507856,-3.602276233737105,-3.711301325265548,-2.2583933344019416,56.53302545716099,-1.048622567356814,2.655467505158608,4632913.954801291,4.024130332861034,0.8556372879330185,-1.8708045197117733,1.1418624431901137,4.277457330754073,33.85068794254729,3120209.356849524,-2.644340654054988,4.143404426664835,2.4722464508858693,1.2890514492361502,-4.329062673701213,1814869.5731106664,2141621.1612113663,52.15995129911216,87.41037960662108,0
2026-02-16 04:22:06.812200,3.01351525296156,0.3787438602852921,0.8107418099278573,-1.330629094123576,44.00830019187057,-0.9807665625199146,3.8721503672043496,3841485.898677124,-4.2410033975800525,3.2592800488194347,1.2089781426279218,-0.5514176696203639,-0.3951976754649521,72.75387691022557,1529387.3664555976,-2.023702818275128,4.396640377072999,4.318787690203647,2.283959194406184,-1.2350915758186338,3538789.484468024,1287561.535500192,22.56068319462319,5.064358444438004,0
2026-02-16 05:22:06.812200,3.461133187508956,-0.6896727663943083,-2.6887543401720944,-0.1440960487335831,77.60995309144043,4.047328663832927,-4.648469055971538,4265028.8142559,-2.387887106500756,0.9479719570345152,3.7038396783532233,3.818227530232402,3.396914728859925,41.9867070363169,4353499.531918583,-0.2294918903247221,0.0145509976443999,-2.4755392732915245,-3.6529547331354526,2.221849803675017,3391157.6333206184,1325172.9619876158,1.973826505709216,1.825698983775487,1
2026-02-16 06:22:06.812200,3.2260056065965834,2.952673118598902,-1.648811457408581,-4.205806310110134,46.39324866883362,-4.605404671091007,-4.999883652446338,4034861.284655682,-1.5604231344231447,0.4137442090743821,3.5850645455155448,-2.633902172924927,3.67702097919239,0.7091812774370987,1111364.205050345,4.325039530973825,-2.347149109139476,-1.88296678507188,-3.820613251257665,0.9370578295143464,2361539.3507101964,4376838.343104929,93.32764123790666,35.90707790431512,0
2026-02-16 07:22:06.812200,-4.089825719129714,-4.664167633356516,-4.247931137153098,2.870861880815073,74.97923844087612,-0.8071938843580339,0.4539914121529645,3429805.6338040195,2.613730473770256,-2.744046393088134,0.5033362784258678,3.303275529820964,1.4990452498332651,49.66985519809068,2613567.6245589694,-4.227562517984332,-0.8610836420193009,3.0976169386673087,-3.903208704240904,-3.7366852530011134,999561.114198802,1459488.0119880843,74.82539455122505,44.622431888932624,0
2026-02-16 08:22:06.812200,-1.3980935858873709,-2.9837267995225547,2.4350825629160777,-4.143417504035694,97.2005329631537,-0.2445396251317335,-0.8343417151770787,3388621.223961208,2.3300010722262323,-4.139678429670568,-3.68313096563793,-0.1650191489319619,2.0762058574053537,68.02506883303741,1986625.7873791112,3.59502975624898,4.039530651898893,-1.937607547715996,1.5494110456732155,2.720317859723548,2906271.7743200744,2729585.44074036,80.6016504603069,4.54865414722746,1
2026-02-16 09:22:06.812200,4.591814139720738,-3.920603335034544,-2.7041235152090466,3.0130934268186014,80.56794600798288,-1.1522132905683775,-2.5759320500463563,2562333.787573523,3.2532568564641013,0.4089328635917473,-2.79999772138382,-2.444078237040608,-2.6431810470783663,90.90472791059378,3952043.7744433032,4.798422498676519,-3.70052139519537,-1.7630517553455396,-0.8577090761832203,-4.795608562961103,2464427.008810938,3737165.8687523776,81.38364538652836,15.867778252382422,0
2026-02-16 10:22:06.812200,-3.729394873481152,-3.363440571342955,-3.392401039516918,3.9419087466411824,60.85272726964666,0.4302458395766315,0.2251018108558842,3616530.948111495,1.5866135493976694,-4.429730859963806,2.050409063535927,-0.7085050804167814,-3.9378617241154377,82.54398957486288,2838459.0069317054,2.0978505022397256,-1.7933724526356776,3.3784138090551856,-2.167034720022978,3.2821275788659428,2184262.0401557884,4314668.574134376,69.29717937736673,84.56263001150188,1
2026-02-16 11:22:06.812200,0.2224326005480437,-3.3573420206900706,3.179670241190621,-3.081326752812571,34.95063720868188,-2.722502638967904,-4.453655799990277,4556511.69576004,4.31554914309481,-3.9451657253896433,2.419777295139859,-4.251041579980162,2.75877254469693,14.660830036000316,3514015.600334272,-0.1777476966267341,0.523380134555028,-4.276427422586734,-4.997570655654872,-3.294696106062247,3059717.981569931,4291552.273174008,0.5025503365311934,91.12343103146712,1
2026-02-16 12:22:06.812200,-1.4182721851431357,-3.7353819063433567,-0.1967782153952099,3.639709533775729,6.673159674803152,3.308233473256774,0.9346657197909362,1026737.0589118524,-0.995662464983504,-1.856365070402164,-2.0206609957501,-4.16814367877838,1.0770545336125692,66.60171592006253,4647625.485355886,-1.856831747289202,4.398342247566659,0.0036721147672756,-0.6102863491957184,2.8918690753797023,3380632.1891672392,2190924.626941128,73.1079334515528,8.911640855032358,1
2026-02-16 13:22:06.812200,2.6999355309861084,3.145747202313821,3.32134177957742,-1.7662843788447926,11.409578488793336,4.640288471655138,4.730781629723328,3315227.018047762,3.209810172991409,0.8558768387261253,1.7772324120132046,-3.938396464525328,3.079573281090189,15.966634936715074,3229007.3332736427,0.2032362619138572,-4.494925291677179,3.8110514835656577,-3.730639423258237,3.974190500781736,1661481.7020527436,1755480.7470514176,42.782345663825,82.06273934190368,0
2026-02-16 14:22:06.812200,2.5572279829183007,-2.6281505740934605,-4.40393464682554,-2.2595484825903736,19.590697031971327,-0.2663455787640023,4.952844569353433,3786646.2073887167,2.54051892812556,1.7650344226176429,-3.520594234570708,1.1020729019840565,-3.4817084676278363,95.28991261871028,4120313.694756655,1.6651081235365282,-0.0244034491096864,-3.8170505420071295,0.8665247339767163,-1.0066894968305196,4116806.559886477,3879334.894409938,6.923890932429192,70.99999467350074,0
2026-02-16 15:22:06.812200,2.000613558823886,-1.0104520874483998,3.442707018711676,1.6780629633930442,50.19480559087465,-0.0630017628350673,-3.445252144571251,2279100.51443766,3.4852534704156093,3.3652191543772765,-1.4783168806255067,0.9229852521032266,4.686222196620685,97.29664992185882,4937042.55810423,-1.5438992014289057,-4.599486577144176,-2.7611251628894733,-4.771898597815417,0.8295866693624943,3390689.6117421654,3545949.5148791443,44.63083846362016,91.94453700463416,0
2026-02-16 16:22:06.812200,-2.8417897250315685,1.651972206962001,0.074677337608362,-2.73343597773012,15.124682873493455,4.09454610937242,-2.738746687503281,3529565.2973135496,0.6660525890546296,0.4434488763432114,-2.47685263864847,3.374725196187745,2.6776461771433766,79.00832499714377,3970543.9587267614,4.752445352839587,-4.561189116312564,-2.433383101040856,4.3361537783509405,1.561460918474422,4910851.251302,3804564.525534308,19.74862816520323,12.794994091976486,0
2026-02-16 17:22:06.812200,1.2289047581900023,0.2306542476911932,-4.936141282831664,-1.4500369416806267,22.53169299512351,2.221432354559058,-1.9580128036371915,1625906.8640144025,1.5703049823410726,-2.662592079632557,3.730431470152034,-2.601800477934097,-3.8603411288075886,61.629074835414464,2119067.723548164,4.65770443884287,2.203732127322029,0.9298474775549392,3.673546391153579,3.818548008206829,1431698.2198599754,2162571.8772261245,91.07979110488678,99.79151344122876,0
2026-02-16 18:22:06.812200,0.7421232845993426,-3.346867922669437,3.8642224246400168,1.7467187526072192,26.20534825870356,-2.89416694592424,4.24423511808326,3029155.3137936625,2.045521554970537,-0.977576178857596,2.821014485812937,-1.770090369887099,-2.8856811626128502,92.65507688667776,3164994.5926245884,0.7179393740208749,0.049529251862701,-0.5969491328666328,4.62668165733842,0.543436357158936,1699149.039621222,4320336.097644385,12.91710044691101,33.89575845050698,1
2026-02-16 19:22:06.812200,-4.14652535006232,-1.4116951587649753,-2.129618668250872,-4.305761572539066,25.0966661340298,0.3338662876536258,-1.9605748774497265,2895684.880464411,3.9838646658403487,1.3777414184559156,-3.3114153662960497,-3.050417285013695,1.439079570677647,4.486055762771701,3259810.430609893,-2.847309542141657,-0.5552002202220896,4.359941790017777,-2.663909679637632,-0.1471928288980173,4727776.558617488,2189970.679970673,17.458398467636027,25.85842215527738,1
2026-02-16 20:22:06.812200,-2.91025851629894,-1.215181108244391,-3.938211366289622,-4.090913045512253,23.76114264341957,2.9564041432399977,3.9926731567676,1303449.962403312,3.905824803894594,1.8696369181520536,0.2383005722563778,-3.7585493266835575,-0.8498256779743991,5.672982764606187,4567001.509194273,-0.3846860851072314,-0.883689518550904,-3.310399640403112,-0.353340513322173,-1.0435320756184707,2617953.3107630084,2742925.6378189293,13.235270547052322,10.061890755582304,0
2026-02-16 21:22:06.812200,-4.483182788313923,3.7720054081310814,1.1692691837574216,0.1905979090827037,85.06160578411378,3.6996915964768498,-2.695833378826501,3865588.447832396,-1.004812154130652,3.2006750205564938,-4.463652084791692,0.0491145125013927,3.343247957493986,62.25469904622817,1352568.973563169,3.111045663053181,-2.437076246307824,1.7812250153664646,2.7837190454549123,0.42033345097202,4654312.04561078,2185392.307522323,28.60600516592855,72.42049128083701,1
2026-02-16 22:22:06.812200,1.3692229048759332,3.4484097606175315,4.250061269411857,3.4925513895901883,43.35961625489358,2.425364310448752,0.1757638959265806,4458479.0148879,3.3547109727877897,3.612798687645582,0.7840251328220809,-1.56393993596799,-2.222115324670648,63.98683638147021,3541585.9920952185,3.00205634054829,0.1961370018985282,-4.230434046366453,2.6286562158394604,-0.5105385406017539,1931014.31443324,1080462.9303270068,71.03144250623029,26.24587811152617,1
2026-02-16 23:22:06.812200,0.3135463156814797,-1.075548925773646,4.811861780274235,-4.3238743640778505,56.12227882825249,-3.69347656176537,-4.985261779136886,2083770.7932654617,-1.7320529414222263,-4.584210401534063,2.1746499061191216,2.68747131362513,0.7735340121966772,30.891772284376607,2654662.094332828,-3.027573338329832,-3.095865039750898,-0.8557018753296344,1.085715931739743,4.190382770286711,3101441.927277992,3902272.990239793,51.68367677344992,90.80348763357216,0
2026-02-17 00:22:06.812200,2.403625154027228,-1.6025030266971751,1.8576810532856736,2.6571832270015032,100.71426786728505,0.0063321110878014,-3.733131378870616,3326089.672409679,-3.948784074103244,0.9771586809721144,-0.6903771264715096,2.725594238131157,-4.759982255556732,86.89273034328586,3672218.328306645,-0.1647449772103977,0.1259494380861879,0.1779359748465261,-1.2245856022428083,-2.9169466186072013,2291376.4348185994,2619911.7125498992,16.85708497322359,88.25381678548129,0
2026-02-17 01:22:06.812200,0.4063512161010649,3.1659943947157707,1.3181352701666835,3.003565078223616,52.33909113743665,2.90509794274885,2.293447940879964,1809016.72209814,-4.891889163648036,-0.0187005645195759,-0.2452428476726629,-4.380534814210121,1.46407375228089,36.8725155470846,4000643.331818404,-2.864625221160486,1.699534908592181,1.895342089054152,4.709047114498695,3.999095433546717,3899641.087344337,1919304.167170144,26.33636189980793,23.568711433070945,1
2026-02-17 02:22:06.812200,-2.5745208124197902,-4.888424649088183,-3.644268281260248,4.322914478692879,33.03895626785095,-2.872783148575793,-4.555880310200997,4271925.132249398,-4.482750327623489,-0.8435941082622851,1.2684302754551615,-2.12099480866644,-3.699824918470003,14.194013028092858,2984124.318862213,-4.79298160533809,3.4012638203216,4.082035730491632,2.8224979967842656,2.408169890132139,2713721.7014112542,4206182.759915715,4.219925562637583,16.679995643032733,0
2026-02-17 03:22:06.812200,1.374299014982066,-0.608650914297816,-2.4019641893584023,-2.6628791808956698,11.476887186921749,-3.751791860331517,4.668454997992853,2255307.2328976626,3.2655107419146425,1.8931041210269035,3.49098019958676,0.7680791963825584,-0.4163652057369384,76.97314182968802,3773603.413716176,1.7609303416457678,-4.995984559746601,-1.560203636836298,-1.263943404659409,-0.5183912663099797,2744193.1918903515,1003623.3409843608,20.98646772791212,90.8258554677066,0
2026-02-17 04:22:06.812200,1.937912955066316,-4.567284894089666,3.432814031115421,-3.2382668167900825,44.90158563673101,0.4247675208244977,-0.0247674589925209,3634427.515914217,1.6388790863571645,1.69729872227708,3.087889408350223,3.037596643499966,-2.6954928914864005,94.7722467032293,3103913.767021811,-1.976391861372672,3.6192963225840864,1.2098071215968895,-4.257852868729375,-4.7910743967955565,3515049.45912852,2163902.0851947344,89.8668424477262,43.443371247633344,0
2026-02-17 05:22:06.812200,2.260913337226615,-1.2305557057509242,1.340057030996114,0.4001191460451059,86.0139693349435,2.9421066254940538,-2.757065167149549,1966002.5119713333,3.0098070040336484,-2.4768807293031294,-1.1660285894174107,-3.8078955715942655,0.2870731988405257,81.09351926726106,4962570.948688716,-0.9499890141245162,3.058911691968543,-2.227415836508139,1.8146061251717125,-2.2558736836431823,3520138.3101697527,3860947.413930533,59.90993251027524,30.948157919486697,0
2026-02-17 06:22:06.812200,-3.808837678123481,4.90620292945465,0.92293632057791,-0.7243029712590634,3.804441347978573,-1.9784326952484896,-2.869196702007341,3871450.7413533246,-2.6610596166316154,3.748337790611529,-3.164190795266792,-3.435928693750867,-2.897774532357958,31.080188094465644,2459088.174787725,-1.415564318592158,-4.551651765921784,3.940882237751444,3.5404011813154086,-3.034970667100327,3388698.54878401,1770617.557443847,68.29565019507159,60.88229634122977,0
2026-02-17 07:22:06.812200,4.758520794625346,-0.3732021433039358,0.3998537971585545,3.800790875614583,72.28143032084837,-2.2423243174864305,1.6304719180342246,1859650.548145584,-3.9554548189984864,-1.9222909470685088,-3.317214114922872,-4.635389491743815,-4.656231416482748,40.03566268398306,2111564.5039510243,4.315444071065201,-4.207503938700712,4.966832779346797,-4.364642775760814,-1.0682956543573583,2362303.7496844744,1684738.975340501,8.892952275502386,97.64132223840562,0
2026-02-17 08:22:06.812200,2.13821991787621,3.1242190016558684,-2.784559292839993,-0.4764816710574779,14.246389476213542,1.5282812323091823,-1.8665342672287528,3632837.44116584,-0.7869959085164957,4.978732405190801,-3.1342793855870745,-2.008222096973649,0.995592003791524,60.64411983282069,4493952.532409265,-4.299919701381732,-0.2938366836811399,-1.3969445404261112,3.678812464252572,0.2079172591068008,3930291.961460649,3882837.752648925,22.200120786549995,52.28136318461752,0
2026-02-17 09:22:06.812200,0.1630034830119529,-1.98622125835858,2.798453951511436,1.5087736904719415,6.766836190000158,3.7709058101818886,2.4189632695871506,2699403.3714723475,0.768573811327002,1.1363790298938383,3.3644219246986964,-4.472560478377826,1.3896302197328456,94.71529360063548,2992757.1966959164,-4.109902651039912,-3.085103850918806,2.507902311797877,-1.0375265318359403,-1.1223567147025024,2204636.0791417817,1417929.581231339,5.816775872092473,28.12600203804746,1
2026-02-17 10:22:06.812200,3.1778820904659635,-1.7845782615978885,-1.554412617293293,-4.631689506012407,6.110555592972615,-2.4681000148268746,3.4843499492956456,2861138.848906137,4.111859314730658,-3.672876354357935,2.6423329981122863,-0.6204623258155954,2.524842136865365,78.28683649630571,2827656.5555687416,4.724342473606221,-0.5918051682845484,1.412323675987961,4.733897509589689,-3.654014609803306,3330567.4940593974,1849751.89971622,100.4174641788234,63.78801511118256,0
2026-02-17 11:22:06.812200,-1.7704352705875404,2.476093801762511,-3.930193611730416,0.329577865513353,70.78350972297687,4.440420938253979,3.484253790905248,4631354.0555341365,-0.3601830183311261,3.979352934437369,0.4890963164007171,3.341641082084413,-4.185527871088408,40.64627179520722,2318121.655095987,0.1152564080949307,-1.1376360470091038,1.447199773818176,4.638176611881805,-2.1313312501720603,3312919.144678055,1950064.482376241,37.22452951860714,95.34358247578352,0
2026-02-17 12:22:06.812200,-4.512071748694082,4.244481306311017,2.6003822399244108,1.8733183261015576,25.96341478802396,4.905171551691641,3.813299807952958,3545724.344774798,-2.008743426016483,3.543857988715148,4.595728097009358,0.5348544461658368,-3.260482938173519,38.75036884964142,1170939.4915763852,2.728953563407293,-4.656962534974629,4.307733543583749,-2.186164818844837,4.20573654528817,3882099.086932328,4876793.631998474,45.968591082753655,52.01390161235377,1
2026-02-17 13:22:06.812200,2.9518619476870365,0.0272039009247917,2.6102790250202803,-1.756662468846244,54.353821734264606,-3.512040305948844,-0.7737080298639087,3028238.586954873,-3.812909044908885,3.0992442030289933,-3.108042076096451,-3.820275163719384,-0.649854056597766,77.18360352301099,2762412.4562366987,4.185215304431212,-0.1514126028389641,-1.4471035678068125,0.3898087445012059,-2.314203956670334,2992518.6967359213,2519602.089290816,72.06644545078623,5.3544650892674905,0
2026-02-17 14:22:06.812200,-4.700664690906255,0.8483369735850241,-1.0235253743763693,0.1532820529368209,56.69496315352092,3.293412181489064,2.2844060061013782,1407041.5699631851,4.272176536769564,4.380033060848137,2.8634257316018825,-3.7851067164346457,1.4925097901809443,81.4019164669836,4954350.237672389,-2.918485100820295,-4.667312463270543,1.9486473672111089,-2.539426273764431,-3.2048438606861063,4525207.929641344,1187892.2832758415,43.85783482175358,86.65573762010345,0
2026-02-17 15:22:06.812200,-2.291677487379258,-2.677873048531827,0.412665786761103,-1.669980869418021,8.172534574677826,-0.3732439493460653,-1.970690943595708,1751681.523261292,4.805682270607235,0.8313021909958351,2.203839985864457,-4.54848635587708,-2.0734490233259217,48.38772645642591,4427800.519477552,4.041136604795051,-1.450048841860582,-4.508391708449518,-2.121204966651554,3.6106293647971945,3318145.4765999243,2903625.309892803,55.4806758273948,70.9272011669813,1
2026-02-17 16:22:06.812200,-4.728424583869402,-4.302932273053484,2.430769503293464,0.6936458735423664,43.35911745896726,-0.1436360088257786,-2.505865316437656,4309018.634170262,-4.216592194650883,2.152839589569762,-3.858578960011569,4.596909689741183,-1.0932551474727843,50.031578424596,2715752.9810353764,-3.313709222707604,2.712485087297282,-1.6890519600729517,-1.6638162672207542,-2.1511576553713816,4543774.782962573,1154594.274331141,60.97761592943567,47.24399045716224,0
2026-02-17 17:22:06.812200,2.3994156773230624,-1.6670770527529364,1.840379151521052,2.6176375656151,96.81771735453432,0.0061198684522166,-3.7179920988935375,3324154.9946337803,-3.99932957107608,0.9524403728027132,-0.6879134434319251,2.716458007952941,-4.442989860045763,87.59284231513993,3860402.8768494087,-0.167333667397726,0.1278598678396547,0.182008022916235,-1.225517774895741,-2.837721120677997,2230816.411664803,2540688.9363358985,16.4691850998352,92.82386847474636,0
2026-02-17 18:22:06.812200,-0.6102857929436389,3.995745732745684,4.629920038589946,1.6948695519819008,45.830064152865646,4.809873781626852,-1.747048659769689,1307886.6775234963,-2.8530411253664454,2.3022171775724924,0.1111363848950048,-0.6210011285708772,0.4542795021171306,89.7532326522084,3736836.3007539455,-3.434707865842588,-1.792878350157061,-4.689431239648444,-3.797290368713932,-4.301380793153383,2146642.325148092,1178280.1628505234,42.28764684667789,53.21111338370037,1
2026-02-17 19:22:06.812200,-4.049444420251651,1.1475960573156467,-2.34058869112852,-2.83639728459,73.73555085779954,-4.6519032426148925,-3.60830527781888,3914114.7492003967,-2.513309682541056,0.4345668642291743,4.420257978410112,4.391437256813238,-3.2863366998149006,96.70499794993108,3053680.035119579,4.400670295156423,-2.617218193702728,-0.6359465213719013,-2.949719936709215,2.0101619141601983,1929974.883636979,1059039.6003784104,61.44162875635779,3.781078463256943,0
2026-02-17 20:22:06.812200,-4.215436186577341,-1.1610877862678857,-1.5812783396131391,4.941393612211675,48.469628713004695,-0.1659256402685338,2.126213330985128,3784624.580551701,-4.3276581990943885,-1.3517752979220132,1.0431298224031984,3.439934719420247,-3.66583664476793,90.77612436501786,4529764.765390327,-1.3336229990354354,4.639160120731884,0.5418125544879882,2.0352834018153043,1.7761118209959417,2467831.327267981,4882293.330509442,56.57515642245824,47.78770771227306,0
2026-02-17 21:22:06.812200,2.5488085398111098,-0.0159431419569501,-2.120345765511083,-0.6009696684159508,84.13124339947133,-2.72072086190492,-4.42814660038068,5035231.954896511,-2.758710232236288,4.826480873669143,3.0041286533518887,2.465175180170624,-2.9894182661035944,84.21687789673464,3898286.759595203,1.0889630732241748,3.8465347044960256,2.310011305787355,0.2558899685417747,0.5421171188769355,2451257.8015100337,2587941.240337333,13.45688927449492,98.59971730280878,1
2026-02-17 22:22:06.812200,-4.746492565845425,0.4355286111398859,1.326218931339481,1.618391898493786,16.577454016327575,3.635475225145452,3.167794665056361,2531195.057745551,0.9484737950190958,1.409655280987577,-0.3910166179341807,-2.3759162351069807,1.916434019733182,8.741680787108386,1814044.4333275456,1.191214000466962,1.4157968124339426,2.620327210390511,1.448560434297268,-3.2717994854354773,1335591.8425156372,3864252.213678232,36.54514846532736,22.349431425584,1
2026-02-17 23:22:06.812200,1.163248068318145,-3.266803953080247,-4.33003317646824,-3.021465852091565,17.882572131975913,-2.250459077131136,-3.8604661889537,3098806.2786286147,-5.016143878525032,0.550767374463122,0.5567200669241518,2.356153880898203,-2.9702493560570367,20.524236127559803,4225286.348885824,1.7303764350913942,3.103081747553743,-1.639196687671411,2.6293822649026484,0.919077408620432,3061851.335476225,4651053.8601114005,18.08962207866129,50.45725276723254,1
2026-02-18 00:22:06.812200,4.626484146779252,4.06472110964547,4.320281055100175,0.577834173700249,94.56981470002825,0.8873152213131981,-3.183860322433973,4287323.786341437,2.3886667713303265,-0.3381840887244305,3.287089838180064,-0.782873824740836,2.9501153692847035,93.64933313102256,4493444.471365752,-3.406051152285978,-4.7656704463261175,0.3737919044385505,-1.2606128639622538,-1.5549410660593677,1209105.4890888229,2292776.261297344,93.61463354321128,70.5595789776492,1
2026-02-18 01:22:06.812200,3.359801205122059,1.242379959139921,-3.974902720093208,2.306505102392461,84.99753714806619,-1.2467009208039812,-1.2905899184223475,3638043.074563081,-4.67556553952813,-3.100638635424391,3.2956271568304984,-4.600774674362488,-3.366455502568435,82.55348415204156,1239049.0967135378,4.680221720457388,-0.6982409155568678,3.4078507193911456,4.509413518658343,-4.384569658651632,2013828.518692065,2274789.029141589,5.490489091077433,19.08094914463071,1
2026-02-18 02:22:06.812200,-2.193569046022347,3.5700006214618427,1.19711029346525,-3.5781813158010016,91.90544539981371,-4.281153114920325,3.719354110944196,4324371.430397073,3.2700432777288624,-1.0667080225493342,-3.3585488888979587,-3.5198990360610023,2.190023294246033,62.76518759189123,3990020.6146787866,-2.451489164993583,0.3361215737266622,-1.6035587980294788,-3.3210341706372484,0.3662767928464797,1862220.425441729,3492375.05721982,42.98710519408492,84.27923131499772,0
2026-02-18 03:22:06.812200,1.95974206093698,-3.831019592916359,4.372284872364512,-0.3479438771628187,66.90223373291083,-2.142164444741298,4.0194019674915005,4184965.802165474,1.5871763872702216,2.017382738772572,2.093888218243862,-0.5092148586512408,-3.9568691264811786,79.13107143126669,4554397.1217486095,4.147493287276603,3.750086997439702,-4.665734669067784,-4.777971870121497,-2.30026363144538,1296987.437322183,2794170.197473837,67.33914790298353,55.284179598476825,0
2026-02-18 04:22:06.812200,-4.132236312797024,4.43931186577346,2.161375175141759,-0.8660275140171844,22.6135651815394,-4.196165389776522,2.426847305838316,2556951.798097744,4.64070187814484,1.3304808587868833,-0.8024072133970535,-4.428258434487655,-3.780998045203263,2.1257592229387847,1222556.5980279143,4.558478107952927,-2.271862140202318,-4.104738623909464,3.1939922262315124,0.7308009929309568,4064641.242154315,4234157.118605512,46.86444576172466,34.996408332232804,0
2026-02-18 05:22:06.812200,-3.563793574641324,-3.711428332599837,4.288850398235659,1.7935866645790606,82.1371948132967,-5.011508414157482,1.3039499584005738,4462760.356903213,-0.4222960604729305,4.875745322911448,-2.1130338196640057,0.6679942321874629,-0.6784520780983929,97.90229197345268,3278006.6749614063,-2.462716786076401,-0.8958347779614504,-2.415900909903169,1.835492907944452,0.7040700874645967,1091955.9444507323,4254149.996597672,71.37721505292215,23.371475967420707,1
2026-02-18 06:22:06.812200,-0.9104705558573016,4.398321236134752,1.8788572230081333,-4.398576573992148,46.22955610006072,-2.967769089139128,3.0669351969473926,2087784.157673795,0.3229187595145442,0.5646463734882197,-3.9459862260353775,0.776130806371337,-3.5448451721264087,20.09113396855224,2316295.117842912,-3.330498209655308,-1.9854381358933204,-1.3324792357405988,-1.9627614836817424,2.6842107111724207,1415098.8345389627,3504979.291052132,89.12826648277505,25.32453630402508,1
2026-02-18 07:22:06.812200,-3.2670567992915425,1.2770805307141782,-4.321629408948281,0.6229681587790985,41.17655415845085,2.6179819137769726,4.848584027624758,3769435.689844233,-3.967349911249516,-1.413784180464086,3.388538619040688,0.7090705375214483,3.771275618985017,80.51192087546649,2258350.5336562656,-3.788445387390146,-4.054436552256117,-2.6292960882582195,4.210694862995814,3.850153245472587,4251713.621575749,1585492.266355871,80.38847087352534,95.5621379781356,1
2026-02-18 08:22:06.812200,-1.3473701723787803,1.271153838162503,-2.52388744302137,-0.5555000021941096,30.381127178394085,2.056257195807226,3.1456348647582044,1950279.846896557,2.94367645472964,0.5635614678117059,2.8138571977979936,3.904900986656768,3.5324348911783487,89.98327085373907,4052243.4156790543,2.446609724860165,-2.512973960494149,0.00201044806304,-0.8326603146719215,0.3933616248015549,4666775.741484314,2541189.459587446,34.46053941471498,39.41827775209532,0
2026-02-18 09:22:06.812200,2.105015740290459,-0.8590553135082366,0.9951612412698778,-0.6876695957462384,58.15656336443311,0.912171358104157,4.814129209887024,4003047.839141906,0.3747982055093442,-1.3957010372402792,3.402103290366294,0.9848906051848284,1.1442043950523686,67.08696337542196,1805608.166207136,-3.041064180538092,0.2765206272820901,-0.8031566399278172,2.1555941061171464,-2.202238699496791,1249367.6210095617,2647900.725868964,25.59859560487832,59.85322070755152,1
2026-02-18 10:22:06.812200,-3.43562957328914,-1.6509438534291387,-1.9903643305318373,4.576252845053801,65.09734671509541,-1.1345949317697213,2.542482596820808,2056247.9387748751,-3.274761230536379,4.113391900786308,1.710129805329098,-1.6757330782563482,0.2818926175635621,85.01327346850368,3048354.3067946555,-4.145915171917347,2.5838477158991777,-0.5272703184287799,-1.7906456168055964,-2.7847284809763293,1155494.7880667571,1755719.2550598094,18.40410348214468,2.8631193835652824,1
2026-02-18 11:22:06.812200,-2.497571018354047,-3.607279273366127,2.081720886452816,-3.246970576423404,54.54318694069055,0.112754622007511,-1.0680479897207773,4756273.917801166,0.6797429731608053,-4.790658821732667,1.970241660042995,-1.844668193368645,-0.3273900399249738,28.91503344541509,4762760.750892927,4.094436640366311,1.0601383193608127,-4.276236068058775,-2.477471661448296,-0.3645216074107811,3635771.175738971,4437738.331334204,29.59263489802884,19.972828011123656,1
2026-02-18 12:22:06.812200,0.9106596729388112,-3.748100828016001,-1.915715752592505,-1.731497352117591,15.077950213736122,4.2684129966695545,-2.9424613530060704,1962023.557225423,5.082615705599923,-2.796301827863747,-4.82405076832362,-0.4955128393909238,3.5659364771529583,17.302164775604375,1798485.1087631737,0.6065184798892596,4.362318285044164,0.0030535068716435,-4.065902251111162,4.556552040850942,2362965.7488848087,4104296.531445627,66.22319110332036,18.71821758097269,1
2026-02-18 13:22:06.812200,0.865131878707324,0.0578176318781254,-2.2521271480878946,4.288979774932748,62.89434945807632,-2.0546568296269,0.6196736192590865,4974446.177504931,-3.825191000630556,-3.498192082196706,-3.038505486320368,0.8052358722923544,4.6751456895963805,94.79147759406692,3009165.584169697,-1.807939359416884,1.5554419063964744,-3.740896984601115,4.421851859190672,0.0250499939121148,1915865.3910006871,2319676.611903852,98.84864130141642,95.36276619221584,0
2026-02-18 14:22:06.812200,0.4922666470612045,2.9402518927029595,-4.326493985312283,1.9000489082066567,6.227310588188562,-0.0767451999881805,0.9063783399463778,3545497.1261334973,-2.036423864867116,-1.84226848750504,-1.370171595961284,-3.933763810634021,-3.9328818089764574,95.22600783623236,1191125.4587256217,-3.063761902045392,0.7031250782650389,4.541316415710725,0.3422040993124735,-0.2967595206279361,2090230.995261602,2025019.6955562904,71.70479387071047,24.23106063874477,0
2026-02-18 15:22:06.812200,-0.0267545456058779,4.298564906167576,4.426324522444433,3.2538977211761084,63.082585893857456,-1.0472623538708303,-2.382523095655462,2404233.7394249723,-2.771301390234892,-4.637443857308072,0.6655339463770598,-2.7191155372955373,0.4529835755496141,94.22653128602792,3231243.180957924,2.4482181483835275,4.499458063449914,-1.4663533641831967,-3.1441147690665554,-2.539573466534964,1959874.423064552,3097116.0507741407,26.183621005622392,53.69553119397419,0
2026-02-18 16:22:06.812200,2.145959227000623,1.2007275592851352,0.8217046017627325,-2.9906631134094352,51.25026487703317,0.7727902923313126,1.610142542473203,2298047.200701368,4.3831572865131605,-4.431186022223534,3.792795561570067,-1.3320167935373162,1.4955600675696177,4.986014639916425,2408923.900282981,-0.8371507145564525,-4.4642344039259205,-2.767445989306391,3.2380174992053785,3.735753057597343,4486182.722832506,2520779.9919007104,8.427055918076555,41.40678257678165,1
2026-02-18 17:22:06.812200,1.6019737671773129,0.3346109197632154,-1.5411694304704326,0.3582768447308124,80.64036172328395,3.655771456245523,-4.21544183682876,2078047.4491690905,3.187402294840508,2.6652731622162715,2.2537160023485745,-4.005053311270354,3.6799959189508993,14.990925324713968,4426287.954733343,-0.5114863434799695,-3.5950099020448265,4.223077754835847,-3.9685323912163897,2.627990528758054,2939969.1383099984,4485087.403800469,81.18616998325841,23.273024187005355,0
2026-02-18 18:22:06.812200,0.6686342977521244,-2.1834256008848745,1.496884633940246,-2.130411447657459,41.48767606907492,-3.4586031723191,1.6316636665522612,3000060.980096864,1.7936351589076802,2.27590846440314,1.7130185515984473,2.830928516858805,-2.8705825629839823,85.97689098503481,3164024.1864407463,1.8698639520237728,-0.9126439366524508,-1.810060710301832,-3.2869168990619726,-4.097461944931749,1161690.716819625,4399542.512802453,52.64155376725732,70.60019641231044,0
2026-02-18 19:22:06.812200,-2.200661030540572,3.938925830509577,1.2091551776747709,-4.033235503532804,45.923987759695805,4.807393435834294,0.4449695910386513,1763706.340286574,4.835672065136631,2.021074541137926,-3.874095334708056,2.665959447120516,3.281858693234529,53.75811380515143,2584217.909741867,0.9901104421356752,1.2254939621311376,-0.7410684496331825,4.430207096457362,0.1307721836804987,2222305.8373113032,3652591.31759929,71.89069446047903,49.134909026878525,1
2026-02-18 20:22:06.812200,-4.252928548907858,4.414279308279135,4.086183457506277,4.676446941284448,76.71413050411356,1.7260917196108594,-0.876154041421492,1219132.6206022368,-0.1227411631891397,2.4480942484631014,-3.898626173985386,-4.483347528031796,1.0501631376600054,64.80131330038895,4820788.223721716,-1.3494651553869828,-0.5255948816440758,3.90807985004848,3.020939092966549,-3.2433451357562983,1942266.7740097009,1291109.4953944602,53.38085443953954,62.79411114451948,1
2026-02-18 21:22:06.812200,4.5486528066319405,2.885972112245307,-4.542579661874871,-0.4962906374181486,5.195657755426842,-0.9241579142618308,2.093208284726096,3778563.835574911,-2.4032916104958604,-1.6864778126368298,-0.9222196559383732,4.662742977481859,1.2605470898080124,57.579247112230966,1796627.590388268,-4.28264656252575,-2.921761585411642,4.855241332552181,2.95072881181164,1.707472004717734,3070555.742757738,2366847.5173667534,72.96066492353425,87.2465523258539,0
2026-02-18 22:22:06.812200,1.39564768481146,-0.5210549704322658,-1.9598987906506016,-1.005241618874092,5.8613957157664895,-2.2221217990106363,-2.454013365125083,1649101.458703498,2.610205161774131,-1.5794109025037375,4.224936831114604,-3.5097369417390683,-2.9790308399608505,78.04752919493883,1662972.5786729725,-4.141987381458698,2.205878783679935,4.781896348145136,-1.4432887158789425,-2.54203068465802,2439367.219072462,1909038.256982101,75.91843889106048,20.59796428780181,1
2026-02-18 23:22:06.812200,-4.493439386029876,-3.5793442337157533,-3.771671918967562,-2.1929750259413305,55.598983671481584,-1.026576514870719,2.556181006632768,4653517.689751629,3.9705042535709794,0.8687905926316709,-1.8387155832202,1.1140371626375496,4.352943264933389,33.24133236725061,3177640.256106673,-2.5874725761385777,4.161899009451124,2.5719325923131136,1.3293167666224068,-4.278020955813168,1810411.309114612,2185293.4966538013,52.79412796577155,85.55470551180177,0
2026-02-19 00:22:06.812200,2.3789691669576847,-3.483251202672488,3.715368061523762,2.5616332889524607,78.6278199384033,3.2751892210630302,-3.326786959989396,1874862.4519917087,4.69723632797977,1.7566290220707304,3.863803619601416,4.700744566667069,-4.247212833483264,64.51500833009034,2699176.725325647,-2.7324138259948407,0.0407007974842432,0.5405838346021072,-3.187497444484481,3.4735505390936687,2527832.0761810755,3734798.1828984832,10.02413702675914,71.20634214091707,1
2026-02-19 01:22:06.812200,0.5435405251140066,-1.8827793220445173,4.734889691773969,-1.5242847576101792,20.13637821359744,2.6452779465471767,2.806317174255572,3381213.063709956,-0.6876613020844218,-1.0406277380405011,-4.52803298302621,3.650710993753938,-3.87602972823987,1.6969129315466458,2542210.0059666773,4.31490386918926,0.4488168602939346,4.308328641758074,2.1200796119816268,-4.904610459744551,3257204.258679321,1078732.8615256548,71.77605448162309,57.99619805351111,0
2026-02-19 02:22:06.812200,0.9040736056424628,-3.7686953811544064,-1.791603543922636,-1.7300915277007891,15.419214051220097,4.438074470627106,-2.894594794808991,1930635.878747592,5.039894145323348,-2.718162421033122,-4.665858793534239,-0.50914037549099,3.4760567238256224,17.738709858088804,1801759.738558236,0.6090153523964651,4.294200075130056,0.0031602888299556,-3.934105289570221,4.569601772197935,2434521.2335646185,4021201.292375089,65.27035086047452,18.525448701988253,0
2026-02-19 03:22:06.812200,4.153428741593095,0.752174306767575,-0.2653461144389543,3.784082340830421,88.98870831154049,3.526312556121712,-4.897163722487154,1074883.8864933073,0.5915378707059241,-2.960430055415966,4.974827748779301,4.083593301735425,-0.3189340232930545,85.64301580506174,2605742.7940583457,4.450283056993376,2.375881146281728,-1.065542882322047,-2.1115295582323865,-4.563587555662775,3104228.2916126167,3251515.3450531824,65.73517945760882,51.0358279434256,1
2026-02-19 04:22:06.812200,1.1172074623435222,-2.5151086018553426,4.688778552856915,1.6491172448721798,25.86208348880388,0.735289514555733,0.8377278051411166,2058540.1077014287,-1.5248120468624538,2.562537914224343,4.614166196420495,1.007921493396191,-4.506910128901753,96.03667746221302,4661664.805866813,4.084101072685694,-2.164928097290606,-4.946510113057771,-1.1504127736244287,-0.971099689499514,1458131.473305393,3942570.640045461,67.981812521997,8.900317798267965,0
2026-02-19 05:22:06.812200,-0.8039993757221007,2.4394629257267697,2.496518317429248,2.954499607897292,16.47063534322959,4.560471436119331,4.522217856975946,3647875.7791754734,-4.496504730306468,-0.4581633726329395,1.791625683195628,2.008656972438799,-2.425207835075307,4.458809273414399,4047737.502972388,2.8129064740569216,4.484251555414929,2.482388061809001,-0.9770532192368132,4.0724316727707865,4987962.011250204,2948064.162064958,83.09224908218505,69.39921083892756,1
2026-02-19 06:22:06.812200,-4.609364944542293,-4.19902324608023,-4.461654946757441,-0.9682336942973876,32.73559785650051,-1.451713820960705,-0.5513769069615239,3830452.079736354,0.9868929031568532,2.484959402498387,-3.0225039098719204,1.7463309950473864,0.7101933960821578,71.49542197501957,4406199.612628027,3.0831459630840543,-1.806647881279115,2.2255164719692937,4.103777972973424,3.6459538878603737,3579229.1267822017,2989255.7940337565,30.52892048560786,24.28569261682615,0
2026-02-19 07:22:06.812200,-2.5226901049884254,-4.664675652642206,-3.69913759869368,4.271778194794527,33.02150648714976,-2.995254844715972,-4.575777017931083,4259758.914162157,-4.472347421403974,-0.8772027216833447,1.3137597764337663,-2.14794197319586,-3.643385328396224,14.306195272340238,3020462.222976025,-4.805987543817846,3.4246410683557507,4.0305065310251535,2.832900924388664,2.403130308439514,2702223.5107868705,4252728.589137845,4.159595625646951,16.641428431093985,0
2026-02-19 08:22:06.812200,4.421168098194356,4.893843188943842,1.7071439515893132,0.2612705854316341,21.368702930784178,3.689409365383924,3.807361842656985,3452922.9905429566,1.1208315170702892,1.0539897740546873,1.022598511065061,-3.3568660169909434,-0.7934000828948348,70.75670910640032,3897107.364568045,1.6634333697529449,1.0224591170613244,1.7293914206822163,-0.5869123708271579,0.0984073910636516,2180454.7857714714,2392333.9541459875,56.363952432566805,0.681124939028687,0
2026-02-19 09:22:06.812200,-0.9225962551376627,1.0534788364116767,0.9516183120381148,-3.853686540189152,12.02816459304203,-1.3367276396661358,1.4559892599732631,1973014.0644760176,-0.4575939825872867,-2.6650185457081847,1.91287267407232,-4.389270530435457,-4.137323037807763,94.11834092363532,1998656.0025892053,-3.5453078164411083,-4.689145823919112,3.3671703550276373,0.0979725402064156,-0.6241469633006822,2630642.955984732,3664463.8030239786,92.95853240894,3.5264774411951283,0
2026-02-19 10:22:06.812200,-1.440273213487384,0.698896848713165,2.582631959290226,-2.653579181445465,75.6751505688635,-3.907357896903786,-2.3467386244453303,4112100.9725786126,1.920112559466548,4.347299154883009,-2.2944074351200863,1.3077042017262066,-2.399519597475661,1.401451752605698,4953482.266886285,-1.7299323150389787,2.2237350763279853,-3.60279433021046,4.627848079807322,0.4284137433407462,2392922.5588294747,4818550.608025873,2.3110668467792195,78.63673859616979,1
2026-02-19 11:22:06.812200,-1.021077968114277,1.424536603132305,1.9420677827065111,2.0802970653768607,53.88078173043322,2.2662422565676814,4.09327701524285,3724396.51602628,-2.961639928214128,-0.9686319064287356,-0.5892462789029785,3.412770415343602,4.13157324039721,14.945559307985835,4197954.737519609,4.59887893240251,-4.600002804080091,-4.335533535313688,1.3477513900546527,3.880445028245782,2815286.7079667053,1442310.0190483013,44.56947094540985,49.44886381384785,0
2026-02-19 12:22:06.812200,2.578461104643691,2.6245868574069053,-4.754130835411985,-1.0068408419069188,51.93858595039374,3.539619669554222,1.015538792998241,4043405.323723127,-0.4207100556597209,-2.4912090010929977,-2.5120821126082293,-0.4435045056012257,-1.149419442810383,56.685843329409465,2861110.125103693,1.2795873534290785,-4.220061335905909,-4.0387414826784855,-3.733441271528061,0.2964452703513345,3840839.39326506,4703154.197978273,37.30070998785608,25.00567585101532,1
2026-02-19 13:22:06.812200,1.2689456569637338,-1.03703776497097,-3.7621437671249263,-0.1265696112806707,97.89839296475758,-2.030420988356697,0.5193068222569173,3546695.723535698,-1.291369384864927,-3.4864107659081536,2.286619075880343,-3.612939576977155,-3.6486331626267368,90.0867124392818,3589198.4114633584,2.961365585129899,1.9113107509537768,3.06332198510864,-4.9433964818852685,-4.040418337656426,2367833.740884491,3966312.052232016,39.11061086280306,94.0898988306294,0
2026-02-19 14:22:06.812200,-4.856065113702441,3.7676563676174943,-4.778764484710028,-3.475839866695826,20.48812741507125,-0.6085018336625172,-2.034400877940693,1750889.6227690084,-2.734783739638943,-3.7955266000343455,4.420582194885954,-0.1798266022306744,4.429827840711356,93.22668839209724,1232951.323281101,-2.248097882265243,-3.938699806909805,-0.754273928140444,-0.7936976312118063,-1.5222990239556222,2455597.62598133,4637060.173821364,14.878828384915288,41.70487283209009,1
2026-02-19 15:22:06.812200,-4.081226583676287,1.1369920587837326,-2.3288149936649214,-2.913271451749841,70.62094148576227,-4.477100685966324,-3.679444064640745,4079856.72131993,-2.429299998041803,0.4408327060528604,4.536912621386884,4.593225226169184,-3.3606151793397943,96.19423782082384,3111794.356181135,4.377177771296323,-2.6257558712377738,-0.6180077586540131,-2.985951862795201,2.052345775312652,1873501.3416489423,1089783.5892150947,60.08817840294012,3.787194150719673,0
2026-02-19 16:22:06.812200,-3.839273594930837,-1.5791825128409256,-1.7638978085045878,4.924835021583752,87.78300781520409,3.469688542070605,2.144241640712422,1353539.787938075,1.1397030632523268,0.845431132594582,-2.017275457658773,2.57776560375158,1.1037605978169207,66.59471660804643,2049097.28725994,4.095866950537774,-0.072186541350443,4.336789061329352,-0.1905839191569649,0.2052053364151449,4333097.22011503,3048679.8237355486,55.8384477570222,35.04702023179279,1
2026-02-19 17:22:06.812200,-4.56056265916209,-3.945910155738662,2.787485488400353,0.4030204081466865,87.635369305308,-4.390994181629868,-3.891660427339645,2391418.593809546,0.7850484565115312,-1.2204397770255735,-1.0916576304629688,-1.8728462996105737,2.1389863444917667,1.3112177159375928,1701823.160600465,-4.314895613782087,4.830558641435848,0.2848163215468645,-1.3294337765730808,-0.8011048682659215,3925524.7340896586,2841430.0045105303,37.27941031809832,12.35326060580702,0
2026-02-19 18:22:06.812200,-4.5399735797824725,3.212573046720129,-0.113568095953342,4.270009679242953,87.95818549515292,3.930902051954149,2.59005282521931,3795795.313949543,-2.471418817498888,4.693218122841788,2.755052967189994,-2.180816444027484,3.3497378568296234,82.26574684804274,2744281.9208772504,1.338894618324419,-3.392866508090143,0.4238656019043869,-1.2368818304500238,1.5538319946345327,2817082.897441701,2440568.456555752,91.73489015067489,85.88139146748568,1
2026-02-19 19:22:06.812200,-0.0865565466771683,-3.546616492938081,-0.7298798071446045,2.527095609547344,2.61000507995435,4.28724890405942,3.3316543463507933,4391098.816955734,-1.4961996046416552,1.5697884759702023,-1.3149429009135103,1.1046270172468802,-1.5684355095561124,69.05872683088107,3874496.795988477,-1.98744367593286,-3.6197208917403048,1.320506776137205,3.1280978143428584,-0.9485459228426608,1606019.8025403076,4263466.29527244,34.66189801441689,43.47388774982801,1
2026-02-19 20:22:06.812200,-4.592711976810299,-3.893682630447928,2.7040741780779323,0.3995713028055956,87.05784250460069,-4.375424063809286,-3.9748403593352553,2473388.8551774053,0.7763175434442262,-1.2216078627281337,-1.0687820179292085,-1.8196038830548007,2.103515007123322,1.3281203458580082,1627610.4965844804,-4.280932826835544,4.78265463529474,0.2745646372173214,-1.3681087628377495,-0.8163696157120697,3878233.65306174,2860141.298922691,39.14797303340157,12.654445871340814,0
2026-02-19 21:22:06.812200,3.5546058401100726,3.4645229173451817,1.832953766065052,3.420332943764212,23.87962113815393,3.834647629860607,0.1385446420676768,2729384.905613389,-1.4079125301730966,-4.379632363712185,-3.60745929215296,4.246417911286367,-3.8749686947336826,54.20152984797261,4790260.505296173,4.09005588835703,-3.414797659725905,-3.588738817006781,-4.477313324384035,2.14153146392174,1429812.8657675462,3759584.013253443,84.49503772726041,56.56448823847886,1
2026-02-19 22:22:06.812200,1.220546967996439,-3.267465519483445,-4.557809479116058,-3.091060222260498,17.905462935984033,-2.207238688952432,-3.982764394578136,3142623.393045061,-5.003866285993055,0.5457231856611501,0.5428788151816796,2.4037670652107,-2.916614763735889,20.19929244385981,4106999.92659948,1.8093331120083096,3.2100918315664564,-1.6065451658726293,2.4812367351817097,0.908781756881124,3072535.880463867,4570464.804800475,17.75465054088642,49.82017938257856,0
2026-02-19 23:22:06.812200,2.036578593800237,-3.725113376680176,-0.5409729362325164,0.2095797727204216,45.12393441809881,-0.5168094463057784,0.0889055559105589,1124596.3711735643,3.23552226611819,-1.6069473269043255,-4.892847023046411,-4.437757051490277,2.3592040637394884,45.95629775055219,4067395.591271092,4.577666581762225,-0.1253216453602599,-4.992104889067813,1.855386205626233,3.6123222726038575,4384476.742220447,4535991.107484747,0.0240874517866473,14.206160944306223,0
2026-02-20 00:22:06.812200,3.2533242333116426,3.0111894892776614,-1.677828900169794,-4.2714098730969,46.47726987238197,-4.542450651047433,-5.204661533964778,4081531.393851688,-1.532627776464447,0.4138972452628259,3.619809097537816,-2.4617730910373314,3.6727820289033057,0.7009667714764144,1120467.1866899934,4.339363485190521,-2.29046412955292,-1.8458071026731544,-3.633378247438188,0.9458865726063748,2308984.959088638,4333024.281253857,98.04996504336476,36.322104788394086,0
2026-02-20 01:22:06.812200,-4.714045708560677,0.4208996224796537,1.3231386516326438,1.608023198947797,16.17910374107513,3.7189213514881407,3.22196201702363,2516068.5167112723,0.976860227143425,1.420996868746851,-0.4011031417869075,-2.4028612995783702,1.8986644939036768,8.477852057517314,1757864.581470497,1.2315475136846457,1.428249385869917,2.5524964708584363,1.4443159458471455,-3.2905536404513533,1343733.2208814104,3834360.075042432,35.569855650338646,22.03024135650656,1
2026-02-20 02:22:06.812200,-0.2582617091267476,-1.027127094396327,-2.263733337183341,1.2358568800275975,98.49896561408752,0.1043248900423226,-1.3071922978445896,2038305.7971001968,3.206961607667793,0.0593165431955844,0.4425733701525081,-0.1436570158665961,-2.249011184408756,49.8967944220793,2073148.8017110904,-4.222875816082745,-1.3587894315849458,3.1014009074546127,-0.6378558287995464,-3.4531515181513885,3942871.947112439,1827945.212000478,16.851464345918423,70.47958361321867,1
2026-02-20 03:22:06.812200,-4.021658393489985,2.972953657795536,4.971245001577112,-4.108755678839834,77.20124763099903,1.265925110932102,4.329248625696721,1134705.6154978562,-0.226496018775987,-3.380769933677863,4.757788185489327,4.128008004078618,1.3910784699470635,7.221318533518795,3363218.1340716635,0.3236023486131492,1.3938642145409794,-4.124254370137618,-3.0520619735607326,-0.4845297718257555,1846867.1138478627,4672772.633846812,3.042353965408562,90.50781277944812,1
2026-02-20 04:22:06.812200,-0.8180104395297821,2.423883965139217,2.4087535411043293,2.8984325947713074,16.725036669804414,4.549744043940338,4.504900087913342,3584073.501013086,-4.511719721002914,-0.4538406454106385,1.7978411234204166,1.9667942943549264,-2.448704500162509,4.576874013462473,4159660.221344445,2.754139949210189,4.551728419683482,2.539690425706171,-1.0052964784138962,4.006007795137005,5070606.247962363,2897499.052092987,82.6434081432059,69.91172703643909,1
2026-02-20 05:22:06.812200,1.0581247041105046,-1.2971463388373752,-4.772309386494925,3.2473254204543145,77.17689940476087,-2.0094544140894195,3.2983926339966,2205126.795096524,-4.499622504861303,-2.3240622939437414,0.7162779054769787,-2.061976812068117,-3.450798390691228,58.79683875267266,1866813.331992236,-4.883513267239318,1.6110374806715817,-0.9736966463438964,-1.161592057231077,0.8737648734707782,1261904.6096294727,3121801.430777991,5.0486934199776,32.96143828958003,0
2026-02-20 06:22:06.812200,-0.0838412488316766,-3.500825726512262,-0.7381869776402707,2.55270420496808,2.716742122555982,4.263826067300867,3.2750631987322123,4516743.090404991,-1.491808906649844,1.5810221805649205,-1.3086380619079554,1.1036300781815704,-1.5903802635701147,68.44353610693075,3885796.628438288,-1.966357177858296,-3.709635911105751,1.33849818735324,3.160335023020684,-0.9197990871491886,1581144.038983147,4260720.927879557,32.814718051506865,43.46076538672534,1
2026-02-20 07:22:06.812200,-3.5819594328219373,0.342935704791701,-4.794436375588626,-3.17445722229222,64.52159445284327,-4.613799247119516,-1.3247282519704706,1986270.5306862355,-4.089265138343755,2.967098878299801,-0.8505864826321421,-1.1927496872615893,4.940330299423036,42.15859378603346,3874538.9606419457,-1.9802039874483184,-4.507432096536963,-1.3336298019237784,1.9940867801292703,1.212921916928276,4266825.761600538,2710555.2337574475,88.90061046103794,80.44650781892321,1
2026-02-20 08:22:06.812200,-0.2652822921943434,-2.7074860476735854,-0.486129756703245,-3.722865163647652,6.5204591260492055,-4.80883905570236,1.972093819096368,1973586.732874122,-1.3744020344090546,4.977493890102005,-1.4280766600695518,0.4640707421213204,4.976722632646592,50.32204148586344,4765115.715627192,-1.071609235185976,-0.6968357195760913,4.146164545151915,3.0256074815162783,1.8746480404972807,2265169.394902497,4915424.060712939,90.81895956965027,48.80922602649759,0
2026-02-20 09:22:06.812200,3.279088199691251,4.573692876446236,3.3577078104903086,-1.41670329222489,2.078338787098243,1.0066852743084558,-1.2386430254919096,1971413.7379585784,0.0540183650528952,-1.6601730342249366,2.282878422295373,4.096274119233002,-4.80161332305205,16.464791186574423,2430270.697467369,4.178298074644272,0.8558333345103115,1.1237090164545271,3.0032760109290586,-0.3789390462959194,2615015.9467818365,4082249.475989614,13.404697087815752,5.684765159758584,0
2026-02-20 10:22:06.812200,-3.267981300899848,2.2225256839306624,-3.363761788083308,3.260676302525283,46.39313768123328,-0.231565316821829,2.143266357349976,3229348.6782920323,3.05714525668218,-0.4826052401855616,-1.5590838215055791,-2.502558207706448,-2.3644852050322216,76.51488498612639,4526541.396701643,-3.203487820446581,-2.2529496719285635,-2.91348086841569,-0.1360837191110615,-2.5013253474207064,4904282.344127618,4521007.093126749,9.695212359898775,92.74228364827624,0
2026-02-20 11:22:06.812200,-0.6614835076202699,2.200365365460744,2.9480954874992937,2.820280876703859,90.922020586156,1.877220424305607,-0.3828385618688088,1155917.2826445217,-1.7182051720238798,-1.4527144326978734,0.205438373048584,-1.5672451093555173,-2.208695292257304,48.52906340617154,3060768.9045528546,0.7807210201241253,3.877515246716881,1.6527283623691078,-2.015493388522395,1.4025091495227624,2027326.2982682344,2119749.318767627,60.64097767438004,52.09913886493571,1
2026-02-20 12:22:06.812200,-1.989320513630065,-0.0786927530703053,-4.576924859133501,4.447539614399656,78.20005659694152,-0.7954864303544656,-1.5434563579386942,4373327.147271264,3.761816068426557,3.79538101452256,3.033030092664822,2.3888847101179027,1.8925480853052163,94.7989035262985,1693906.1655405825,-3.4357109920269973,1.153683490916907,-0.9690269279948784,3.910910158499876,0.0983426420814519,4584693.36956414,1052504.8268587445,21.89691068923309,83.07265759833892,0
2026-02-20 13:22:06.812200,-1.0149526560262654,1.4114763288529728,1.9368222578148864,2.0874469774297646,53.87017979527143,2.2270695769822844,4.209945210965758,3667389.565222632,-2.90940626293154,-0.992958331655334,-0.5933511657570643,3.52048415804693,4.306722555623983,14.938163622643208,4098610.479172071,4.579793532488907,-4.594142878653049,-4.213014232924905,1.3809272579645242,3.774892417314881,2824508.835786533,1423823.6453761908,45.14959391194442,48.75984380495609,0
2026-02-20 14:22:06.812200,-0.604335697427221,0.2763597698583132,-1.1981049686253848,2.4278605283559904,82.062873047556,2.196122633141114,-0.427312775319886,3726201.7247513374,-2.9708189192590257,-2.757536660143037,-4.573609054863153,0.4562977237895366,3.643461029788539,74.12070468179911,2111721.9097828656,-3.4321042037281715,1.2222219595092667,-4.716005215928624,-4.915577786135104,-4.613800451101041,3440380.8806527304,2143150.7183361496,74.36331806225395,74.88595147930353,1
2026-02-20 15:22:06.812200,1.1585009805221649,1.939484444671001,-2.792303872112396,-4.638396194752379,49.78125080342903,1.92532431537108,1.9459542725328536,2292109.383016376,-4.153116581246932,-3.848538216047989,3.799146267270144,0.5921813176845809,-4.7535559536367735,64.8256954077822,3248579.01531034,0.03072600271609,4.137274940064593,1.0375514383761295,-2.1184786422259694,-0.8186840020637733,1120080.9028693452,1448964.2879663543,93.84682123658123,57.83291027043042,0
2026-02-20 16:22:06.812200,0.2497525046285329,-0.7773862485768195,-2.538341422438384,3.7479101315237857,49.98141491874737,1.637834042163536,1.914248013110656,3368959.491724651,3.789984904643276,1.19273902879012,-0.5834773376835565,4.06928317464992,1.6418349651317314,64.2342312810411,1365460.9515296295,4.655057537881398,3.4051716854118843,-2.49954171817422,-0.059166526205764,3.8705556990676326,3861301.40630716,1555384.6240979473,40.63542696953656,91.3304957886673,0
2026-02-20 17:22:06.812200,3.511337940673603,-0.6736613516374178,-2.6431011369674966,-0.1436215430762394,78.12874636944649,3.919288523260759,-4.597935712364594,4218361.153844656,-2.3201695449782536,0.9494910195656376,3.623351134439997,3.862939524166204,3.595385752004305,42.2229933861945,4245469.915119556,-0.2285095649680485,0.0142865038990801,-2.6211347536703284,-3.686629469541016,2.21316371692318,3207201.0694810986,1291551.236639684,1.9357664921895408,1.8977986189565688,1
2026-02-20 18:22:06.812200,1.3509365086764378,0.4272444334759617,-4.1761895438415735,-1.968716440546714,10.547369995663058,-3.655648705918781,2.2898106165581646,4591676.747830663,-0.3330687911559158,3.832736014262238,0.0552079172349024,0.1474219375677989,1.966889878731969,17.238636210516624,3210815.56018216,-4.170854186055188,3.329941385530004,-3.3606827904679726,-2.6399206967628794,4.110156999792201,2588910.1182649303,2164893.2743131043,12.251914253709383,68.9229736362952,0
2026-02-20 19:22:06.812200,2.7506107576221392,-3.314521078312803,-2.217996975114244,3.64000880315438,65.0963014883076,0.214559406033063,-2.2862146788507256,4441195.181984331,3.0203268510086216,4.31038247786099,-4.017321724713829,-3.251922059752881,-2.152763061525276,63.64031080126578,1590649.802578653,-2.283298244396864,1.7264076148287522,-1.1691545050120091,0.7704653444242237,-0.3754448478091168,1952185.2528011235,1261747.2311154187,48.48608205976145,27.23875194016936,1
2026-02-20 20:22:06.812200,-4.546959902279555,-2.4820094109304724,1.8049930207471307,-2.368874300891571,65.6780104724294,-2.006044116283188,3.616909037873452,4552472.755736143,-0.1786790108015807,-0.8517434447864805,0.0775783818856883,-4.00420286459971,2.253263907358781,87.23945633548149,1458967.8333527676,1.2000133347740842,-2.024292835591845,2.3595356051517804,2.3051465402632667,4.931637389334785,3285280.061732411,3456734.895938157,21.202785050222893,10.68833750870314,1
2026-02-20 21:22:06.812200,-2.0675643030325186,2.4013000686582253,3.734020269723671,-4.0808528883945385,26.42939049904486,0.6869326871489634,-0.7568993095957804,1843244.6567821049,-3.3867276602672,4.652879993905141,2.456238694571118,-4.122411518168812,-2.381134535374805,91.85203162179022,4845398.343570977,2.9245613385870084,-3.308261928883433,-0.1785633461394432,-3.293597910806859,-0.8673357963180935,4293197.764377792,2626577.8543180204,33.264915862482546,67.58475492773177,1
2026-02-20 22:22:06.812200,-1.2538738537352878,-1.5430400649608056,1.5451121428113526,-1.3986359252848093,82.21031606002255,-1.4128447458298652,-2.25928410657809,2301162.473446992,3.409087104029071,-1.1272558857515866,-3.616284052794434,-4.839718435448769,3.3637857741039934,61.31162390692416,1504550.6320646084,-1.5977700554874297,2.892906546771047,-1.987687052060918,-4.596747602790493,-3.9390795005204793,4812498.45003186,4217281.304388691,2.9541968611493274,82.1110527741516,1
2026-02-20 23:22:06.812200,1.2585991571423634,-3.184022831985743,-2.2674047300179065,-4.123572532361615,38.04200075075623,3.044372076795049,3.070709038667029,4603843.582761872,-2.78761303553936,1.5969027293047429,4.827395409103859,4.636851886870492,4.744393106384754,15.720388355695423,3118134.4600898298,3.559251895912979,-4.687864396612524,-0.3660899119535372,-4.052315289654061,-2.669468120151413,3066944.1797602577,4597001.227926259,43.393524963137374,43.55050274532593,1
2026-02-21 00:22:06.812200,3.321653790343901,2.9240644179627315,-1.6540710937478604,-4.126048673725614,46.69699834827578,-4.478063855302056,-4.943196600872535,4106211.7623710497,-1.5808638300446871,0.4179266833789704,3.5749834385627044,-2.5195282359930844,3.6967787998699935,0.7203133635799478,1117368.582460724,4.387801240765214,-2.3853335460109872,-1.908416566280673,-3.89689575805136,0.9367239413541976,2409842.188843186,4415167.801286625,94.89343349253414,35.95591886131155,0
2026-02-21 01:22:06.812200,-3.1164666375889123,0.8241586443863571,-3.5010393019876385,-0.1340006643135535,53.265142558366655,-4.92959824413235,1.546306779316594,1784537.4298281248,-0.6048609001262346,-5.0018045962060205,-3.742367982240797,0.461071568625495,-1.9297503017293955,90.32020213971848,4175592.638169157,-4.247206399314169,-2.974908938137645,-1.6148313167675388,-4.609112999190683,-1.079671500317385,1405034.6030281505,3913941.1078082174,19.75115688619569,51.1571995624553,0
2026-02-21 02:22:06.812200,0.0313625858008768,4.084505613336283,4.508635622504103,4.369578230310628,77.56118509253275,-2.2124012758544698,-3.04759397043508,4984630.693995115,-1.1900872633160011,-0.5796657906887646,-2.500271091311703,-1.230138327131583,4.756019191566525,96.23380574812067,2075446.1799160263,-0.653218516835298,4.668655502933936,0.9943054202762172,-4.932118259764103,4.503797514820931,4276429.304710751,3495013.5374769312,27.783289956465428,7.234850989748553,0
2026-02-21 03:22:06.812200,3.564898411883222,0.8339179476612042,-3.4894210821909977,0.5380224071237629,96.44766539008116,-2.8929503613279683,-1.5465804775511218,4301662.656495793,3.084057388936909,1.4823346880784607,-4.266359325403974,1.0321306209950434,-4.3472324243353615,51.83654633353206,1084147.6098418746,-3.071603910577544,0.2659494258978938,-3.2872658933376044,-3.4705681352457383,4.583276864813868,3188510.5702756024,1022525.2509922148,86.99059338903209,78.61826691982131,0
2026-02-21 04:22:06.812200,-1.7964170214857071,2.628884305137825,3.149393832554268,3.400066390300476,13.539434394611746,-1.9231990748832373,0.819460200114487,2553957.1632691347,0.0149101978327586,-1.8062940486192665,-1.2966644298032628,2.364821568387537,2.0193448283068944,22.25602345026368,4324813.465514676,4.774469555560131,0.0929696077004277,-1.7694014249043857,-3.894515314424618,-0.4280783500629544,3329731.876597634,2900426.9610270853,19.75572727517408,89.13382495455153,0
2026-02-21 05:22:06.812200,-1.7178225532424254,3.0451152084991424,-3.1227068319769176,-3.728627336083576,61.23078613295159,-0.7025144558685373,-5.032202000294985,1288893.7098834915,-4.369638311566284,-1.0531164304071243,-0.2469794297216631,-3.4986659845201014,2.693966975325992,26.85732127595147,1258881.6946896375,0.3784678858398376,1.4601640202999957,-4.939503914922693,0.3690122470592978,-4.785555185642695,2181297.563781416,4710689.168309235,25.23349159910144,43.017119205395474,0
2026-02-21 06:22:06.812200,1.5869363161894503,-0.9914858323636012,-0.6766519895739807,-1.9447568934197648,20.376645912768907,4.574480190380962,-1.6438954573015732,4379485.391020916,3.2362361074897343,-4.385537098692125,1.6314624897520875,-4.20284926812715,3.2183932275290257,7.289845187165501,3891356.815600849,-3.0889437730885505,-1.9671897393455475,2.4163781861762086,-4.310099912895406,-4.022927246132415,1163140.0537420723,1745267.106074134,60.4940813197755,37.69499716862721,0
2026-02-21 07:22:06.812200,-2.9844581180549192,4.138336889062951,0.5652923915577845,-0.5613335147970258,75.64926662732088,-4.3635073076588125,3.317927056383854,4006101.991292698,-3.664691220783673,-4.100997529554903,4.703379342533686,-3.5226277423650987,-3.0691703489212543,20.261115516219647,2183748.966278469,-3.875014946378637,-2.1939127429527554,3.2977975688495325,-2.7505474252748168,4.570028638665245,2052561.2170094408,3029489.8849499226,48.41079783494681,20.621293555990523,0
2026-02-21 08:22:06.812200,-3.370655729185703,-0.3799419635586734,4.436159201675988,-1.0301848292571658,52.33296311947413,-4.911367148865312,4.785254683891406,1996034.94443636,-1.153889240212318,3.1372334372222745,0.9536637015687264,1.831142857230466,1.463099336573813,62.68329044150672,1129946.3867606595,2.6876418072116035,-1.3741678740532293,-1.9735965936318545,4.958023677799186,-4.850014996228634,2260033.1007590964,1398904.8154134718,61.409073797570166,10.036749509505396,0
2026-02-21 09:22:06.812200,2.896717485622865,-3.116634894919562,-1.0258760584846625,-4.488883726601733,63.86190900528962,2.7161669331519827,-3.049082662035296,3761104.1384271015,-0.685882829402418,-4.386642459387875,-4.862819823712624,-1.198604791719402,0.7429635036084252,3.516568429880436,1191772.1408156874,2.713734045214355,-0.6946756185301646,0.159766444112228,4.09212633847574,0.8246054836517531,4526135.554296143,4230240.9599790815,44.95890823255131,84.5327868969128,0
2026-02-21 10:22:06.812200,-4.294312525995702,4.472833396118153,-0.8027268307387772,-0.5279745949516439,28.713795808457554,4.978208556819782,3.565372237479268,3306809.595431025,-0.4087597671331906,4.405039528794026,-0.848543460072543,4.325667087059609,1.4734213437309125,25.31989070128102,3381107.3644162184,-2.344124016926401,-4.335946465395026,1.6237185991275354,-2.111900300459104,-3.388999767435777,3302198.031324413,2453297.90227604,53.19106968813024,63.377903954325056,0
2026-02-21 11:22:06.812200,3.16944974042556,-4.829594615495611,3.937140908310318,-2.465641796418676,30.63617053027024,2.522754957781172,-1.3526400582197038,4146959.932236414,4.300805263385233,-4.4862237053811125,0.5616805373927718,-2.137746372931825,-0.1891377888259983,23.734440347283364,4237125.488001879,-2.6336645124264644,0.8437248221960076,-2.1560179638282992,4.783089480993632,2.8296875931061205,4784143.543856823,2026804.5861266155,75.18766783071491,89.64487683478582,1
2026-02-21 12:22:06.812200,1.424192782063156,-3.466485968839198,1.3852594766408552,1.0059433336061732,79.28544190338394,1.768212988573956,2.0116986159025974,1269023.6558694714,-1.9671410915071703,1.4876538615938593,-0.778077661193219,0.7566525299741969,-3.716500733853052,80.36934518773025,3156775.1765092574,2.67233394159223,4.893495140420392,-3.417169493006264,-3.5073198733075275,4.960127833822483,4802375.863724497,3005403.974534984,9.1850337229201,88.01313534336417,0
2026-02-21 13:22:06.812200,-4.52634335861239,4.7779762008209365,-4.068658066478134,4.779919470402427,38.2717655981477,2.349624380910962,1.9949773670286712,3429143.132059007,-4.483696941665115,-4.00778690804121,0.056741444267715,2.641947987754883,-0.2405638643606316,14.032444270248194,3616869.692735115,2.484704625809924,-4.6758090644726,-0.3069712185152854,-3.0501570260317776,2.7573689145999256,2150823.3189520324,4782434.1855477765,39.79174617016318,65.02047070278361,1
2026-02-21 14:22:06.812200,-4.734886894583782,0.8622983201679721,-1.0240560203720572,0.1567942769649777,57.75933658811575,3.28469299449117,2.270567616153901,1379671.7472866788,4.325548784193121,4.545659288588107,2.850639210464312,-3.7388467762458943,1.5018716644565338,81.78220735661907,4875258.762311218,-2.9411268923340064,-4.607080548493076,1.8811765920635024,-2.5900374200408205,-3.200003833893131,4436521.439004933,1173588.7143142433,44.501868372535526,88.77535094139863,0
2026-02-21 15:22:06.812200,-4.954598873722114,3.2070190444678097,1.5683870289543451,0.1440262683312324,26.27849761910864,3.3254308880185723,-4.829329815946222,1083838.9200429984,0.7968897628359816,-0.5081547405563098,0.9909651013386958,4.218365850316053,-4.505282080855255,9.690293373855418,2040167.4132973345,-2.4498825288084944,0.8559867070827898,1.4742376261779242,-2.286013750419032,-0.1326280731932994,3152554.209943209,3878181.822187909,32.256300219819934,44.28538482862173,0
2026-02-21 16:22:06.812200,0.8577558127346325,0.05888678884466,-2.2578479765132995,4.193919732144174,63.45824175503038,-2.0538060365380684,0.6207279440257105,4995570.448133162,-3.8135623425841967,-3.485676856300368,-3.042873599003509,0.8172152747347674,4.824825806012479,97.89473558546618,2936852.557390567,-1.783136312986906,1.5490712314785906,-3.7181192718953824,4.361255715401347,0.0254760672202314,1913422.4567153903,2393911.903182621,99.95051897085165,95.76634748089732,0
2026-02-21 17:22:06.812200,4.320120469215671,-0.4479244385597729,-4.808170155080173,3.916228103696935,8.330005891891853,2.40985543406955,-1.952093062037866,1357239.47897193,-3.724250368701141,4.720791414461607,1.8945822641057968,4.5511300771605,-2.633609091847082,17.27858586307614,1628181.3040644736,3.781598839691593,3.617636608655385,0.364232870818934,3.1751052848673886,-3.707249712636663,4532435.933796165,4411581.7425455535,32.57969738981601,26.04821392854663,1
2026-02-21 18:22:06.812200,4.402302414249576,1.1145423543464783,4.839776479598282,-0.0303651709416978,79.79141596158941,-4.8568472233294,4.47090667108519,2306556.9977036435,4.3374942300147,-0.2258381051964626,3.2025331894488964,2.6634721310465235,4.1181856953944695,50.18695310245037,1254405.7455111896,-0.3451302756030063,-0.5726407229354171,-0.7464350373001638,0.2016022302439566,3.48417726430511,1880439.3200766544,1716718.6985012903,83.52292908460149,86.7705459766688,1
2026-02-21 19:22:06.812200,0.75474177875879,-4.818898161791595,-0.9066599368495698,4.921580148233126,39.59704726624549,2.3786951856153005,-0.0374124711763848,3992735.6481953855,1.8386645183534327,1.0180673394544728,1.4874711389501811,-0.9358346342598134,-0.608693391951495,45.49568797277372,3206751.871225847,4.431958496934508,4.489162181887151,-2.527939262611232,-1.3518190369214311,-4.795983893117937,1804691.868455603,3588280.6650354955,89.34590541671159,0.2140919345475223,1
2026-02-21 20:22:06.812200,-3.832699161967412,-0.3129316111352477,-4.187932579579911,3.2907331903598607,97.51207863914428,1.3092517510217467,0.2142088905215313,3448501.946975535,-1.8395586635765384,-2.283762924080843,3.706010759552873,1.4459092100004325,-1.6459709186009193,70.94832204645104,3279430.3664870947,2.2688165503833075,3.8196312114714286,1.821311335353196,1.4859842769228044,-1.829904567643608,4634474.177112232,4861811.287635791,53.10167665771096,38.33391156523543,1
2026-02-21 21:22:06.812200,-1.118300737934781,3.7212390894415135,3.9409920367913447,3.5142495774509577,91.50900684070432,3.341445970006758,-1.1948229013010545,4226660.212107265,0.3157215268673123,0.8173664742118669,-0.8103022622047558,3.798377479414679,-4.600520267139057,75.34756054464806,4364384.682464406,4.3173142475382456,-2.540002596932048,2.483752494281825,3.733914579092193,1.0448898225845946,4689995.585210012,2857089.47729736,82.32263592464994,38.02411664133902,1
2026-02-21 22:22:06.812200,-0.0628615050781807,3.0234200171178705,-1.4738112509509955,-3.325778785192808,64.26311478408056,-3.8827220199537513,3.127871049189774,2418662.73617583,-1.2596251083025836,-4.575612755768583,4.961167579198834,-2.9518682984205284,-0.453001097863009,24.50459077605884,4084183.474810843,-3.819867755887927,-3.785911254867241,-3.8737527241451377,-2.397483262520277,3.072853069999685,2589580.003462565,2906580.1075286493,75.83537216131347,97.14921137009812,1
2026-02-21 23:22:06.812200,1.4328821844235318,4.321182824836123,-2.700453941089138,-2.914894856426642,53.302886724614,2.404761319535192,-3.36964663068409,4432093.084028916,-4.673409392155041,-0.9853822091095674,-0.419713834161314,1.486829533573645,-1.3770650999979517,13.247065634192657,4987397.13712576,-2.931281245777122,0.320868239380113,-2.379649954931254,-1.0500972945096754,-2.229745511303757,4410664.612406882,2981270.587735635,10.304169343098268,81.85425799055031,1
2026-02-22 00:22:06.812200,1.5530212847344704,1.6940241879561837,-0.8564751787445232,4.186575452652078,60.044207721924735,1.0070377341976309,1.313294198759211,1748624.853166,2.7700893406507974,4.456540777286922,3.799934471226611,-1.7933919047231512,1.8042161680288773,23.34965675542584,2837010.9723818973,-4.936669133188648,-1.190254106444513,1.2426953183263298,-4.525674432008679,1.5368896087527075,4595263.314937616,4662100.512057168,71.60785475414806,30.46671377535796,1
2026-02-22 01:22:06.812200,2.192564618607554,3.89886956292588,-2.6602431949124257,-0.2138063058550714,27.03168719397095,3.4387978016788736,2.6300049156870235,2685318.244289469,-3.2695065169063087,0.0027316815564003,-4.879618234748589,-2.51709292820922,-1.5159405214115622,94.08595987623043,4457629.292936655,-4.380294514007542,0.1791905852516818,3.352247735401411,3.231465722617939,4.050998802046975,2276805.593063815,4103762.802695242,64.94364030158883,17.49478417832744,1
2026-02-22 02:22:06.812200,-0.4174710950848332,0.6513318358920897,-2.868952959749167,4.305952146439163,15.7954822835348,-3.571497126991614,2.86205652261058,4990513.189608626,-0.2440380817799168,-1.6191559063373862,-2.433527928139042,3.992489182892026,3.2639031160055527,54.69155137931242,2721372.69475629,-1.417809587569272,-0.1764379141724701,3.8171730639539625,-1.649914300423042,3.623349164397317,4099533.729011795,2710767.1521338443,22.74482540647996,36.62530059984742,1
2026-02-22 03:22:06.812200,0.4561678931593498,1.966508238768922,-4.688659171154886,-3.836336021145239,69.58991181688025,2.5342792225696904,2.3444393207559147,1965985.941027472,-0.9225189499726768,-3.731759774495812,2.521143326969748,1.2350531124733717,2.0149910146516605,54.62476001308509,2281194.96998697,-3.506006115462277,2.028664440501013,3.918202114066128,-2.927174774502644,-2.165388507359208,2570940.4568969104,4824078.841946268,0.3121651356409627,60.15485063797061,0
2026-02-22 04:22:06.812200,-1.735254836130814,0.1368987673382075,1.5285436914267063,4.831534188411714,55.47146287628984,0.0755201510009951,2.662936575397548,1424852.716441963,-4.154495557114638,4.433507803924785,2.396886138910348,4.483601302197237,-0.934755532879223,26.38789445917033,3548090.9065901325,0.7287756581924457,0.9246764099650908,-4.089559594619114,-4.743591447345595,-0.0095120467617092,1156529.401905794,2256076.2443137434,17.687409485864286,3.107350396285732,1
2026-02-22 05:22:06.812200,-3.882147996921408,2.608137807268436,0.8825222181812257,1.3874029096763048,54.31950421889655,-3.806757993790821,4.541159519222401,4032731.661789536,-2.202213768621259,1.5342084342840976,-1.3818985890863118,2.340641102782693,-3.480380528966975,81.6104551702513,2378940.2242444097,1.886987319777127,-0.1563230708464672,2.7816081584897603,-4.364777251441382,0.9599088234682672,1250850.2521992566,4198291.702307616,84.86867325946085,60.75856431467735,1
2026-02-22 06:22:06.812200,4.414648087765251,4.224993811772958,1.5166682537588505,3.1744970849119163,79.32613504382545,2.6892278210764093,-1.1564496147586514,1161403.3074387987,-3.3878118802487744,-1.082575494377218,0.1287474230526779,-3.687120279951758,-0.4065634440604357,8.947312281038721,4626613.187807996,0.099850793134971,-4.319897680475795,-3.0355868477721417,-1.2220317609058853,1.8675572028190888,3017522.817195067,1858940.5004862528,30.351012487811147,60.6316947374532,0
2026-02-22 07:22:06.812200,-1.1389736219922575,2.072386343133986,-1.3147365627623886,-1.1937670652341992,31.67616770675267,1.5854051567005492,-4.748065860407706,2644766.071978344,1.5640960350065694,-3.3733918489451487,-1.7914545725015645,-1.9030828889481088,-4.448984648411689,41.79840855069136,1764968.5163044855,-0.3941744930533346,-3.062108699766452,1.1384594500772425,-1.83315643983074,1.742196324473969,2857326.979180611,3066657.039375497,10.860740234649258,36.502530403882304,1
2026-02-22 08:22:06.812200,3.6295953752994414,3.456708642948214,1.86553403077042,3.4684741292653896,23.74684213927713,3.849830617421088,0.1387030887572478,2770127.395996781,-1.3965681774914405,-4.345504265773908,-3.6658701597633616,4.223559292310605,-3.773857945325047,52.68091211554197,4900269.726498761,4.07824058792179,-3.434223266263817,-3.526400737219856,-4.53480150920415,2.0789399928029164,1382385.9746497553,3890676.767463949,85.97039115853661,57.88629082192754,1
2026-02-22 09:22:06.812200,0.1641602553133656,-2.0433618177342487,2.8162776383410684,1.5259631033728107,7.053868289931144,3.919645987620824,2.363189568417661,2689794.057037637,0.7723656992748883,1.1297965098987923,3.3372380464049503,-4.554296302593643,1.3658222397955413,96.2993277377198,3022783.773767158,-4.023137493757719,-3.1697975564335845,2.51419933108598,-1.0415887569087976,-1.1351851137323865,2209297.736347577,1426532.2871015354,5.643973322593839,27.77624967439724,1
2026-02-22 10:22:06.812200,4.611905638239142,-3.4746095708573863,3.64358249839637,3.7797432044506944,85.7179256998753,2.661159327955862,3.389973277180108,1520322.6793157875,4.711509073682858,2.343656764922184,0.9605011576095022,-2.9820505174754306,-0.7310527217669733,85.3284798567202,3461715.6601317064,4.007601624507323,-2.8543517990715017,-4.122823582800357,1.7730395929814105,-2.7850645114036,2013592.4302374907,3944069.473461344,47.2793345301583,90.44739272812876,1
2026-02-22 11:22:06.812200,1.6334078278301047,0.3298214902323685,-1.5237785117001044,0.3453183734179858,78.97045783267092,3.724031630897808,-4.229963540979955,2045642.0873972063,3.135243458881284,2.6377763775548257,2.236972820011604,-4.043264286989832,3.767764306351395,14.67700502104889,4429742.726656994,-0.5189395412852239,-3.68078912407407,4.18423242805885,-3.841319666550048,2.5434507558346127,2899729.085981457,4557546.766153062,82.3453874618042,23.95111417668289,0
2026-02-22 12:22:06.812200,4.053506419560637,0.7628836016681317,-0.2679009330844284,3.680566901074503,90.61432547657664,3.459214396777321,-4.885820165459264,1089703.5566482204,0.6218881106452514,-2.9116906450541,4.95734452051323,4.088264977168624,-0.3097506028211647,85.61536219946603,2622857.696723791,4.300053777910726,2.381507548416897,-1.084629003983708,-2.104172953292729,-4.652008001316499,3020112.184595068,3227377.65253825,67.7127488573902,50.32283453861176,1
2026-02-22 13:22:06.812200,-3.954540304461232,3.629533820273907,0.4211047753333101,-1.3238199780872806,82.96781132117223,2.026089269151204,-0.980974897229955,2855031.884207892,4.827381535324864,3.2958851995720497,-2.068790225888549,-2.692401538714093,-1.5167986767277797,72.3441650832742,1847401.065471546,1.9987653283874167,0.3827936724839654,0.6214658498934665,-4.827617462031003,-0.2845076306744137,2048498.349790472,3043897.5726311635,60.17708903297965,47.7143796108874,0
2026-02-22 14:22:06.812200,-3.042088652107036,1.0671504638285594,4.681934279147217,3.059254001176212,27.69044873778089,1.1360411423745838,2.036997796290509,2441707.3085659444,2.1475327644394584,-4.4143469471546615,-0.6473772034344618,2.604000672874827,4.28555532894136,9.9237664919681,1164329.4598222212,-1.164326089927079,-3.1086130367326,2.133217295012723,0.7719974642256142,-0.907504262146027,1121986.191411018,4716083.542867204,87.4505295038077,46.47842059375008,0
2026-02-22 15:22:06.812200,-1.7186660294364722,-0.3445854382986901,-2.318788784630234,2.3559801289432105,1.1982313608707815,1.6547913138071242,-1.8398692060344224,2066060.900553352,-4.217423186288988,-2.281805367094253,0.5530729497228519,-3.241751905890887,-1.469093629876896,66.52167883023881,4701962.97359334,1.6503330064391386,2.4350067151400423,3.660434713464354,-0.9735751207175568,-4.450164365270876,2869819.304949159,4327083.691016509,39.98380661983179,14.482236457159912,1
2026-02-22 16:22:06.812200,-4.3063869912483455,-0.7586932869761398,-3.1447448429687883,2.900304363070614,98.3521472715222,-4.113952860303209,4.70257109726057,4134953.004300946,-4.315495474339832,0.5236613781723429,4.206914007786196,1.7639836891000602,1.4108610358215945,9.072088274783086,2389153.897222791,-0.0826205698101052,0.7349176389097671,1.594232468499163,-4.341078349680273,-2.108068480341303,1527241.493989837,2511873.4225651366,74.92171650908982,99.75137456618958,1
2026-02-22 17:22:06.812200,-5.015366977062363,3.812075788306003,-4.707239159859121,-3.593825469733179,20.8676705033205,-0.6255056324960214,-2.055076481390128,1804002.349468026,-2.750013623688403,-3.8762364433829446,4.449064871601351,-0.1754978620028344,4.602539790536248,89.47033260718987,1233016.689879374,-2.1654827318441696,-3.972671140556187,-0.7298378170773497,-0.7809481808209993,-1.541982345926998,2404838.995410926,4642342.181838853,14.921531074569524,43.14500423194431,1
2026-02-22 18:22:06.812200,-3.9922199862257335,2.3644423562472285,3.686231679556109,-1.953208609019592,14.071152804875842,-0.1237219033278913,-0.6233867185179651,3264722.7649002834,-0.8233300418300527,0.9522973271940156,-1.549831600754339,-1.9903368036837832,-1.883470833453511,26.26954770019353,2060914.0900106984,3.962362491461331,-2.847561794990463,1.24700669406608,-3.0871084330348566,3.0897774961370867,4546358.384675786,2854703.223092712,93.85855957785051,49.35003640726167,1
2026-02-22 19:22:06.812200,1.2948875394864854,0.955480323329316,-1.8060079409898928,-2.668836780278732,9.833438204432962,2.1455412533451352,-4.607899249151594,3646847.602617095,2.342059525465761,3.169588125898519,0.3854765550751039,-2.0901844007177486,-3.2389498802529992,24.129977998784977,1373193.9092072542,-1.9601795666916104,-3.727917227979292,-4.86817049835814,-1.672880789484196,-3.7244325642673832,2230188.972015678,4765382.572627829,86.46370726881851,54.561939915057145,0
2026-02-22 20:22:06.812200,-4.817781743484503,4.343670147690148,2.7659685279174173,-4.190807169487478,20.201566840249,-4.223506653283949,-2.650265950040472,2251111.956841416,-3.836415148355041,3.719130612805056,-4.452672930750142,-3.1595522794978645,0.2531826445072136,87.47660625539935,3744364.615773947,3.0670780774506152,3.616249500839784,-2.174591363375564,-0.9259472838865124,3.0036418845534527,4006719.068125693,1354089.2608589137,5.38982903937888,17.839825192858104,1
2026-02-22 21:22:06.812200,-4.055570392440716,4.255685129067764,2.70921844644052,-0.970198212348386,18.422483923802613,-0.9245696896756916,2.048710100433817,3617368.021970879,1.127958355365104,0.7698161241768187,-2.957578936315711,2.5645108798891183,-4.339446921778399,12.890258507349897,4795161.990767673,-4.963436886553508,4.4218545448963855,-1.2197505056559796,4.369492539086954,-0.4297604780737449,2691473.636236348,3435996.444207714,1.217983541654144,51.306942286343805,1
2026-02-22 22:22:06.812200,-1.8243041130774107,-2.231930619439446,-1.5986374611677934,2.359037202831068,93.67072750207588,-4.369062445031763,-4.589833190695446,3846987.431345559,-0.1313038669306825,-2.605618806116696,0.2119913059158154,-4.51641855654876,-0.5452221692883287,45.5254084766049,3549826.5006372808,-2.8769037902751045,-4.314703972116665,1.607667127223965,-2.870062115897038,0.900815610988698,2677523.233893189,2983406.623348343,69.01101810899767,14.146176887086106,1
2026-02-22 23:22:06.812200,-2.2537323291340665,0.8351366274387906,3.379918366453758,2.142100925951413,73.85870880067252,3.8484554828420334,-1.036715196985996,3920255.883097467,3.142631370022507,-1.260301826710985,-5.065925168689359,4.542787870810631,-0.1428947047907036,18.833920712717305,3048149.63756208,-0.2904304292889887,3.2172784828024263,1.0607397852419926,0.0353436136833413,-3.764276590828197,3761384.392674788,3922916.452569792,70.41076085064051,67.43306118276206,1
2026-02-23 00:22:06.812200,1.8300677341635687,-0.4916062859586789,3.4478322811688766,-3.264754850134913,89.39897100078704,-0.9289351087437234,3.171281420155852,1928072.721235243,4.384821582141546,-1.5451914627655428,-0.8130485667231575,-0.2584205412092029,4.725682356497368,71.99968026274462,2072188.749514551,-1.7994043581641748,0.1849297494224044,-3.970538552997138,-1.2274801428430455,1.0651222532321896,3068601.449135509,2152847.873792424,66.13381138362126,81.401673551993,0
2026-02-23 01:22:06.812200,-4.28811351539771,-3.867619541592448,2.610239909429989,1.9495108890246176,65.42925523249619,-4.339901558597584,0.4643031607784733,1057525.78428834,1.6177773247163856,3.0301188152632044,-2.80365071405431,-2.742104478493709,-1.39940098069274,10.11656196131032,4245863.756606727,-0.7822575806387411,-1.4769111579082177,2.1902282043360097,1.6407412119983409,1.0425951598692516,2479995.54383991,1641236.1580622755,28.935241022224623,77.68603268982814,0
2026-02-23 02:22:06.812200,1.1610584616859427,1.112417870875778,2.305470483985167,-0.7473767955125405,25.81211546627637,-1.0488211406131442,3.878070937726408,2416668.274185727,3.978724534093842,4.923642837956843,-1.615808685415196,1.0258599398965904,3.048556343169825,8.518038981238492,1063492.1823431177,3.759564740972787,4.414833641582251,2.506485230143728,3.555817109161754,-4.840984502897014,2078005.8870810173,1031294.028820527,40.303329517417055,4.092768469620377,0
2026-02-23 03:22:06.812200,-1.8102436970623872,4.8484119896233455,1.2622032163141537,-1.5390027346221444,15.210428322227289,-1.511794660305207,4.670352752561461,4057413.545745709,-4.231969516855784,0.4027889318742108,-4.997729617817445,1.1662197816527513,-0.2213264508686414,62.31378537478254,1221439.267753638,-2.702837163167682,-2.659422249825009,0.0388879679127356,-2.4491277757860184,3.2715814842762327,3963119.4686426898,3178125.1716180323,25.350101610577312,78.8581765108471,1
2026-02-23 04:22:06.812200,4.225097513296482,4.782676397325256,-0.9291859445352426,4.916659415200764,63.1206828750109,3.766273885667663,-4.289544907868623,3286881.868719167,-3.853748474368524,-4.458118368054531,-4.513644276595709,-1.8461861459172664,-4.501438062594935,100.37915081212482,1298183.8446457656,-1.1163591970795204,2.661674226719016,-2.224317602828988,3.851319777829725,-0.8169099025248091,1228471.445145446,3324168.636963129,10.268645762173035,76.57233031032983,1
2026-02-23 05:22:06.812200,4.182769301296021,-2.2550596729783545,4.354634774098836,1.932195009137181,63.93498949508918,-4.542665546990661,0.6639596071545679,2440925.70414828,-4.6282545197027085,-4.187241557181698,-2.4871556399830554,2.140773071519624,4.708664212114872,42.44633914022869,1290936.757981692,0.4500756233710732,2.8080375162796205,2.181842840140699,1.3391284962177583,3.5723582241502725,1124041.4760671486,2511397.84234566,48.450422822127926,88.44041364112229,1
2026-02-23 06:22:06.812200,3.448753109694545,3.388980864459341,-3.687551223176124,4.756102008599148,44.032341836834895,-3.890019012086852,-4.483312783420389,3494972.339456036,-1.4533379501491717,-4.207197153688083,4.150015377475272,-4.596661478615481,-1.4471602576307738,35.60672991191448,3152484.0401592525,-3.0042838410406123,-4.502189984769562,2.087656323456546,-3.7296642402676814,-0.7499758587680248,4136748.716928318,3129241.0535196424,33.08870876937943,70.80237839979118,0
2026-02-23 07:22:06.812200,-4.767280642641741,-3.7533731879673313,-4.674738205087481,1.40972077345332,61.52980250698021,3.082352100092221,0.0479559830452815,4049210.49800384,0.5066337944085149,0.6585056031324665,3.4387941123092904,-1.738297458717465,1.8251173011620017,78.8913962965867,1282200.2548395784,-4.622154934043204,-2.314999238025046,-2.5105647520312724,-4.4146339991994985,-2.2455332020949093,4053140.760812637,1303486.56489619,26.979605789236416,25.42178290666882,1
2026-02-23 08:22:06.812200,4.70168423083479,4.05257396429684,3.740229993251533,3.693428194436684,14.934001525776845,-0.3063761201064986,-0.2782148264587346,3667815.847317528,-2.318447023023912,2.835568190704284,-3.7889262295186894,-4.136530727681606,-3.089199457383077,26.844504384205248,2941803.5083598057,2.0873134915659186,-2.4903416558439724,2.0384182512560614,-4.383957852112052,-1.957539336766353,3424760.348645236,4053391.714643095,44.59892428775164,49.31585662388434,0
2026-02-23 09:22:06.812200,4.753615503500956,4.630371871924032,-0.7871825544358,-4.778006010437879,76.3587517661565,4.140644638541181,-4.54855601107247,4872409.507333945,3.4992442070232896,-2.744531168566081,3.732525507689226,-2.967133808708572,3.584371208088035,64.59821971144966,4344173.9464312,4.560443441158341,4.259161987084978,1.6576181726579102,-1.864969186384209,3.2797442482841777,2545139.917719081,2160434.0670042606,63.8418016407758,9.875739447563744,1
2026-02-23 10:22:06.812200,3.1446848258893585,4.208418826173723,4.208478478156868,3.224805636343609,8.34640849893833,4.476880259644707,2.184539473225501,1155752.0667506624,-0.967922438667478,4.080185454216624,2.4229223148694707,-0.3144300540886533,1.62232158329593,23.36904488253636,4736131.964522557,1.4336972506976051,1.5423577994531792,-1.7556177136493378,-1.9458650145724867,-2.349650818594525,3890446.8993377984,3792861.813977891,51.14364063015873,86.20840858402315,0
2026-02-23 11:22:06.812200,1.5566795845767214,-3.2026582328595,-1.483018000967839,-2.5916840076477707,9.194272554184025,-4.724475143778379,0.9308063549897472,3039142.1839016112,-0.6315030655612499,1.3196827032497611,0.887941115619655,-0.2473482762584705,4.030630500044473,42.049200471937255,3629896.347167726,-3.9356240018433017,2.286948998186828,1.6652427317122631,2.7493164788301128,1.7339321800090095,3743995.822394241,1844485.8187766173,27.139574034234567,63.63399352278243,1
2026-02-23 12:22:06.812200,-2.1814522522660007,3.6989636206212833,1.1665031452073809,-3.674753272581516,88.24163684073388,-4.276835247420614,3.626404711491789,4348478.511322608,3.336440104751724,-1.0368737450177945,-3.3218540435397137,-3.5204166589059414,2.1532231052913566,63.92018293899599,4065405.1222295607,-2.3748970951683432,0.3361693130921086,-1.6578466273988537,-3.423389732030921,0.3619227928220416,1818017.354771184,3495088.7626034115,44.01484472241325,89.3443465376265,0
2026-02-23 13:22:06.812200,-3.8183517237834375,0.1883805712607209,2.965372909761763,3.6201448227262247,80.36035354415351,4.551152072917015,-3.2074438809221,3478104.800145213,3.1467100470998925,-2.036741981002,-3.796364237900139,4.846544775908395,-2.318567703880792,23.568253457588494,3631799.644818369,-4.476528215686869,4.440412782809274,-4.742575902527838,-3.259895519838758,-0.5085179726778746,2351879.916961915,1756069.1309859888,51.24285513766564,19.415269661854907,0
2026-02-23 14:22:06.812200,0.6981255807045827,-2.574582050927295,-1.307429268181039,-2.20850287552537,5.734747776434422,-2.116883356542392,-2.162228373462452,2274475.492131111,2.541826017822364,0.318355400474522,4.6809407240215055,1.68972193934118,2.634236333299365,40.86079970427674,3446674.238066376,-1.8799802528502167,4.239763249875697,3.004830481005084,-4.4754714087556655,-0.7502772413233995,3465436.7564311586,3832956.191771788,77.58427751658047,95.09252902408002,0
2026-02-23 15:22:06.812200,4.155497652852221,4.645682039768952,-0.9121455466457082,4.901988565026122,62.29028613974362,3.620076599916695,-4.3889210494631445,3389922.917133278,-3.9752798497520434,-4.496165706585101,-4.541276960016538,-1.8896716088504824,-4.248244336621058,97.4568146749604,1299698.6651367098,-1.15678703602193,2.7287114396204486,-2.198860025986892,3.9235798469649903,-0.8470557633842782,1214555.791410559,3332926.164973644,10.459149620272548,75.29068123837494,1
2026-02-23 16:22:06.812200,1.9673716536415065,0.9127543574492928,-0.184776484874499,4.227571905133944,50.52067735766382,0.2257659933674514,3.0000348176368146,3253581.4028505604,1.118310201032214,-3.5653054298198,-4.323952505276169,-2.909026354103857,-1.84331518835934,71.36602831121537,4295585.526498657,-2.690206894719364,-1.037227375082994,-1.5895212716937648,2.6075930838695003,-0.5987922901506382,2879381.7399347,2877739.4486161754,67.27136115004362,13.045563655139391,1
2026-02-23 17:22:06.812200,1.158851335025509,-2.4901195113814425,4.711636641263657,1.675381003383426,25.992554004566504,0.7019201776193914,0.8594703545088209,1972286.009379652,-1.4893718104316889,2.5115130652805377,4.452368783253007,1.0182781391618922,-4.324637682652616,98.06016570971306,4655567.897985266,4.103044791600924,-2.2194801492152667,-4.864994343893601,-1.1573911420681815,-0.9584265633143624,1475406.7437510449,4069314.092347481,69.8328735467252,8.99181921899522,0
2026-02-23 18:22:06.812200,1.2894284677988397,-1.0099729612986974,-3.826918110376055,-0.1293808118106412,96.71266152591704,-2.004343220461261,0.5270707571854523,3498456.192458126,-1.2654205486729475,-3.4855447806464266,2.240291887729212,-3.696468699567345,-3.747487689037921,87.36780345607488,3590079.1822806527,3.019139528361265,1.938633423283945,3.033045735180336,-4.841619290551257,-4.088626609102928,2323171.9657106223,3881291.66591424,38.71305089711483,97.5604968589112,0
2026-02-23 19:22:06.812200,-2.1594478000342945,2.442313453308706,3.647441813443757,-3.9359605920337257,26.614130041821102,0.6975334845054869,-0.7357059011580536,1818184.9127455973,-3.2670296690724947,4.623070031186796,2.447683183548512,-4.16267995241868,-2.5024718675931146,87.26459628860415,4785053.224705201,3.0087769374347904,-3.323804221486906,-0.1749573319879964,-3.2225066170468746,-0.888724966733589,4221128.034051071,2684146.7784769274,32.44453712971804,68.09127837293735,1
2026-02-23 20:22:06.812200,3.774720135270529,-4.452383611779687,-3.748142077974496,1.0625293775097742,41.77609792750997,-4.231379247238365,-1.034463180100368,4457732.987473456,-2.4466362623675586,-0.6722851565818111,4.288079606878853,-2.964651261131036,1.5550997184611255,12.680179912676005,4875777.588697165,3.5148918164654663,-0.1067725252487861,3.972984957497385,0.5781012573543443,2.1860374069019564,4019760.800633316,3117742.962165106,25.13076871421568,86.83239636503679,1
2026-02-23 21:22:06.812200,2.350710438038858,-1.6480275835409903,1.8556528722897128,2.648098009029954,98.4110319036498,0.0062426807041777,-3.682849714209064,3347746.0262356284,-3.941256817868707,0.9567982416152958,-0.6946417908696301,2.690611331597242,-4.602028726643475,86.65956885955035,3855831.791459086,-0.1693375480669736,0.1257621592421163,0.1821831563592741,-1.205386194065352,-2.862633120180893,2317414.0969998185,2581956.304734281,16.62005368087455,89.32361472099467,0
2026-02-23 22:22:06.812200,-2.556245212596453,-1.453136746496129,-3.225600965342429,-1.8960975504498008,59.24589373380834,-1.6377039916643703,4.216711519529912,2039429.1928603256,3.874908491796766,-1.5249202288012709,-1.8931487993989369,-3.4196365042991115,-2.964637424834161,21.09047125032494,4699061.251803164,-2.147010343875418,4.184429134455343,3.6498994556173874,-0.9964225891515688,2.9917133668605067,3267416.2729421235,3147367.920920315,56.51962230447451,50.49359244517002,0
2026-02-23 23:22:06.812200,3.034809303848485,3.028534485980113,-0.6969410510053731,-3.2516137273958745,66.79199988036271,2.9451554449074866,3.652957589089125,3323801.519552717,-1.4510231651344596,-4.193845948303983,-3.8085932800395184,-0.7449434072815722,0.9768233552345906,59.35752544142979,4698634.438328987,-0.8392932959131381,-2.322256853958825,-0.4449830478077974,0.0654999990854721,-3.0304636979127864,1552928.3471413488,2289353.8323237747,34.94741195326255,88.63763846243951,1
2026-02-24 00:22:06.812200,2.547393871342684,-2.7473552202297014,-4.421961746920109,-2.350427614173387,20.12928804478731,-0.2758341359642459,4.608640231205797,3771511.45202405,2.584546898375596,1.701385751919194,-3.6951509160047,1.1083892701216986,-3.457051589748409,92.8083025138809,4322473.543516003,1.6518718611428436,-0.024711964765126,-3.6866520101752647,0.8559579484101378,-1.0113993661739642,3953610.1407120167,3855596.163408906,7.095098923598453,70.36541344884428,0
2026-02-24 01:22:06.812200,-2.179654274286935,-4.953679769953972,-2.994752732996633,0.0256607646344244,63.46712732539415,2.0708647726669813,-3.4272679182028467,4962716.628263064,-0.8682748279228045,4.395685890251658,0.1239282073210654,0.6541593975253797,3.6969588485163385,12.711049086702396,3068527.568042552,4.778536935017817,-0.4504922315800028,-4.691753813006297,0.6283023721460292,-0.8724167972260659,2596161.808193216,3441575.4665762144,74.1806475246172,54.168682403372834,0
2026-02-24 02:22:06.812200,0.0842416862555992,-0.5127332573293316,-2.803909920962604,0.8438881029801717,61.939715556794376,1.334854323890939,-1.303269322902269,4248171.720372083,3.661634053374836,-2.018051275831171,2.960261324820032,-4.939829668186763,5.013482339169009,45.12604661182836,4593551.62791231,0.5442245204837404,2.6938913993744005,-2.9120551384444555,-1.6676408448054814,1.1129025990823034,4998973.270273794,2911564.7766975644,15.518360297899005,32.111691058679575,0
2026-02-24 03:22:06.812200,0.1061022751765647,-1.4934808239212949,-0.5264494515831044,-3.552557112937947,71.28850422832598,4.325885732249835,-4.332005512027092,1291760.796527582,4.610779483898588,-0.8434445268285797,0.7633691858392511,-3.406273582456727,1.8950714748688864,1.737924766030893,1591797.3945747055,-2.6183245170186047,-4.231080627357559,-1.4368352582808834,-4.779249528277007,2.9253918545981565,2063660.81509486,4127046.76227208,80.63934409469506,3.8560211626228496,0
2026-02-24 04:22:06.812200,-3.225604562202772,-1.6650082830885582,-0.0840545325856307,-1.013369722276869,16.5954895295785,-4.497739885360263,-1.902121407909008,4026920.668274272,1.7582292510407358,2.55133617445196,-1.5116809254136987,-4.789908430136393,3.9083214828963353,42.7541855359712,1468257.651927451,-2.994353404119301,-0.2921500298729276,3.792043375853826,-1.8663230554272177,-2.722216583821986,4919657.7311295215,4756434.793240963,75.67049101114695,64.64017366657997,0
2026-02-24 05:22:06.812200,0.3038152167222064,-0.1571228120755232,-0.1956873367309237,-4.356215388771126,63.27477380165409,-0.1394103953375658,4.899815918963512,1193839.2453331698,-4.92470402325863,-3.313449385255086,-4.139439807505149,2.1637851150749947,-1.7608314596203598,1.640329120989112,4297587.375910677,3.252971967796048,-0.5619828743246135,-3.6639287182504496,-0.4319322183097061,-0.6168865001254323,2196116.024681123,2705574.2440111875,19.35422556963152,88.50651082478555,1
2026-02-24 06:22:06.812200,2.506147516408584,-1.0183130640905669,-4.357910629248659,-3.536260078377509,88.1927758304644,-4.270981646320965,-2.0995446803756312,2769175.221804541,1.5815982429757351,0.8662391828366269,-1.251750756500023,-4.655686914266854,-0.509622396300383,16.08602934850979,3112710.8856920684,-2.846407171453915,2.066425217489339,-4.869897865741272,-2.048911398157147,0.838582673080154,1903525.651734304,3686979.361909933,66.69053866842103,54.53628521336417,1
2026-02-24 07:22:06.812200,3.0683473926726403,0.3739560293792285,0.819714019143988,-1.3246557770846854,42.74896879206152,-0.9712671736736294,3.714140341908543,3829588.000131711,-4.29891860358743,3.284386709389908,1.2133062415570723,-0.5417445017298386,-0.4069631178692621,70.03478888665695,1507491.3122523732,-2.0813282296360027,4.406399991861139,4.447500802102118,2.334018493349057,-1.285366606655285,3448634.6357729165,1298983.614545262,23.402817530687457,5.120634919032908,0
2026-02-24 08:22:06.812200,1.892549120830001,0.9417683322151884,-4.116411087884247,1.4997600898940466,21.97334191729173,-1.2564267607796142,-2.7291419826787355,3830259.0230102777,0.2501246451739337,1.757177159644223,-2.093754156352816,-3.7407738001188977,-4.144407050168768,73.05639492653162,2706432.8900861423,4.352893589829802,3.886251454187073,-2.9962940008953667,-2.4292569365325005,-4.175737449311958,4219209.36171839,4093267.169352223,39.19545158777617,62.49838505006044,0
2026-02-24 09:22:06.812200,4.905051420006734,4.198556164127606,-2.310065955649024,-4.318276906145064,16.223340578247935,-2.047095059520568,1.72702994208898,2556921.8867671536,-1.047406845688422,-4.198132431878867,2.1871811326220234,3.1665524320162355,-4.230308169919827,75.88681344179497,3369973.91670562,-3.272426817189127,-1.7067872251749572,-0.1078375131190938,3.712769881211571,-0.5108827740720994,2731892.199358825,2842739.893928536,58.80862458546977,74.55030853527727,0
2026-02-24 10:22:06.812200,3.4965383711673748,-2.1727994323941946,3.589437029839946,-0.8918248929959273,59.58934492285727,4.671066033425335,4.585661012049424,1250552.9554490163,-0.5108761110821218,-3.902663318861104,4.113953292944969,4.815665985726896,-4.357458549597332,78.72297542020893,3615080.085541067,-0.4623727052571378,-2.2807317494969386,-2.983613568390353,-2.8708863320370366,4.154208240344286,1012842.122239574,2070813.8612317503,64.80542526366997,52.364090110075786,0
2026-02-24 11:22:06.812200,-0.8738232308857352,-1.5365400563403877,2.9755910063718813,-4.74188093050513,1.260751997575904,-2.6761567694395216,2.966813971913723,1915501.849933996,-3.182211327826381,-0.2316112226687563,-3.893964011268392,3.852388787075652,1.707650254430357,10.579652027279897,2929972.242110652,-1.2063440179581342,-4.577995314187016,-1.580655064252734,-3.074183675414721,0.3716932160402884,1284098.2705973063,4563296.52604251,57.0689661576848,50.53320333358803,0
2026-02-24 12:22:06.812200,2.341122617769874,3.2372495267187773,1.4845721833560623,2.905179663888097,76.43685343359311,1.469534642936149,-2.5367633149613016,2318898.678797618,-2.24473879714527,-1.5590411072778392,-0.8500248840904111,3.982769076189743,-3.303927918175831,87.66409678361158,2356128.727632644,3.2292821559771343,4.597502180187362,3.9821114448703,-2.9575448361126755,-1.379193333392429,2328877.9939958816,2257315.5290509504,6.1420746944506375,63.81813737502854,0
2026-02-24 13:22:06.812200,-1.279819142072168,-1.5304679810377229,-1.8963804107642623,-3.6483371084517726,55.975568363838256,-2.189955010912864,-2.49532101207501,3387407.5075510377,-3.431872946831943,1.300931268616634,-4.644097691935237,-4.132934324043598,3.212594203728456,50.61398526946444,3490301.591331126,4.108342269897538,-0.0370487449936032,4.242184348426601,-4.023812394648511,-2.964644775181952,2951506.423992238,1377849.7032043475,48.42661981097255,64.77090747902298,0
2026-02-24 14:22:06.812200,3.683028073722385,3.11608320988283,1.7623820893046065,1.4266697931820218,91.63666201315938,-3.1412166759082183,-2.875125828710882,981024.6834997196,-1.8516162856056333,0.796257752309855,-3.547689676978928,-2.164882474131264,0.6982249089171438,68.1902990339162,1966558.6734216844,-1.8849112170080176,-4.672543202411163,1.9246580435072995,-1.1229963964330076,4.041112505281908,2069411.3017442208,3151006.0012751087,29.280336944700377,83.46193284217841,1
2026-02-24 15:22:06.812200,2.764129607419968,2.3750124810974835,-0.4477985091819878,4.631151115891738,52.73996221226764,3.0348274329688465,1.248740996069989,4712728.392455806,3.27302149737246,3.286529061182893,4.943303026857148,0.3836310210102276,-2.5534494539528696,81.46250560259172,1040187.9242193263,1.1534784062857426,0.4446133214916861,-4.756090068899033,3.9779580639202585,-3.442483771344702,3808657.31459325,4955502.848550173,54.99789863838642,50.263980497553526,1
2026-02-24 16:22:06.812200,1.5274679099062642,-0.2761797267747551,1.533442048030067,0.9287582800125462,88.33267623671968,0.5807556515784431,-0.8951629542977919,4131687.1132800328,-1.63499574029587,-0.0004022396412442,0.0058991579341552,0.0233262173259011,3.922981781709144,24.905434299342904,1633067.4126587946,-2.8609705009668485,3.6246625430308894,3.9512312134638754,-0.0531728380042287,3.050656572589594,3923340.75601658,4111791.897476017,36.733549581230186,89.64517288077187,1
2026-02-24 17:22:06.812200,-1.5919645974698216,-0.4778205911019286,-4.883794600918994,0.4952953589501696,71.93536223691585,4.29228053631854,0.7174598314374867,4716558.080061851,-4.580847832837424,2.834695600492677,-2.6727165108444817,4.132296862792705,-0.7869911836663537,93.61630415509966,1779361.9666214564,-0.8805345138773637,-3.315594488680848,0.8142489486908708,-1.5010453635260133,3.804219028736048,3052879.903311275,4796277.5745816855,49.17906326236681,49.1811322322456,0
2026-02-24 18:22:06.812200,-0.0281551144014355,4.174719405545029,4.427060623458864,3.454240834229264,64.32163568897074,-1.054531737271886,-2.3831361769357784,2348451.830294485,-2.8236973454098524,-4.5652054263747335,0.6697750487394436,-2.669565715046172,0.4352923093694861,99.99972925959084,3343755.139430562,2.4600047368548466,4.628539193495096,-1.513967588539426,-3.384275772729717,-2.682347489498696,2024694.5534185688,3293484.7635779087,25.83392076299577,50.86698199206285,1
2026-02-24 19:22:06.812200,4.677383123762961,-3.2689075546853976,3.7006471975335073,3.28474109489932,48.79272778264337,2.578623893670244,-4.750357338668684,2578908.0426843124,-4.073983482855699,0.4744934698506887,-2.6476953528779754,0.660321265413503,3.6056096877663,12.503038646322484,1764473.9709929342,1.3517116278377304,-0.9290098141332052,-0.6038482655631403,0.8901568407219673,2.119353898382192,4764342.083815468,3311381.675282899,45.30875087511829,3.918375247864772,1
2026-02-24 20:22:06.812200,4.307573256035648,-2.7539517706001804,-4.275531122054411,4.6582216115322,89.02580530178021,-0.9489730547243358,3.3283037678827103,2367621.112421961,-0.8081712409787869,-2.2293075028660034,-4.4616947509154095,-1.1202724560211363,3.388393367652704,51.351786674177,2965321.727648524,4.344107945712148,2.6046460627606667,0.4893252449933758,0.5131739066281416,-0.6627629716857895,4488424.254986324,1313097.9229195034,56.54563660741082,17.178910947776682,1
2026-02-24 21:22:06.812200,3.584127518430119,-0.4756048386730658,-1.075064435933152,-0.6750212166986804,7.940658464302952,4.061110021324971,4.060870604812605,3110709.86488678,-3.3179634423348183,4.408801695592043,-3.1012467090408,3.2956583142836866,3.77120467662288,95.02792236114072,4802014.246356539,-4.515357675241777,4.849291084414917,-2.8067959878861792,-1.4045685547999651,-0.8790639036746084,2155748.066630331,4733653.281798219,71.55059546211288,27.87137151411489,1
2026-02-24 22:22:06.812200,4.543826584236169,-1.5888919270740842,3.114502543538041,1.6653334704770923,74.73198861858454,-1.51605347861566,1.200025510634358,3749596.969891183,-1.300977183504331,-2.9565662867953617,-2.9782740812388013,-1.5888985851944133,0.33042529736754,20.852239335069,1410902.8981859968,-1.992174146328593,-1.4493887229048696,-2.388570079680512,1.023343702855204,4.537658459567442,4783206.1876414,2194595.419285396,34.36938667203024,54.03890841625369,1
2026-02-24 23:22:06.812200,-0.710059726249817,-3.591429796202001,-0.2006116528287647,-1.8818386691474045,73.14964903403623,-1.7850429875211802,-4.878432285226132,1846543.5942794448,3.793302156784741,-3.7565415856912967,-4.610421536515358,-3.6630434560056377,-2.568200197357741,53.56889704560298,2534436.1614206336,-2.8972382209813863,4.457747170084609,-0.7111256864978941,-3.741976636539487,-4.643878497271585,1344996.6852158597,2452530.3610378485,10.962819440343974,15.88526919439558,1
2026-02-25 00:22:06.812200,-4.609957938845416,4.923143757648279,2.1468957826301884,4.033035627238204,1.9994477867398648,-2.9011947439295835,-1.4083787847504947,2920463.508151608,-1.4278482943045303,-1.0020118343840734,-2.696870790606664,4.5468468614619,0.8381777811294228,10.530582421424263,1196334.323479727,3.989893270641253,3.417677201502253,1.8933669362404704,1.06531290769971,-4.010194837456181,3811567.984125484,1877674.6552962256,70.28127748415709,75.98042426321895,0
2026-02-25 01:22:06.812200,2.5087106779149737,-3.236130134937767,1.0002054811930368,0.0614186284024409,18.741194409758226,-0.2356301365620838,1.7401991905879264,4982524.437995534,0.5704051327503512,3.751336186211521,-1.081891053828283,4.353944896677987,0.5057063454136426,39.4190494599908,2697488.104214539,0.65888605101759,-3.0289396117634784,1.522640059437702,0.8933164494772807,-0.0202369741260675,4746262.446632024,4378836.668303451,74.96257521490237,19.56662956253424,0
2026-02-25 02:22:06.812200,-4.734134390308881,0.4386655540111466,1.314918217678608,1.6092966030966351,16.19545002108143,3.673042642306783,3.279549476211749,2526056.686773084,0.937082449954984,1.4129929532858128,-0.397811205830239,-2.3519039626058293,1.8886256657511733,8.527932603173722,1778853.6750918962,1.190526199173766,1.4211870096080117,2.620317744902808,1.488789749373158,-3.282747271510773,1374501.4751376228,3893781.282939759,35.718016499185495,22.23103905136058,1
2026-02-25 03:22:06.812200,2.5454287408468232,-0.016322272605203,-2.083374212906968,-0.6048831136708985,85.8177053157164,-2.739710021840003,-4.48164200880271,4924471.631471743,-2.68619363623152,4.709402496046186,3.024017844513242,2.5142331753130263,-3.075068493641729,84.82031285528954,3858784.356026489,1.1555262319317912,3.753632399007607,2.271311968819276,0.2514085176962961,0.5416972161100011,2512785.3981128763,2673533.350853086,13.58861501275942,97.29773804203047,1
2026-02-25 04:22:06.812200,0.9900684258408344,2.0226759896653648,-0.880430516647613,-1.665316324783027,1.1194913631928451,1.9125585884236864,2.3862472398795744,2572166.7978193862,4.3177190219229535,1.733295350471682,4.602121307938927,-0.0718658615174902,-1.4797289652391494,95.9798803936612,3228792.2941751964,-1.3473309722602558,1.431103863247008,1.8374252938127165,3.827513264568996,1.1066627327051275,2049254.0060681973,2955916.180494149,5.157657251866452,77.32465144645488,0
2026-02-25 05:22:06.812200,-3.968761311640674,-0.8107455049545207,1.9498188612654257,-3.943353157382561,81.90635138616561,1.4047604217584393,0.4885866507735592,3598035.718829789,0.0242728716637641,-3.2284647677737444,-1.587555502422794,4.4133439278690165,-3.9812123586044335,49.2982710458089,3415171.029144472,-4.604424934373869,2.0449363641168468,-4.992831412934202,-2.970064408088028,0.5884087095466652,3305622.2058145334,2763420.450810064,6.662799841037471,15.311344577219844,1
2026-02-25 06:22:06.812200,1.936227809330665,-1.0491583843716297,3.653099153143751,1.753909277423555,51.12081389442088,-0.0634270009894795,-3.4793941603102083,2205139.839412685,3.549380520868832,3.208417577359614,-1.4544381307519054,0.9889788462774578,4.673176212553687,97.96984121903031,4958914.402690277,-1.6058693778167328,-4.572957812334086,-2.747574892872833,-4.769109125005913,0.8126362347374897,3350386.479511051,3662366.4338456783,44.96639106399142,86.85882615865123,0
2026-02-25 07:22:06.812200,4.0255290667956665,4.148459010681,3.601223971892045,1.408263146902062,54.07937549855444,4.78981115174809,-2.123672709563218,4217656.238709893,2.3148635970311577,2.2206606420378527,-0.558165931216335,1.7661723355250647,4.111205013919575,47.190251056452304,2195704.600393333,-0.9696124209286784,-0.4615343619308838,4.368534300910152,-0.4813095534772218,2.0703116932288435,4168012.504520784,3536972.3639101703,97.60796862214676,26.927042430520764,1
2026-02-25 08:22:06.812200,-3.40288960967069,-3.872488868393648,2.674723590944822,-4.705227865269736,80.75982302023303,4.713551112487063,2.8489309404664978,4601033.778679327,-3.301465718491648,-1.0206193288679482,0.2010191602287374,-3.572278639029644,-1.8353802787664035,25.02697486768985,2522852.943726357,4.06106598154097,-0.6687891245648024,-0.8538006585975584,1.3992580612832124,-3.217311125615956,2576854.65091925,2978509.5055797384,2.3869302463473567,10.432950540189236,1
2026-02-25 09:22:06.812200,0.0525237244785712,-1.3760610088336689,2.7985098889334985,-2.839618174904004,71.02427986233116,1.0349309604337869,-1.932234004778588,3860400.6451348,4.581180089194337,-4.597144812220016,1.7558677356743877,-1.3659606800057302,3.2050750423210914,49.03124894098283,2643265.5822697114,1.491539648308727,0.4061099432472907,-3.354746276071876,2.9694750401564587,-3.2251816500898824,2297254.655502322,4097909.677103933,95.69917688704416,59.058965773858496,1
2026-02-25 10:22:06.812200,4.002877588006168,-1.0007709720580873,-2.849010905468172,0.4977061100955231,45.43715976188151,-4.586037122921007,-3.0397643977860254,4306845.162886127,4.48057929198534,3.51650068695443,0.0458860504568678,-4.540558225518713,-4.344546172359319,33.91594697753987,3182257.8064363142,-2.7365083872642635,0.1841056445703946,1.2344043157024167,2.392653525380068,0.9597398660298162,4338026.497735746,2641529.923729145,25.56905593038813,78.05583413013947,1
2026-02-25 11:22:06.812200,3.2645746610774165,0.8058835027804347,-4.6038117465164285,1.1958795489782954,31.43501131837484,-1.4218591588645113,-1.4704149654764342,3372632.876157873,-2.7955399575458104,-0.9457717486084504,0.0889407006988021,4.381811725247225,2.6003490180317392,84.67850018697453,1870799.1954289293,1.980705464034016,3.496001749824581,-2.664195657776408,0.9042610310789136,-2.477768657693812,3864658.1527104448,1135156.6037929945,6.043654494056405,61.017857623664185,0
2026-02-25 12:22:06.812200,-2.5218729403946023,-3.635500025013045,2.06335423086168,-3.2238489870777527,54.958105207113135,0.110460619040532,-1.050104346592076,4762832.334172639,0.6865444765384983,-4.912676886509114,2.0224171546733585,-1.848331284190585,-0.3285686947554087,29.51489662520027,4802095.196809768,4.086658372989971,1.0587390656228362,-4.227419706970768,-2.492325733770173,-0.3617712540094221,3616894.2421290926,4374409.603143814,28.7329206577823,19.77167125766768,1
2026-02-25 13:22:06.812200,-1.7995039896938825,1.322642879195303,-0.194930527421711,1.5020109239815334,47.11678989328146,1.4781744599052835,1.2129244904961016,1213391.9879555907,3.861817721293452,0.1628329919767406,3.6144568602132416,-2.244332236908216,-4.512336811868596,83.19415416880521,4864085.836520834,1.3813990251626933,-0.1986506036162687,-2.365265543061517,-4.030826729330052,3.1073046523041263,1541675.3992713122,3372623.982108537,44.32534414749622,15.397412974382906,1
2026-02-25 14:22:06.812200,-0.890780465650031,1.0665052750591726,0.9580214011982374,-4.125359765105462,12.085364836873069,-1.3800103487824626,1.447359204020552,2083474.824971103,-0.4483107643521671,-2.607504512840317,1.8249024920541,-4.512250298729785,-4.1957350881066064,96.37624382713848,2020310.4307526003,-3.582267616222011,-4.659101389959374,3.226613918297228,0.1002726914076536,-0.6356227366379505,2610248.1064675567,3726367.1986801215,94.27001171542103,3.682033956645314,1
2026-02-25 15:22:06.812200,1.3327472470812138,0.426326843569851,-4.100438065939834,-1.9444656254567805,10.719999353989348,-3.635024295950929,2.2413299706417584,4608115.260811208,-0.3392466620920455,3.853984284948238,0.0563499363425689,0.1479365248163215,1.94063159570846,17.276296672279525,3222307.374864169,-4.180874242835273,3.29257130388432,-3.374118836172967,-2.693983671749088,4.04538343484385,2597936.795961753,2134088.393082976,12.390866793526326,68.00794594198943,0
2026-02-25 16:22:06.812200,3.9552322849620047,-4.869055434116664,-3.9506982158182513,-3.479751468713519,82.16368977104716,-3.770793215346124,-1.659500343312308,2819057.3702106443,4.343041141674902,0.806452259096341,3.6603567504575647,-1.6782747793826749,3.437287927102574,40.35199924402112,1522537.5262294388,-1.7943677563907547,-1.2679263089487316,-4.621798634479647,0.4802149722913507,4.47170616843394,2165174.988822021,1746931.976389484,18.624493829977474,79.37174257852124,0
2026-02-25 17:22:06.812200,3.50017352140898,0.8448449130478852,-3.402996468767858,0.5336581270653211,95.5784355810175,-2.863883922854767,-1.5810295583151688,4202330.874608934,3.118652921140877,1.4803238055324237,-4.036802117924548,1.0421540437607912,-4.288193471714299,51.9649472163232,1115992.7761677515,-3.0562487305525763,0.2591003146637533,-3.299473692333388,-3.566106289412497,4.627106335211035,3124431.094124724,1034908.6136774864,86.93020999587662,79.29692581414477,1
2026-02-25 18:22:06.812200,-1.107983212658369,1.635373720167106,-2.579549841374725,-4.386503728893318,45.92651971732139,3.886590802653986,2.3269905059028044,3699145.208669642,4.164205445320663,4.359372482485595,-4.900893045088464,2.008084180017403,-0.6195592409461623,33.3299859870525,2487347.1382656777,-4.064798764020905,-0.0675250697401423,-3.769478764096751,2.027382992895869,-3.6406725263267936,1578842.5445460796,2383798.071452812,48.53448971344181,78.5202867912825,1
2026-02-25 19:22:06.812200,-2.1551763500386327,-1.3862594378553026,-1.6393619607509908,4.454480096118905,28.74940882529331,-2.237037251867208,3.953360876924223,3636628.478683986,4.4752684340144695,3.29531600615942,-0.9461043877729536,-4.289879036224152,-2.474144606647823,74.36200436657997,3859521.444530276,-1.5918790461138397,-1.2954490094371551,4.340725495020473,-1.38411557776497,-1.0923932683170487,1793707.6977630763,4671991.503972109,49.00958357270349,16.784061891050168,1
2026-02-25 20:22:06.812200,-4.891623485197016,-3.219640331302486,4.8666259326714645,2.8076158606843986,35.77982653254418,0.0308395077983636,-0.9547261442613032,3710126.4555347385,1.354143568619098,1.7225068729419473,2.7804630648319915,2.6531629952538625,-1.5760487670414038,49.19280240391293,1103355.8888800447,-0.728875535806659,0.7912980403504912,4.86349922944162,2.9270340578075142,-0.023504454947818,4244922.233605431,2391874.664620866,83.01772429995874,23.731770420389108,0
2026-02-25 21:22:06.812200,4.053819764192637,4.610703174694551,-3.5750445709848675,-0.4019957623067984,49.42124472502999,-0.5065025796035796,-4.316467996900414,2492490.4736895347,1.2982065443470772,-0.1872204878076298,-0.3926639975832611,4.294034838491537,0.4647636102537644,57.277250973710906,1887117.9677341853,-3.7124556263194455,-3.109223462216512,-1.84783262622714,1.2911757863426674,-2.858237472604132,1890596.9409071407,2876241.3608846143,95.06117747428902,28.866630267546046,1
2026-02-25 22:22:06.812200,-3.250082861142874,-4.239746459379955,3.0077168988441327,-4.428518654921391,101.0382254879228,1.6923003882958791,-1.2021305969412817,4867676.64317197,1.585693014592111,-3.756202737451272,-2.652503471039988,1.375050851441043,0.0471475225018479,75.58865647234701,1536890.8268852325,1.0686175114352392,0.4699634561403054,0.9695435041999348,3.238517299193899,-4.812525048812383,4584633.691387156,3188068.431470117,90.57703035720095,26.71302622695728,1
2026-02-25 23:22:06.812200,-4.144571300237909,1.2191061553514817,-2.2694333109127043,-2.8928238211185566,71.98122456233095,-4.528625961472692,-3.800629254867862,3828743.496333857,-2.444129385103928,0.4531231607292968,4.47577020309941,4.579889540076083,-3.3717483498477656,98.76460613275395,2961441.946992508,4.425492141869891,-2.4854847658261514,-0.6370609856780972,-2.8743475319032843,1.930228967401399,1950958.427227635,1093634.191310532,57.09507925096322,3.735780303542588,0
2026-02-26 00:22:06.812200,-4.087133232138664,-3.5133727224688704,-0.0111184654864393,-4.418362044945242,82.82492524372184,0.8586478845351921,2.8375984248410724,4766767.946632123,-0.9678936681617722,3.0967503626588933,4.888405413036631,-2.951975909437905,-4.086467572764442,23.833721062799697,4121884.55352062,4.476236585206671,4.0090773026699065,-3.846989096609507,-3.4734183545921624,-4.399268316450176,3869614.221620841,2336545.647504694,63.42526534515373,93.7987865459497,0
2026-02-26 01:22:06.812200,-1.806863624095852,-0.8537587627297629,1.1815573431811908,4.948663171697671,33.520804737087275,1.2478386278940246,-2.14241675407294,1669428.128947124,2.5239788230378792,4.505328209544089,-0.1676792412456489,2.9799803521922392,2.566465493523989,79.39550847155907,1804700.9291555176,-0.2482913397737176,1.741869488296138,-3.930087388253767,2.101732665901607,-1.744966618738646,4773193.58898261,1429444.473802671,35.390566721181706,82.5671445979478,1
2026-02-26 02:22:06.812200,4.154280460925205,-0.4441704702629948,-4.807860976282762,4.099161691647268,8.344096102950461,2.390739813304061,-2.0953245838236545,1355226.425593335,-3.8207129103999855,4.677507625962905,1.8710486307728025,4.546862457514514,-2.7626289105402604,17.001938098917613,1690770.289641491,4.00733619817317,3.638424729152996,0.3698988611133565,3.0980632231870966,-3.720522939908161,4348257.87477475,4676546.34129556,33.09893000491535,26.579880686066048,1
2026-02-26 03:22:06.812200,-1.098561891161677,3.665076245886177,3.7984878135145217,3.5227225609489685,93.70967819637303,3.4392767937838515,-1.1789906348613386,4211482.535834422,0.3193956138565013,0.8095813188042786,-0.8005537485731286,3.7505613390018686,-4.690862713125758,74.72474059053525,4383576.801122769,4.353580222763049,-2.544143341831226,2.537105601977929,3.7307882183090624,1.0651541033263965,4732754.359665291,2813912.8497155886,81.40826016996485,37.49759460769379,1
2026-02-26 04:22:06.812200,4.5006196705080495,-4.146503319213561,2.024649705441039,-4.422194390036333,17.37615931357438,-4.28224193773487,-0.6723312040073735,3001437.784862242,0.312940183509319,-4.779338513177091,4.868959453882976,2.385460533969635,0.824350768882959,48.648276573242285,1320253.6101158625,-1.8274082564313243,1.332689173374889,2.1945996766997187,1.7734184608151633,-3.5631237481578726,3111088.836275508,1582514.9541018058,60.33255656445984,69.77970330625239,0
2026-02-26 05:22:06.812200,-0.621872740755259,4.077364701814376,4.657072728342795,1.689336530576779,46.61161178908896,4.780174083835421,-1.6800245871518948,1311532.290401378,-2.810613001682017,2.3494439043069835,0.1145243689752994,-0.6290682134961256,0.452813295178486,94.10975978324792,3694374.522741802,-3.438811200429704,-1.7721676396889832,-4.555274012384112,-3.969356280756472,-4.396769499836712,2203432.105981406,1172404.0260604664,43.34982202368699,53.341181408391485,1
2026-02-26 06:22:06.812200,4.506071469375561,4.968742518459473,0.5964868348691414,1.950352288585532,71.20140203307808,1.826172212234024,1.8544388322190155,3763535.9062032914,1.7743807122829445,4.825212722560387,2.5456936120573657,-4.362054437464021,-3.134099031268325,33.40455484199596,2897812.7193780933,2.6630407111890007,-4.005037738193619,3.5456866403264087,-4.755731170593668,2.0993307343424625,3160116.769042751,1133751.9422443907,31.20013061084504,8.223322151060053,0
2026-02-26 07:22:06.812200,0.7343788812328613,0.0219501033124256,-4.902291525808163,4.836789252634135,82.59782127080818,-2.580683196844704,-1.67543842851288,3788543.223567237,-0.715420961512045,-4.138678609363197,-2.513951153866937,-1.1277685878979304,-3.1176780023095443,10.68209929639906,1039876.938938074,-0.0205140741773615,1.0417393817259182,-2.4304770049153013,-0.8825233240975683,0.3372541367144439,2844134.2723912485,2880996.341315017,90.98236408320604,41.82640809025757,0
2026-02-26 08:22:06.812200,3.8898848243445454,-2.2492133980962827,-4.957351313736039,1.0988407218078626,72.96830543738614,-0.5370771328380929,-3.4138357153683763,4492764.16582776,-2.5701511950329383,-3.55943497078537,3.811695304381583,2.3560762562510584,-0.9100128631153358,2.0307902242064984,2265285.616638343,4.722574896226176,2.0190375949181427,4.973271772528018,-3.8504531856073663,-2.033189100751754,4042791.197706476,2277645.419158388,43.36155940577676,2.8911522145048814,0
2026-02-26 09:22:06.812200,4.273706985516133,-2.768844025650005,-4.310953786537795,4.639903403197564,88.47635897430546,-0.9157104836579636,3.3119349376656366,2284870.601413396,-0.7874455469649564,-2.209588657547368,-4.294470179046635,-1.1243107491580666,3.399586018759522,54.40863524191448,2940963.290899947,4.168418785425096,2.633563900136984,0.4857231234332105,0.5150932777091325,-0.645636902433379,4371796.342083329,1292498.7047459297,55.41507834687368,17.11218395247846,1
2026-02-26 10:22:06.812200,1.3183721216979922,0.953850173200438,-1.7353869175600811,-2.608198957840744,10.063747852353334,2.139526325065898,-4.434143438532844,3594555.827075262,2.3149646404313904,3.143867792687613,0.3839497928695765,-2.172345429399014,-3.1575134842732577,23.88451604036069,1339064.6177053326,-1.8996597598754992,-3.790393377615077,-4.79090487664765,-1.670497530376267,-3.5616552900968914,2303560.573574571,4817790.779411954,87.04004631058369,55.9301872076827,0
2026-02-26 11:22:06.812200,4.091774087272172,4.361277562830104,2.056384948110745,-3.5211621421490387,95.9973743434273,-3.564531241447742,-1.7533243648928707,4123112.087979192,-3.740172863525267,-3.1520221331094973,-3.9413231803597264,-4.802438786935507,0.1923552108352462,75.23720877831602,3620119.737693676,3.0470930002420418,3.1129759073201413,0.798211842777702,-0.0038611861558575,0.1346758910786682,3966164.854120405,1320461.8826452966,64.59271018046678,10.835778471216084,0
2026-02-26 12:22:06.812200,-0.5155447802168025,-4.329235226115725,0.1771164338471145,-3.5775063131280382,23.98741127559447,3.2253479438419674,-1.260789529871864,2101152.853807441,3.2447151760454904,-2.196652474485875,4.921356394785828,-1.955095756459696,-4.42997612448066,94.92811717559836,4230503.4782519005,3.1196774239080174,-4.213023248046009,-2.7690998155464417,1.6941206425364346,-4.907584115944856,2902620.123699669,1462700.8945924663,55.8231750279661,18.74112879837769,0
2026-02-26 13:22:06.812200,-4.446961625956942,4.439134088777465,-0.7943873242949862,-0.5232987509640171,28.22380990167823,5.098620618441417,3.659558809540693,3342601.53201756,-0.4049262533391418,4.504264681924152,-0.8867900657052054,4.327970379882847,1.500996194336537,24.94741417799447,3343237.479006237,-2.326765396852355,-4.502957573221889,1.646844697773951,-2.117585562958629,-3.423322992634784,3264223.925770238,2413302.4495340856,53.53066764514095,62.50906536714221,0
2026-02-26 14:22:06.812200,-2.0678922830193547,2.4996047039917784,-4.121335008551666,-3.786150605775711,14.19719897609939,3.0395850755252027,4.444485826943033,1624826.2747464878,-3.535637433971839,-3.6782034224612814,3.5753060775192367,4.829468795547008,0.8779844937168484,30.50996868195266,4085893.3794384254,3.6715215100112193,0.2731089564239326,-4.434843092032427,-2.838641876890793,3.081570490242127,3411230.1290670377,4785057.972012328,32.47989153803606,44.82265821082245,0
2026-02-26 15:22:06.812200,3.07180431848616,3.539640648670133,1.96627396055814,0.0733473026651769,73.39010911989794,-2.1970267066186024,-4.333703300222765,1103783.008608621,-2.661037339744083,-2.3629033643725688,-3.661135062375736,-0.156799726455171,-1.6173580560965477,73.56708754819186,2016815.4582389328,2.8883940080345627,0.7568673210536738,4.859110657623024,1.215310109746247,-3.261268399715127,3399357.908697911,3544512.874783556,28.99114010180041,25.63072342727324,1
2026-02-26 16:22:06.812200,-1.7133545463008404,-2.9009440690441424,-1.4937306879081924,-1.9672485243240443,34.79414115821666,0.5250096740788912,1.4173439729855817,3543761.307306844,3.32929715574228,-0.601443602861651,-4.026331062087789,1.4277741347992787,3.4034817758850817,16.885928936703532,4660555.281619584,1.7300816628867697,-0.9721446595350508,-3.966050633699585,0.9087192297425856,-3.2380559383575247,4943966.288682638,3933446.058928374,29.338967558297835,60.102587748869,1
2026-02-26 17:22:06.812200,-3.874974103066279,-1.6248350451000773,-1.763100265026729,4.757012514473347,89.27184197805434,3.584006438903866,2.144352139681049,1320478.0133320591,1.1638619864790147,0.8471057989006174,-1.982744210667262,2.568503994109159,1.1136355723031666,64.20615190515468,2036063.1185633563,4.060078724991373,-0.0739167531139704,4.342210416792071,-0.1847599849494976,0.2058720163270272,4214112.742223307,3003556.806018973,59.34460429535821,35.22213737208395,1
2026-02-26 18:22:06.812200,1.7251845607703844,3.9805428944071366,-4.667968912086335,-3.989541889893533,45.03509789054127,0.2016989231075117,1.7147914866720697,3397208.464557751,0.4029653179030728,1.4395657944761355,2.063719968099961,2.176761577934996,-4.825017860126114,46.06727916549932,4418061.743642998,-4.530355775923328,0.8881027015622323,-0.6849188015235761,4.132059618141724,1.0621664222076603,4751058.237272897,3549995.2117366525,3.341799470505946,32.737668011539924,1
2026-02-26 19:22:06.812200,4.355351403429313,-2.2988467354001614,4.603630111790881,1.9800686569513783,61.16079981079283,-4.451482276527768,0.6850813435693816,2390118.8114015493,-4.535435113737979,-4.127485500279679,-2.5361589651400784,2.2648781564236384,4.514251688935593,40.22321615021852,1285852.8359513695,0.4444181833657827,2.81905962460188,2.1208119668126253,1.378699486709885,3.575883057385706,1140413.4769381464,2472839.430974579,49.046247754143245,84.86488641082236,1
2026-02-26 20:22:06.812200,2.5237452943768,-2.9486035951799283,-4.214215028449793,1.92161341694132,74.88263369633064,-3.571240386605883,1.3228215363763989,1717424.041156964,3.4466590909022425,-1.19048154976525,-1.5442041412918694,4.766176373150092,-4.509953550287264,30.70877433602487,3732702.252959272,0.6632288016653209,-4.107778319427614,-2.700816291383674,2.978023722086077,-1.6307808692325445,4448611.833172487,3581111.0212942515,81.58208510252952,78.09448189504872,1
2026-02-26 21:22:06.812200,2.915790437258485,-3.0931227933633343,-1.0307672379840396,-4.377082018699373,65.11475848816741,2.753461504031356,-3.010078610405632,3820556.5822822535,-0.6869829365898541,-4.45434591717301,-4.930177381196518,-1.227982175423613,0.7277027668694576,3.515925027119416,1209331.4292026514,2.632949119972816,-0.690169371527416,0.1594587852542339,4.214577362165304,0.8548593831503561,4556522.1428194335,4306910.593585128,45.0383213039008,84.04495816388055,0
2026-02-26 22:22:06.812200,0.027008071251802,-2.417949254608438,4.605515892137635,-3.170299397676662,81.19229948355091,-1.352695917793309,2.5542391651452947,4134549.137810718,2.162868183048762,-4.030227721680057,-1.9612325310135148,-4.611028476689676,-2.626982317020216,56.76466132728515,3035018.4330067327,3.330842490709052,-0.1362782668879001,3.822581905688962,-2.462690725118442,4.850107716647395,1950783.223430454,3098280.2522578384,19.88031791830881,77.34922068972257,0
2026-02-26 23:22:06.812200,0.9701925438983688,2.063214358525675,-0.9132768663667032,-1.623892784166241,1.0975748899467257,1.9079172949813843,2.372565662097658,2543125.5400326755,4.194541599606184,1.6887373231066949,4.495771792140165,-0.0701801705499911,-1.4739934201620162,92.35137256263144,3210541.499877645,-1.369406337386995,1.4471600246335858,1.930755287545426,3.716924908477006,1.1521177652377936,1971747.051412829,2921614.117115153,5.139883211752428,76.58482099095474,0
2026-02-27 00:22:06.812200,2.896181427945539,-4.634503321519051,-3.672842459569397,0.0942212814978971,62.09285674784312,-2.2859061955328563,-0.8166613589771989,2820687.966934626,-1.20959514616965,0.9946113965871656,-0.965190309730004,3.01840168452806,3.194956853860523,32.314521727941724,4131394.47194663,-3.634969879164178,-3.2521328495484205,-2.4650624674280963,4.7850596693269,-1.84346373017676,2871396.733168172,1427679.4575192854,32.513292840026445,32.36094694340708,1
2026-02-27 01:22:06.812200,-4.087938969513097,-0.2793305489000079,0.6754084826155813,4.966968538529768,35.23749466096544,-0.0330457718205341,2.509397983633183,3671042.366412612,4.150607325172224,4.024032761106748,-2.652455782750287,-0.6546903669550463,-1.732611094313664,54.41086239394686,4382043.243362242,-2.7132924861539665,4.871000859241166,4.405373011029477,-4.893298729938373,-4.1306043930774585,3629777.3087098594,3019017.294262167,47.11103549977539,83.86571544924571,0
2026-02-27 02:22:06.812200,3.689409101884144,0.1986138450674011,-0.0450612233987664,-1.79690129587147,25.03359537615272,1.0940189987153266,-1.94458157103404,2818943.2260089493,1.4290918476120007,1.6791619977747416,-1.0098652562465535,-4.964883444966117,4.487050547299385,62.973244005472345,4798377.415087381,2.5468291070913067,-3.1663657109575865,3.318086138805255,-3.5456323778436305,0.1472092979005271,3945367.112109157,1162762.8861474583,45.03679170232356,2.1045539804368127,0
2026-02-27 03:22:06.812200,0.3888231998897302,3.717036090536389,3.2383691192330737,4.975951329553592,73.84071254125806,-4.952963080958863,-0.1590499685008151,1217187.7684827778,1.6449351126120138,-3.476971765103445,3.751547713373448,4.2641169583951495,-5.107515228199835,2.807226478493692,1166488.796269001,-2.2809920467151845,2.429563370031688,1.0954108844481978,-2.2166221858223696,-2.366885114939864,2342856.647269603,4162456.4387448193,86.68565775486354,7.461969694653218,0
2026-02-27 04:22:06.812200,-0.0557969529741857,0.6484113326261642,1.8946496913726567,3.1397026950601887,84.144755308476,-2.157259070724833,-3.986271024468409,4349468.319080602,-2.4883073245159872,-1.167846340527483,3.188692705204716,3.6953367181497967,-1.5038560119227782,55.17123720199669,4196328.583087818,3.824951050681364,0.6115021243517438,4.0594396792626455,1.227412763774776,-2.770499914422464,4580266.891744857,3788364.553043034,81.8737990454652,10.357656610301502,1
2026-02-27 05:22:06.812200,2.813720063003614,2.299477607525074,-0.4423144221252992,4.59163723000883,53.70155221557075,2.9476783418181016,1.2255633891697657,4619710.630135235,3.349160233592133,3.321727123649832,4.943286855595679,0.3835125824012337,-2.5530686160232423,82.77415296819429,1016701.4516606282,1.164723407953722,0.4431161166928524,-4.767525961603862,4.025344943947257,-3.387899163881008,3773599.0352851935,4928698.971505521,53.840945126177616,50.059757789778345,1
2026-02-27 06:22:06.812200,-4.424412399833557,-4.342913605716476,3.005866991090828,1.1521943823101086,47.12871673981645,-3.661716370003069,-2.2214722391028774,1678913.7143076926,3.442123252861432,-2.8366722236917297,-1.626693911542345,-3.193424586886968,0.9634649749677592,35.65589211768887,3033916.141232104,-4.79878278146926,1.874368609408673,0.6680610501046598,-0.8716060224109352,-3.1194143352092443,2571803.059965412,3347281.780294255,12.46142077075212,83.77290986226564,0
2026-02-27 07:22:06.812200,0.4952888232373551,2.7552761669501056,-2.9984975575519,-1.937463792133883,97.91049380151546,1.2955769689173655,-2.236808915341464,1076579.471987347,-0.1597942749059591,-0.5742265406718463,3.275236939538172,4.476861770642795,-2.25787110875853,44.73027562526006,1931607.3545979264,2.52727137825976,-1.745817193173922,-1.4557600801261383,3.5985449033512182,-0.719806475603562,4847049.913381875,4331116.284093179,85.76559882418273,15.27504316676166,1
2026-02-27 08:22:06.812200,1.6944519368249842,1.3914603105666028,3.743775946166554,1.485008130354197,62.554852253924025,-4.4537783450613615,0.2961336350814317,3067508.749958511,4.178144096229313,1.84535912015382,2.302111355584818,-0.6739435192438711,0.7568875752400347,101.07035931154378,1612073.9561006431,-2.724672242613709,2.9627948560253534,-0.9186636562672924,2.91412730388682,-2.428649843724137,1843895.3144212407,3125916.453451182,80.9306749949219,62.49086946701711,0
2026-02-27 09:22:06.812200,-4.089732942579444,-1.809625558787873,-1.16504208783185,2.217977357313742,42.46488045593002,3.539244368589309,-0.0113131639891562,1426958.5135200468,4.34746248771769,0.2604093916871179,1.569851745888301,0.7402412087129894,4.8975562573399785,50.69113487440722,2348285.071298874,-2.8402448499145927,3.643808127552469,-3.2198956766176225,-2.254632328250609,-2.1354629696048564,3619613.272158256,3060258.7262689867,52.85250792561618,32.30132124797271,1
2026-02-27 10:22:06.812200,-0.5846949862662303,-0.4671116525197236,-3.3251741774093024,1.2389583629163852,63.41421382957368,-4.456679651770962,-0.6798107240549403,4116410.345583147,0.1409544255125974,-4.516372889512192,-4.994020611652047,-2.8122829158912035,-4.733916339223159,96.55179182347663,4381319.902754907,-0.2622670748557709,-4.052610852206558,-1.188531179652644,-2.481852979908683,1.5828378342615732,2663144.248276732,1289086.8360454058,89.7508835108354,8.292715250972604,1
2026-02-27 11:22:06.812200,4.625550858974068,-3.333150325090759,3.738318384509245,3.160183064561548,48.71963092444897,2.599663730296369,-4.749701460196793,2572250.685323044,-4.025509033256431,0.4923062477753319,-2.630753219839496,0.639087265124185,3.548628521814026,12.935688249078607,1791720.5332392291,1.378908298371675,-0.92839088274652,-0.6118683418929741,0.8544887992026169,2.130943608866988,4647215.649503629,3330123.334216015,47.46303560014356,3.910373099813844,1
2026-02-27 12:22:06.812200,3.877041827582998,0.2439026932758006,-3.9543215966559977,0.2704146391165167,12.626474156450271,2.486452341262,4.803687409421851,3438789.7006104635,-1.91531718510516,3.204875844802748,-1.9218084997388083,-1.7377949301906843,2.3522851810159606,37.73484772303116,3908651.238960554,-0.5322784116039312,4.758708627835366,-0.8814771685550307,4.810294891150761,-2.3619392505364245,3404330.6615728624,3762804.157996664,94.6707915033888,64.17754044410113,0
2026-02-27 13:22:06.812200,-1.4908498744792134,-0.5923725306177188,1.364302495436367,-0.7391661610962856,67.6177562075434,-1.8241320473888327,-4.324974533161781,3798558.278488487,0.7304220061901567,3.263408109501867,-2.588347856922381,2.561922341067805,1.2564991294145311,25.822681325998296,4923044.697555406,-4.9290346750511285,-2.137409646168168,2.2757932213494403,1.137079695437473,-4.879300646993821,3839218.853089488,3136110.921538871,39.74879924226278,47.19373657552944,1
2026-02-27 14:22:06.812200,-3.613877766560147,0.7947537577907995,-4.204724445621096,-4.006001867305887,91.05433127980876,-1.6594112800311054,4.007486177782562,1275851.7520021042,2.5582313802411583,3.1422898971203126,-0.1401236334845089,0.274848316466156,-0.5462777130493441,65.51222616553034,1121676.3009950048,2.9223623544492487,-3.7364387367017113,1.721060147269719,0.8792982607545702,2.72960077591367,2779723.770421488,2817438.0007645586,15.846853928113934,38.469736657431646,0
2026-02-27 15:22:06.812200,0.924617230257256,0.8371529328513442,-4.807997510628977,5.052650181213622,39.49953957993781,-4.540480069405451,4.54955721009038,2052836.036231077,3.4492634315367168,-1.0690555864748068,-3.639331941527689,0.1150969517530881,-0.419357303497486,20.84905986284563,2061651.7959975044,-5.043302922399077,-3.3974385914558347,-0.8301167121788837,-3.617364797158646,-3.088091824160311,2500803.4892240083,2516341.166886647,24.127916042683093,86.43367009672113,0
2026-02-27 16:22:06.812200,-3.829329835723941,-0.99236939124674,2.064757264869012,-3.692896232598005,32.5104015431699,-4.998653069955147,0.1870099438059504,4352619.89995457,-1.747888037237887,0.8800046342962844,-2.6643263893138904,-1.0624485843459333,0.8075599905565909,24.34670440667601,1622770.3910237318,3.1939823096649285,-0.7619181482642574,-0.4836100448116207,2.9353740222883093,0.1893736426475687,4802368.052303754,2516643.455919774,21.714040403767186,90.78906004128328,1
2026-02-27 17:22:06.812200,-4.185788922025999,4.622293651313317,2.150456558269052,-0.8464181652601075,23.25666333735223,-4.360689873281245,2.430930460834636,2548735.5857949858,4.631978588491105,1.3080806655849189,-0.8516126762256112,-4.623312896099544,-3.818509228142779,2.1608589466365755,1264107.6966084875,4.567579168497327,-2.160529816998317,-4.166458076729152,3.120769748971847,0.740632452245567,4065610.805201977,4232328.929481959,47.883682661152974,34.10061884772695,1
2026-02-27 18:22:06.812200,-3.570083179471641,0.5964033130821793,-4.68413855174358,3.866042152404667,68.63271966860974,0.1112913923722977,-3.206353179877896,4211243.739298002,-4.607305857583476,-1.4689711106161054,-4.318133802345373,1.0821137676644668,2.4168412899182314,45.77646127041341,1902658.3322082204,-1.4017509936343355,1.49863921702575,3.5672994650589747,-4.144004471772317,1.0575948935897204,1978465.096209064,2361099.9289361234,37.36408184666985,36.31891960908492,1
2026-02-27 19:22:06.812200,2.615106317174723,-3.447597540692875,4.362122462436899,-0.5021535117867746,6.964114816240574,-4.531480914723969,4.706765454097441,4843680.587715298,-2.28001394655644,2.9978336444578337,-3.1287572958949825,-0.5542649893057146,1.752308375620375,75.9520148716944,1847192.599526011,0.4076563130054289,-4.753027023138888,4.440947859303645,-3.1654211524113496,4.628704940018096,3984523.912954569,3483330.531096772,33.291209623140325,28.71522634376287,1
2026-02-27 20:22:06.812200,1.4668776035509667,-0.5388608044253244,-2.073508122159141,-1.0355670208993824,5.691607791775563,-2.225396439109481,-2.523670866243807,1650056.7154511344,2.512931443113321,-1.541022812874623,4.197642524565868,-3.570949844778617,-3.1104009710885165,74.1802274401312,1544888.2645536114,-4.041477240934756,2.2457252338751403,5.008481822514868,-1.4547760601146524,-2.457942221811932,2475596.180948154,1839787.8453222583,75.41463574657462,21.154196421428782,1
2026-02-27 21:22:06.812200,3.1422084763066165,-4.988081206131369,3.998106741536696,-2.509201659012451,31.80548771507364,2.5242533520317774,-1.391036319092286,3916210.1626892393,4.3215161858802205,-4.715199511301005,0.5688379754707689,-2.1290057278330137,-0.1981231796913972,23.27939427179412,4072893.875340123,-2.550222011900004,0.7792584547634414,-2.1353514669123235,4.922491050234799,2.845310330997158,5028406.434639221,2073102.0495458848,78.1819611504411,93.5417014144667,1
2026-02-27 22:22:06.812200,1.182180633162611,-3.1807186950472888,-4.480287163485276,-3.053774881792349,17.48814371759594,-2.238304421791005,-3.866964952725358,3143740.315408473,-4.936209565934093,0.546870247883672,0.5554956988561983,2.4236993708978183,-2.9411801182167885,20.59881841884732,4170159.070485347,1.773006863356594,3.1025913051728686,-1.6405384662106617,2.5840367303420315,0.8947080309324686,3083262.344576329,4563981.498577059,17.615391250286006,50.07349061441984,0
2026-02-27 23:22:06.812200,-3.988773238772097,3.617856210135173,0.4129633530107046,-1.322406491227104,85.57372589057863,2.069764874557162,-0.963989976384088,2953982.5306396214,4.783547870568567,3.259323085500162,-2.086389271622555,-2.716687476313892,-1.4751895305664888,70.92961271407681,1747629.1858004727,2.0262957643791584,0.365781900286203,0.606944813756801,-4.780134779606764,-0.2882744062185818,2074228.562482564,2984703.704404461,60.7266670101488,45.59461857686613,0
2026-02-28 00:22:06.812200,-2.289520340505179,3.9644105880505136,1.161715743698814,-3.967026305564256,44.61865226911097,4.871000621124845,0.4480994475794614,1744161.038307613,4.944439419814573,2.0106440744945413,-3.852138654778385,2.625713061878021,3.270617934069038,53.98926206304725,2576433.764330241,0.9908019933772068,1.2020490215906998,-0.7379783295220433,4.333101927283908,0.1364654174860373,2166600.535862611,3584384.0117344595,72.23180188520061,49.1434269709924,1
2026-02-28 01:22:06.812200,0.1208423253474359,-1.366766260163221,-1.7844482529600365,2.6739416302295846,97.20119299311754,-1.416265874269015,4.906514133711927,993163.0455397709,3.2258331261538107,1.061811266141573,3.927077099384612,1.3688443409250193,3.704489312190148,6.93129850485193,1641736.4621951235,-1.4348140295514291,1.727519993771536,-4.362724523957083,-4.247594181834906,-4.833227088130295,3622241.363041117,3808231.499626765,84.74808948017598,42.94983704873507,1
2026-02-28 02:22:06.812200,-4.158931938850026,4.461154621336327,2.0906051945091644,-0.8587024747107295,22.71795570235149,-4.373103783781342,2.3788498483460616,2607548.7995629204,4.657472098197475,1.314587925830207,-0.8260521767085205,-4.41542012763123,-3.73889858321375,2.114982334941629,1266639.3192932245,4.559800588260723,-2.2178281293117785,-4.049434631674355,3.168779858937828,0.7340162589770385,4106427.359185562,4298892.6563076805,47.66241605086289,34.44280462171883,1
2026-02-28 03:22:06.812200,-2.1888726461769816,3.6725698530109896,1.1468200006427034,-3.6470527318537016,89.56310368922799,-4.118099097521294,3.644903322492316,4417475.7835087925,3.315092669148075,-1.0311601696613562,-3.288026296839897,-3.509689958832482,2.104322608574456,64.85409473348248,4020972.731949032,-2.3960092480806296,0.3399350414250621,-1.7326270758752846,-3.279013665077914,0.3583093062686229,1741997.0559308284,3425559.6659082226,44.82235816218979,89.50244868747848,0
2026-02-28 04:22:06.812200,-0.7180596091954864,-3.597047230124125,-0.2070325189878847,-1.8494134671553903,72.6696685552243,-1.767025765687977,-5.124425887541507,1826757.853050371,3.778017967057254,-3.7477542836194018,-4.433770644750767,-3.7692633007737872,-2.504879565204321,53.3068415036951,2499178.978270986,-2.865738198622942,4.507934830928532,-0.7123613555190587,-3.676969976137791,-4.675794657313166,1375204.438808711,2388983.5307654506,10.609806939529138,16.34524233855988,1
2026-02-28 05:22:06.812200,-4.750658630232492,-3.733319908000171,-4.588071095733838,1.4587430345246182,62.46569162444987,3.0918785391623933,0.0480764569348767,4107774.5364149935,0.519987580127988,0.6497451409795848,3.414328334793103,-1.7167014241159784,1.8071471240406585,78.52781868381477,1293662.4137878402,-4.641121389691621,-2.3121750785890094,-2.554795101221073,-4.4472262705529015,-2.211152346380615,4032206.110427881,1311058.875217965,27.29512636820312,25.83771777397581,1
2026-02-28 06:22:06.812200,-2.405498747273635,2.4451681174329285,5.06531012137704,-0.5287147567077605,78.25581379335017,-3.63949048171244,-0.6331487381604881,1886279.131188412,0.5230986945291158,-4.566764525657279,0.5623129333561707,-0.7041471764052719,-1.4965299575881086,64.20088206292421,3340881.86227342,3.953499239234023,4.399853954583426,2.0979315487239827,1.7898646257339343,2.7852360964920093,4136848.431374293,3973062.6470746472,22.132500679847343,13.674408835583298,1
2026-02-28 07:22:06.812200,-3.683197708554825,3.648484268157792,-4.836463338814252,-1.7243674041587114,41.69824022597268,2.173941899520973,4.884924949423475,1705254.04378653,4.091933018915488,-1.6836680284651704,-3.2056182874880763,-0.1710937575250911,3.7529101765068775,79.09809209370594,3651210.152053656,-0.4145915530093912,-3.791734198466968,-4.896755529182652,-4.649063054173395,-3.202390040187254,1832227.4839380863,3406386.743608959,94.41213426585188,63.76017323872569,1
2026-02-28 08:22:06.812200,3.1755803224119488,-2.909092070612949,2.674084778728276,-1.2452168091170617,59.553218583680206,-0.7956697621883065,-4.234677610693264,3454953.758471913,3.323737131040684,-0.7280987327507651,-0.7557396819588438,3.97571798038784,4.561854868663001,14.92824270267941,2048202.4882813825,-2.6294034013424805,2.6383844373905765,-1.0543016222476729,-0.2636492972964883,-3.8626299006126783,3813280.9075829512,4481072.56017775,24.178579312016662,29.8624084400715,0
2026-02-28 09:22:06.812200,2.1151564868014643,-0.0157643910451899,4.435273033072632,4.290286592030197,100.78170910752856,1.8689004688402948,-1.7783889933463797,4681735.770145366,-1.6174082470087596,-5.14708097793141,-2.6674927056808144,0.9724989522439298,0.9444593463145045,57.67168707131589,2612509.2517101616,4.249592209789414,-4.131802265062324,-2.9615801451836234,-0.4986889073676074,4.420303726775803,1315286.104035137,4392257.657941044,52.45013296018995,9.158346405213846,1
2026-02-28 10:22:06.812200,-4.416249622765855,3.626847917922692,-3.016377961739068,1.842818432991028,90.9131012273992,3.465300761813128,2.681374208012472,1380685.5152704075,4.868992941086258,1.0550439868883517,0.7469866037733973,3.195140731047539,1.934732487059904,89.07236869534594,1027929.106890919,-4.436364049608241,-2.629278649641358,-1.900072885572908,-4.85692204043028,1.4780922958999152,1946466.910687009,1761571.382430042,17.120704409735968,30.02371364699867,1
2026-02-28 11:22:06.812200,4.7553917432022486,-0.3750834333954738,0.4026894081860089,3.831536460174679,73.24863908883427,-2.273235799544711,1.6695211661290763,1905251.150221205,-3.856300488444208,-1.9478217733756311,-3.336118725128528,-4.561868301997051,-4.386148878566843,39.40229604842852,2085119.35409452,4.339856939499112,-4.299970736230282,5.035414339599911,-4.506637403805524,-1.0764946493211809,2361814.065972669,1741068.369812546,9.00728445400482,98.16771255181624,0
2026-02-28 12:22:06.812200,-1.6493853837729264,4.225396632481148,3.709240586684913,-1.2803783020817676,70.8188354021226,-3.709490061777829,2.163713174877129,4824561.7322727535,0.098471987043247,-0.3384778402643159,-2.315818691400233,-2.8391847589458257,-2.466295294160269,59.48835954739757,2415396.776589848,3.1552940406941707,4.2475994148886524,-3.398125641146452,3.5132113158631504,1.8764584573426333,3318487.684521849,1366291.145948294,34.01761169645621,48.784856976397805,1
2026-02-28 13:22:06.812200,-0.6508529318231135,2.212774998384391,2.918956454250304,2.710822191022207,89.01779060707157,1.868418095892793,-0.3832780216476237,1144043.272502565,-1.7029726046496456,-1.393150549736278,0.2150736061580529,-1.577267736934617,-2.214341474408908,48.97969686158,3019080.992118109,0.7759940993575677,4.010604156334563,1.6927507399559238,-2.0752914096101653,1.4131103254933193,2045532.6813363496,2135166.9631658625,60.4046383920612,50.868365825925466,1
2026-02-28 14:22:06.812200,-0.0567355649565034,0.6658850361837563,1.9124359980772627,2.9615169478442924,83.97331265811935,-2.1185201654150188,-4.0156093333685785,4192963.096353872,-2.4554582095997657,-1.1738718165110171,3.240793209466502,3.669821166067017,-1.4863660033625237,54.25168725951216,4202307.585647352,3.687145552662818,0.6229833421258453,4.207154067300621,1.2250056273569891,-2.762731730842414,4655111.996689938,3744845.804877864,81.28348224256943,10.7358797934251,1
2026-02-28 15:22:06.812200,4.547802364869225,-3.755302117753903,-2.7297171820403463,3.16366000270068,80.44669180245221,-1.159008633333618,-2.55221802491423,2572782.400868296,3.3995221612079307,0.4093405056850296,-2.9184114091662683,-2.4279530359425783,-2.5532564976852945,93.03327470968468,3815368.6697205785,4.873102999939502,-3.699611763710396,-1.752395349930291,-0.8561234092942125,-4.984097093882304,2459928.268998167,3710953.176295846,84.2933180206923,16.0635285443239,0
2026-02-28 16:22:06.812200,-1.7555680304745365,2.3669586022142144,-3.945666688917245,0.3308540465533083,71.08202769304498,4.467369355392692,3.497365792601532,4579337.781660602,-0.3608818931101494,3.990915125622412,0.4952699094576426,3.3188294633029893,-4.185871224859012,41.35748456304841,2287423.593630093,0.1172507573205841,-1.170920876686787,1.4428870446579087,4.49241837296545,-2.0954233333928767,3220410.2570952256,1840042.702578005,37.08837078818103,94.15523565403232,1
2026-02-28 17:22:06.812200,-2.3588142223071484,2.478621757632417,4.9796900937997135,-0.515031433819805,79.50079484512122,-3.568057247030034,-0.6296728451864787,1900692.97921604,0.5230279225116254,-4.794985862425573,0.5500596211966107,-0.7503635598192799,-1.4997144389216854,62.03390136753551,3317587.1678424,4.08791097883632,4.360764024760599,2.083401060792053,1.7406822361966552,2.8633831336905686,4346537.394514815,3668728.222937368,22.889926984944843,14.054223145111552,1
2026-02-28 18:22:06.812200,4.607640360466855,4.889882645680492,1.7298868940267589,0.2643076008655168,21.6099942908069,3.622606997337054,3.7939870362746175,3494397.791468487,1.031091566434572,1.0649849111990737,1.0795085622631932,-3.438588193101101,-0.7898266270014093,69.4863356600301,3815201.5982644777,1.6527427060601898,0.9994249019942948,1.7526196312100373,-0.6083527647000541,0.0997580466344746,2229639.439022961,2394114.846330324,54.8877880493181,0.7039683203375503,1
2026-02-28 19:22:06.812200,-0.0614615696814499,3.175399790935769,-1.4221209946873914,-3.423423963924203,65.43647326958933,-4.084963478857935,3.081267848022033,2429456.219950256,-1.2570876345071529,-4.647592337944183,4.8423456393599045,-3.0095402323805933,-0.4877892270442976,23.91946137356768,4202211.401977006,-4.020987571838594,-3.825284825180472,-3.923376629871143,-2.4799188855273653,3.120731895912887,2648361.069389742,2934916.898461334,76.49261256525784,99.7386619472218,1
2026-02-28 20:22:06.812200,1.3551735817739083,4.751803635193945,-4.398246888470333,-3.277420606159711,95.35298099887922,3.989321908781341,-1.9288203050556167,4780625.908819246,1.7114139588294817,2.64305231602174,2.8276329968375,-3.13016432854674,-1.12947328941334,86.06986582483547,1694028.4809594108,-2.4549189120046804,-4.850069155485578,-0.6138531357321241,-3.683909621449266,3.392492249625973,3880164.7041856856,3095515.8289049333,19.99792441563644,36.85957464965563,1
2026-02-28 21:22:06.812200,3.407703575727338,1.2228744526415811,-4.047331828484493,2.3182528933540514,82.10861835618618,-1.2730385350145932,-1.282153952827492,3670288.962350466,-4.712564900419561,-3.1495602773766227,3.2368198445277567,-4.48109870529736,-3.411057430098173,82.13211470440795,1211989.4733369104,4.456537613927898,-0.7117700260182369,3.3642542784132097,4.577193886991659,-4.481909655270759,2078992.3987752309,2234901.653437955,5.462981025019238,18.987705352655563,1
2026-02-28 22:22:06.812200,4.994877526302702,1.820318000365432,0.7664366470268736,-2.6009898794178423,10.004850117783894,3.491134491992004,0.1566235051465193,1818565.3703901,0.643354351336308,3.079723468756744,-3.2521445094028296,1.305644472980845,2.171089459530809,12.827676229564664,4377279.754955673,2.538064612982344,-3.406293152358904,-1.2881181123270509,3.906571422653676,2.904244992258005,1663153.116444009,4746029.842037257,2.113222857056225,96.94522551429844,1
2026-02-28 23:22:06.812200,2.013913930112555,-1.0227209310283578,3.4906474160944034,1.7027331527473464,49.350768362100496,-0.0633877536756196,-3.631124082925048,2187093.083870636,3.470602987077761,3.177884559469258,-1.4502919420156286,1.009687375458133,4.95692708787348,97.17172640596918,4950690.315231908,-1.558761823447833,-4.633733060588217,-2.836138747482873,-4.632799985017174,0.8474047714913389,3369528.3647696446,3571688.578796973,44.44829342564319,93.9901810230834,0
2026-03-01 00:22:06.812200,1.0716856138332822,-1.2802964499943357,-2.9684037005211485,1.4730179426200678,46.10870113663303,4.304296802974389,-2.020374987727027,4471170.725938148,-1.6024292100641035,-4.770182004590473,-4.456245584146038,4.38502080725091,-1.1528565544690126,76.62581531870991,1235500.6097248972,2.149048101950156,4.368729795983698,-1.3265293173041914,-4.437065479342857,3.3337899499700363,1671679.550467018,4273556.234582734,1.9077139333796949,34.221910248581246,1
2026-03-01 01:22:06.812200,-3.2612109498669426,-4.584886408685549,1.1590102735695715,3.130513259113384,72.82316513337837,1.3227253625887343,-2.570515092736504,2957950.33830222,-2.922575850337008,2.392674028081534,-0.6765708830756112,0.4630323267350408,-1.332282270062242,97.90106942413868,3084143.1213627844,0.7035479711307058,2.3153932991624786,-1.32139899003918,-1.3369153131853284,-2.244678516429277,1436846.420635791,1986418.6020256064,67.01618837999435,66.48891916223937,0
2026-03-01 02:22:06.812200,4.027387241776159,-3.666011594672693,-4.645061448789368,3.689027918414306,92.8663907294918,-4.175135570487755,-5.099331008295801,2867102.359037447,-0.9292911561834905,-2.672999480476701,3.657966578127013,1.9637637355927144,-4.477242260643252,31.58398134974821,3780943.699536862,2.0122541909046614,-3.707424599697476,1.7029958493754436,-2.309956710112662,-3.8991227478636543,3654613.881445368,3763139.2440393246,39.14699560388464,16.555958188750118,0
2026-03-01 03:22:06.812200,-0.9013971396312686,4.333703213797534,1.8555144323772823,-4.552015056182436,44.85811743075179,-2.9975118191369825,3.049971465358176,2072799.572357968,0.3191968328519255,0.5666273362425973,-3.864000324635943,0.7946006860308051,-3.569901226756788,20.06208407737973,2356433.6212834166,-3.3715264454013454,-2.051414151478721,-1.3569647648026133,-1.9698725309721736,2.649280979448595,1411060.424778553,3431284.0072398144,90.6711898878489,26.34854210566016,1
2026-03-01 04:22:06.812200,-2.653721371420168,1.7157964791298803,-0.0373855988765779,-4.251527548355474,87.2326978257071,-4.53064372520917,3.479631216920692,2589384.687426856,-3.723054835179828,3.2270705749633675,-0.8508917023289312,-2.568442436287921,-0.5921127295592452,17.304609578490364,1845265.7989829003,0.2408887526956238,-3.421998220754496,-3.787184153969423,-1.4414882688446649,2.391526481905378,1178124.9877428554,3798805.0802170048,50.16139618025202,48.45792312992597,1
2026-03-01 05:22:06.812200,-1.641161138879509,3.4754124255978573,3.330321318189975,1.899892831662692,57.014979390283386,-0.5627956992695735,1.9228021818851648,4263611.027054729,2.380426117309337,-5.028429775526339,-1.896303502404412,-0.255690109935024,-4.391037585131736,68.58591530788317,2302979.361890422,2.354259848930199,4.105284395082873,2.4416957420754337,-1.931120451997238,3.021130585089008,3635813.377307748,3273752.7350847023,96.77580623730265,41.72545913328011,1
2026-03-01 06:22:06.812200,-2.952763200567703,4.16872140900141,0.5358562127252987,-0.543142748649947,77.53952781318137,-4.302953998593597,3.3933182085671567,4048366.7426937697,-3.6986256078373416,-4.06149351538538,4.644605892055967,-3.667326653616163,-3.083195553401239,20.29732338605752,2208445.399905425,-3.803836257459492,-2.096836471845108,3.394030315700579,-2.673438293357339,4.310435273180092,2038782.4265179248,3085157.563704005,50.84762281603665,20.547597394438416,0
2026-03-01 07:22:06.812200,-1.7758023411953574,-2.521415983837292,2.343890719666462,3.029968346759538,44.15690455076506,0.0612483812074004,-1.520419270292904,3736510.738429631,-1.36993797193106,3.8808987083354296,3.3787195173630136,1.8330396178541064,-0.9853068840389672,43.24901984540265,4160216.509240859,1.9522122308030925,1.8151060159747017,3.598268780849004,0.9771039328967128,2.876090436968805,2859449.3889506906,1383634.2844901015,39.446984603445685,51.03226604841656,1
2026-03-01 08:22:06.812200,4.0383719584464215,0.121405102654361,-3.873790964793063,-4.6951364889226594,83.30111182290925,1.9198551458884945,-3.443718757069754,3238457.510278211,-1.1699799405971891,-4.354905582428053,1.4348161557354562,1.629335068389429,-1.880408849472969,83.20071195621283,2689001.06937195,3.2685719226339627,-0.3858706412169486,2.2752966817444045,-2.7439637960962258,-2.3241978953214786,3269415.2419526246,2764425.066267987,74.1687466477524,29.38394812497397,1
2026-03-01 09:22:06.812200,-1.8147254726706672,4.906568819890887,1.241866495333258,-1.5447806470415335,15.51790269887139,-1.5129205485346362,4.875349856236466,4012532.314320236,-4.193736586329051,0.3956157302928842,-4.993184609344401,1.146864043250503,-0.2279444719869454,61.57907646433832,1209820.6038892395,-2.7587044859157324,-2.574256983146326,0.0384605899203463,-2.393550681366217,3.2218074699737738,4022710.645321317,3022189.3698774087,25.997969598021847,80.91284003169261,1
2026-03-01 10:22:06.812200,2.515319658295471,2.6138767168247767,-4.789331438526466,-0.999930204627167,51.42911960911374,3.532319576050561,1.019796502220758,3973508.682320229,-0.4239199103546019,-2.527469650834069,-2.4975641763288,-0.4463451244409631,-1.179758799801394,56.58563692319372,2756827.039058582,1.3333944632098529,-4.181392622708023,-4.118501554142912,-3.780583258044047,0.3010352842851736,3726435.74085129,4740381.156235708,37.57868234572869,25.255086929439084,1
2026-03-01 11:22:06.812200,-1.7918444433509069,-0.8458173977445176,1.1832323243493956,4.618251042879104,32.832407751634555,1.271619210466214,-2.139418803260685,1661875.3185014103,2.4850523128244126,4.281587482665056,-0.1673107625085914,2.950811400391284,2.493602394407344,78.14247626886805,1758783.3638534644,-0.2422975061642447,1.7746861868060513,-4.003587935863515,2.0902871256847884,-1.7473415831704668,4574957.40010578,1463961.3355889877,35.679793145668576,82.38264076573316,1
2026-03-01 12:22:06.812200,3.5357383967184366,-3.615933689978125,-3.540483240493028,-0.1108623813641025,15.752167397429734,0.1252994810503434,0.4385340746514931,1654182.4877160108,-2.1282711425946403,-0.3211542686532818,-1.4273736555373049,0.3457129905272722,-2.455192499986686,58.78698887384388,2519173.422035781,-1.8217982096955787,1.1571091197393242,0.6079624670721218,3.335514406201943,4.516838199052275,2388897.6803207016,3831170.553900758,76.49746506059226,62.09703055814207,0
2026-03-01 13:22:06.812200,2.531782630064935,-0.0160697780803673,-2.0682648101735626,-0.6001236401265118,87.9514663736712,-2.7162588803776413,-4.450383138884668,4940632.630821481,-2.6870560196177875,4.7993134939653705,3.074860485118716,2.5235476774344727,-3.053597663740249,84.44808229880752,3926158.1885513775,1.1783152899271851,3.6541198280889615,2.2463418110670244,0.2527258744042038,0.5422250459441088,2484708.059501143,2709940.7462330144,13.26993810423234,94.48193711807828,1
2026-03-01 14:22:06.812200,-4.159420022419678,4.281421887809476,2.692014284922067,-0.9719436708953454,18.38221894959623,-0.9071509457458647,2.019510597559557,3664927.541595168,1.1269994751119898,0.7999698750427827,-2.910240601563098,2.6640654146957825,-4.431170183266777,12.488233627289274,4878273.951714457,-5.06307054720757,4.437133116841184,-1.1911915437412282,4.407374622287071,-0.4256146054133891,2730300.459813546,3429830.4660502626,1.21413850995983,50.31490256104222,1
2026-03-01 15:22:06.812200,-3.005293092173313,-2.1847196917466185,0.4268867751995537,1.2978137774940464,7.246162629590803,3.972270575927993,1.5486095286132078,4585420.4926524265,-1.4678303300404347,-2.294690764410932,-3.598219383557484,-1.4808046443950136,-1.661758955746525,45.79665836805359,2885502.5412021484,2.4919559353956737,-4.229181795554554,-2.295003933448382,-1.053823697283376,-2.957857746414944,2250416.411660097,4701194.626043309,86.26107519450063,59.57302379301459,0
2026-03-01 16:22:06.812200,2.694457295418905,-3.445172413188049,-2.2772048434616763,3.823373263029476,67.73789310663322,0.2179075737459901,-2.234370077656456,4440793.701740196,2.946197152620075,4.432486132521592,-3.9915762226368208,-3.0881749541580024,-2.197215775097177,62.21412229337135,1663513.462761002,-2.3096919409296044,1.627464601203047,-1.1351886781634168,0.800543094690928,-0.3813772881010469,2040013.812782436,1309111.7794093154,49.481968677213935,27.448611901402995,0
2026-03-01 17:22:06.812200,4.293855642725182,3.210446210330556,0.7998717633989427,4.514926209576728,8.102927163576396,-3.42549615732321,0.0588356270609998,1246645.8898799825,4.246850869714431,0.1421784321808169,1.4189084381862762,-1.973318826303358,0.0586191757451496,63.91195294690501,3965759.323919403,-3.80655748381492,-3.0158500775075803,-0.5015402802694456,-2.5706488228530664,-3.064562996178687,4514567.821579809,1022800.1075309428,69.5035684518722,70.5148527433943,0
2026-03-01 18:22:06.812200,0.5903210568734104,-4.42308353794404,-1.0841194061831103,1.1961662168945897,75.38346045521537,-2.629520582419096,-4.806001814896424,3090339.643976532,4.742734912545688,1.7317467134243156,-1.01794375459775,-1.3328339292904583,4.525200281616952,96.58365546237864,4919409.085543723,0.0170079600520838,-0.1629240854961225,1.0054587983519994,-4.254104922707152,-4.400107937629122,3951329.62567188,2521788.1592450547,4.012679531598354,23.227141938797164,1
2026-03-01 19:22:06.812200,-4.813318920383633,-1.75395248976359,-2.720685705051696,-4.745153712531111,33.12132544907372,-0.6770648169828842,-4.730986018873228,1433008.2231825213,-4.295973908633789,3.885522607125964,4.1432427686471405,1.5072865051586428,1.8169437761375955,41.26566159213347,3852805.123744937,-1.5951997089030443,-2.455942443628895,4.130375680247628,-1.4518139942403074,-3.34225905091166,3264025.567931798,3968423.541462624,38.57107812777793,58.37245410536276,0
2026-03-01 20:22:06.812200,-3.084645991645246,-3.221897442222762,2.1791099203212725,3.710086908304423,37.21710163102448,-4.180215559377179,-3.3424356082767144,1706940.9240809064,-0.6910504758403871,1.239189710772235,3.979945188234213,-0.9797919302724164,4.585130924013894,71.42037300529725,3651539.54220026,1.7866781639684723,-2.2856325986234274,-3.9451356760669216,-0.4567035031932526,-4.38942877431104,3232295.8378082234,4523849.074804772,1.847590111678142,49.123982041108526,1
2026-03-01 21:22:06.812200,1.012964969696136,2.0788443170781705,-0.9218754757550536,-1.58506293000023,1.1106083783354328,1.8837501950272784,2.5111335605584526,2506534.479330983,4.172178329929674,1.7160935694311288,4.456203524401316,-0.0700857948811684,-1.4492578146044632,102.20294657337412,3279500.0132245524,-1.4243440590637475,1.4163650432715589,1.8267274623186225,3.684797998214885,1.0910449751597109,1962946.240324044,2969813.707593228,5.023788075894919,75.97430758048645,0
2026-03-01 22:22:06.812200,4.715681373969837,1.6468333109983626,-2.395517572542218,3.765433952982733,44.32773077095854,-0.4170701926588241,-4.660298269754294,3191192.926801795,-3.381973848622988,-1.207534147891938,-0.9188702477559064,1.0103109888633763,3.4770357996865795,37.681874425189605,2862526.2729243003,-3.376222911780565,-1.1796077822073945,-2.345256946140561,-1.3108652274534227,1.903979754527892,1914786.8183806564,2539264.86121459,35.4471407674635,39.89627153307045,1
2026-03-01 23:22:06.812200,-2.1076180301187586,-0.3201867960244682,3.314208780654707,2.8976165008799124,9.960891115362164,3.6505339621685113,-5.019555036396554,5058220.045516023,5.065714572435765,-3.410872736716781,-4.484588754005348,4.497354195958579,0.0192707891361183,16.851524741314535,4648619.926559292,0.0284666597093809,4.383487878794806,-3.17255352318188,2.932724238916627,-4.880389041349678,1926078.542582216,3516730.675532795,73.46212204944415,92.80735546019432,1
2026-03-02 00:22:06.812200,-3.2780376082619926,-4.213802707253292,2.9798545357908086,-4.380885400353753,99.59217622672176,1.6832472367212312,-1.2620915693490538,4824329.180800227,1.6612883750227014,-3.843050698401133,-2.7249225625081728,1.3775812152880595,0.0455427941063635,75.56216112213723,1489238.7681112993,1.1226196669934456,0.473788288153511,0.9748068358390278,3.176099762535658,-4.871985814824743,4534888.23703496,3205438.461615813,93.5933908748639,25.638297004812944,1
2026-03-02 01:22:06.812200,4.1430649104109785,4.699780594888961,-0.8968221388699075,4.749727532890769,62.66610940429333,3.768199013009152,-4.5386805219120205,3327193.4327440457,-4.034437899612053,-4.331620730339012,-4.541726817808693,-1.8897556486689,-4.388367315243495,96.68641895830557,1289682.521769678,-1.1446042860890644,2.6098076778553128,-2.254977232263105,3.967792374803074,-0.8286029960740198,1200739.2060142471,3279242.228079941,10.411231601705603,73.0480758223969,1
2026-03-02 02:22:06.812200,2.2761574934655564,-1.179212457344566,0.1833269084755406,-4.278958592784069,4.346462172792819,1.0381930413169984,1.758715933122694,4445385.908964711,0.7499634653826822,2.971271304707074,-1.5419801382522629,-3.620014268699945,-0.2295835380921086,56.48463986146936,3287773.0096716755,2.6694508447629905,2.2697913564658148,-3.605191602381491,1.8234110328685864,-4.576231203664385,2937185.3829415906,3346705.087527005,91.51980988438564,16.099625974808855,1
2026-03-02 03:22:06.812200,2.027640125074438,2.3012010060422146,-2.885668719432354,0.9369376072667848,8.151502344600548,-3.90405112890296,-1.6048108977814672,1895841.974191393,-3.602271971023029,3.712789447801976,-1.8308705883066725,3.833014454538521,2.739433058747148,88.74369954608389,1986067.645809572,0.8127161153621391,-0.5624448472730121,-1.6710530345345067,-4.5374367546141,2.844197557888812,4645680.869075921,3321482.134450492,37.31186599984167,94.06973058497034,0
2026-03-02 04:22:06.812200,4.688940412464355,4.959557222021081,1.666560892863486,0.2710929567045194,22.176026482406705,3.750577215964907,4.080235973530107,3504746.395297504,1.072833590803393,1.0625970665934792,1.048886879041874,-3.2806701379296554,-0.7971353566618822,70.73527327542341,3954920.0718550975,1.7623473965698944,1.0067294742257893,1.642657498711276,-0.6038203284652652,0.0985164367542244,2126539.1401949786,2424402.553256785,53.841176823716935,0.694097500663244,1
2026-03-02 05:22:06.812200,-4.248347012045669,-4.508801093781058,-4.259500879194208,2.9032837522284645,74.55020486318023,-0.8028650285280708,0.466738144370439,3528388.6611301424,2.6398308442616902,-2.6545121546742303,0.5148086659049637,3.4029192575231635,1.4386554672112486,50.26554898647687,2549910.5593659543,-4.171705436218397,-0.9653223001026254,3.2651378268803817,-3.812149289123709,-3.7554242542494767,1049978.8274207434,1370183.8054752385,75.06875186028164,45.23942113483531,0
2026-03-02 06:22:06.812200,-2.578341336554612,1.1578500665964535,1.2657454857655193,1.043010932247274,6.322233636136717,0.7706116448319212,-3.142887825866141,2592471.284215494,-0.5116578531624665,-2.047434523379166,-4.212244827756588,-2.468170261756491,0.2597714129083539,89.0282954005126,1746129.9346612156,3.5957967113562423,1.171818399561956,0.3422272805858907,3.807807808082443,4.694414043359879,1375888.391419978,1741536.8142803211,55.834189509181215,23.111973754491355,0
2026-03-02 07:22:06.812200,1.1372728756903403,1.955483306341186,-2.807062899279844,-4.507833634231534,48.89341386195371,1.957515592671632,1.9814382479111377,2319152.529987971,-4.265063065021547,-3.799171022732944,3.7991018208104776,0.6013850384081221,-4.620003740770472,64.4167638231808,3266850.509862962,0.0306774206160561,4.097687287555125,1.0192231370210956,-2.133304933754273,-0.8154598830439083,1138169.9560226195,1407018.8275225046,92.56257942756156,57.07249893640493,0
2026-03-02 08:22:06.812200,3.907154541019475,-0.3735441670035746,4.784040410140413,1.18897715706777,58.52564893659335,-3.851626162925976,4.003732084147464,1875028.0478744376,-4.575449492485205,4.689887675836747,0.1830831348830942,-3.7382085625564616,-2.338177014810378,20.90527181606281,3346190.615665635,-4.086264862761023,-3.75501674962228,-0.8312851385005497,3.440872296338051,1.4545970921635636,4332541.189925496,4008041.894714064,14.505831948786549,69.91648036795632,0
2026-03-02 09:22:06.812200,3.0242657906505346,-0.9489779104922512,3.0999546535598035,4.619145055636303,77.09387344460413,-4.937085390788306,2.511094662313887,2943472.0660740235,-3.469451267396212,4.929225739159018,4.279439280388208,-3.561104068993984,3.0883094786815874,38.98210750369083,2898866.8521980084,-0.8736124338422697,-1.613172068956183,3.081681015004942,4.495911152844835,-0.0855409902909309,1301346.2033079828,2263976.5180443367,96.97577895732692,81.47051934669466,1
2026-03-02 10:22:06.812200,0.2491315770088566,-0.7476113997465809,-2.6340360751384133,3.699257635093188,49.25165723677563,1.7397144366638266,1.8965527848581656,3336911.087675404,3.826449377986963,1.2383047829176868,-0.5864868547431413,4.145159451874243,1.6456279990668736,64.58618435001871,1304718.686454249,4.612227185425658,3.2020884059367805,-2.5284766469748274,-0.0591874439736309,3.661176860710495,3807712.265981793,1506677.4393613734,40.2720227991328,91.71790112380496,1
2026-03-02 11:22:06.812200,1.4430644211635926,-0.5156762112898884,-2.0101047310548683,-0.9863427078080336,5.761180473021186,-2.26426413926414,-2.6119477199371444,1683434.616471652,2.5372924088505746,-1.5958495885403423,4.222826876088662,-3.490314931379418,-3.0587625172899244,76.58427784063305,1558102.7198813404,-4.131117676572634,2.320141924875936,4.8245419901488695,-1.493467140219106,-2.4682298204189057,2431191.7027228614,1865832.7524399925,78.30399209018219,20.30227986356028,1
2026-03-02 12:22:06.812200,-1.658405517581806,4.0688989896722285,2.3285595601471742,-3.071730944475184,81.74229549421632,-3.949709333483185,-3.5897253860261897,4258138.408252794,3.0469414178705327,3.522857055530065,0.7007596193066289,2.606083052279553,0.3765148447309813,102.07289901322434,2525885.456781105,-3.573932757893444,-3.747462959449049,1.384970488385861,-0.3164891938310249,3.6926231260646127,3027607.3735253448,1559369.449945796,81.0996578321162,56.821092873962,1
2026-03-02 13:22:06.812200,-1.0446330487717106,1.0899140105861755,-3.049516878339252,2.2867608342251105,36.215632413627226,-0.8909699805740229,-4.559354975459001,3836747.69556049,-2.191060116775716,-4.219724117723207,-2.8753123554341147,0.3579776425096587,1.2248297214411916,35.12665071871226,3370973.1160809,-1.9370168291846184,-1.2078967398435123,-3.35883461897535,-2.576794060596971,-0.3208217698882394,1638208.2433596267,2651590.0709372414,62.74272094262643,84.8038424905705,1
2026-03-02 14:22:06.812200,3.705438264075581,3.00996396647784,3.007493851116177,-1.1240762837113647,35.82767454237039,0.3434064519727641,-2.5161868627688144,1431338.69793961,-4.629568644164589,-2.388137410733864,-1.9498618699085235,4.556736469369718,-2.563349271567064,59.488537941997656,3229729.570206786,1.5847929348437275,-2.418853952132856,4.081068560495496,-2.80119364254143,-3.863215903743285,2328020.5527448254,3673708.528630229,75.09667324699271,17.330929451179788,0
2026-03-02 15:22:06.812200,2.2864626498585987,-1.2236759033595763,1.3604919888720306,0.3928325296877153,87.14789301192782,2.9675296276668264,-2.755758140230692,2016707.05026926,2.9928258777735635,-2.4664310230314688,-1.2014797917501376,-3.7666614885237366,0.2908289539100255,80.27798014304285,5054451.637698911,-0.9217107454564232,3.1977386356420787,-2.289675491006723,1.820235936496135,-2.246529758751376,3509111.8967034738,3850003.8095224537,59.62629767855372,29.781682927352744,0
2026-03-02 16:22:06.812200,-0.2668588995548792,-2.641490475425389,-0.4926243902690291,-3.8068385414758654,6.298958872440145,-4.8117611547428245,1.9907590987719768,1937438.1141389024,-1.3774983075043434,5.160807683709523,-1.460178131627437,0.4561439932714317,4.972326457024562,51.23599274770176,4755574.883518523,-1.0640595233146246,-0.6988308249288977,4.095293028722577,3.0058171644459435,1.9355358740920392,2229780.3128181417,4933737.909275009,93.01908544186782,47.31613365773723,0
2026-03-02 17:22:06.812200,1.2713027412972049,1.6742716119862922,0.9530367302143884,4.791463817537773,0.5240330157423472,-0.4387289121164074,-2.2585417559886283,4368957.550578839,4.068042732191747,-0.7078794031355647,-0.2808411704277742,1.2096816567222248,0.0466744630970649,11.865185882938336,1713365.0969432855,-1.2940680911023104,-3.83150902467241,-3.0950910454246343,-2.76062232294169,-3.888861709153086,4315658.926211814,4428819.44878536,74.14295677995783,40.18140620737221,1
2026-03-02 18:22:06.812200,-3.879175648205655,-4.420151420085834,0.2935634897253515,-1.0633803346269572,0.3219456455515498,3.915759501559227,4.663942358078476,1902116.493621625,0.0124141870979991,-4.700543805817658,-3.083757042700141,4.731004940545044,4.504455640571037,88.93411949860923,4623312.643053095,4.33374997547673,-3.6843197426757888,0.8162306707412228,-0.4977457903266062,0.6306289173106308,2669062.399508435,4267172.110006524,10.65774994149452,85.82530027496391,1
2026-03-02 19:22:06.812200,1.970797551418506,0.8927196378315879,-0.1828033211211613,4.138736087347473,51.742586522027686,0.224855768273178,3.0635633644931355,3367647.718226817,1.0985258395878066,-3.5079893916471963,-4.231332231216172,-2.9435970043591944,-1.799332398142251,72.28019599511705,4341827.626153377,-2.712458988824886,-1.0535870822373352,-1.551780499377194,2.63684355363258,-0.5963001444673703,2817479.835881338,2948048.329337045,67.84063157055445,12.882757855936836,1
2026-03-02 20:22:06.812200,3.1560831895806545,-0.9806228973089374,3.02643758794571,4.556921446038056,75.87455516789285,-4.971289185757896,2.490131575126664,2792664.5416480107,-3.5696790100524174,4.927353931204481,4.012837872540199,-3.3659767009239885,3.1850529593478045,36.640252959891136,2885179.622311672,-0.8319576731042193,-1.621550501873853,3.172514935772072,4.387455847587252,-0.0862341252660795,1357494.56472486,2355238.45724298,97.74227858332937,82.05569201055403,1
2026-03-02 21:22:06.812200,-1.2342749455825175,4.605203396780969,1.9611909070717053,-0.928896757210128,92.62294235785428,1.222757476935891,2.6443987418138484,3120298.211181749,0.303448431564579,-2.067563755583711,3.049402735307186,-1.5861704127472926,-2.675679792729324,21.52572433445083,4848382.146569541,-0.7401473299856014,-3.711979978968441,4.905850980997967,4.897444985583528,-1.232673545226071,3600333.111119312,2097903.10624476,5.577620827892964,9.829159660732504,1
2026-03-02 22:22:06.812200,-2.870317637416022,-1.2345965942826425,-3.988712759028256,-4.174813168023495,23.77201063409235,2.9280710271381496,4.093646758809941,1326874.3377838323,3.888776688484134,1.87447802893758,0.2330955904429166,-3.910917538980459,-0.8897927494158805,5.689376397704505,4598696.494848028,-0.3961494701223789,-0.8559238467263037,-3.289930653802025,-0.3563885204052814,-0.9773752643527224,2688050.691859159,2653813.116328161,13.47753043554816,9.918321396134653,0
2026-03-02 23:22:06.812200,4.174041412081454,-0.4321028778683753,-4.769738137421655,4.020308682686927,8.348974167998039,2.397306678790031,-2.051281244269393,1437603.6525144267,-3.739573466407837,4.696699390092458,1.872395895771791,4.621657561834729,-2.676551509486377,16.529833232084403,1685612.4693697868,3.768674212883206,3.688668097006607,0.3610700169590994,3.2538430719233604,-3.4927460390813883,4492168.024860944,4625854.771094698,33.48259764933296,25.760872531018656,1
2026-03-03 00:22:06.812200,0.4554170117347295,1.9287631540533552,-4.713294621957943,-3.7899924361585815,69.43832088489734,2.447494169994947,2.4131819348737378,1930392.4950245123,-0.9332252792612902,-3.7303153041318087,2.592463817157264,1.2468432843628665,2.003538632773657,52.78650432376448,2240029.101004297,-3.378286688875149,2.0156566371903257,3.710642091036055,-3.0228080834953124,-2.156325141839139,2623516.218881174,4728223.54891336,0.3041592775328279,60.68460016710532,0
2026-03-03 01:22:06.812200,4.068966485137963,0.7650120155834841,-0.2741897920423131,3.511540199053472,90.40101437731336,3.3122026300325604,-4.83484768833044,1052181.2509970616,0.6501460462892289,-2.8841406073769087,4.976926484679045,4.089868703752295,-0.3069617772198194,86.8626367950415,2641812.710041506,4.196286761173631,2.375660542698628,-1.0624100764821778,-2.0962914966581243,-4.51760664119484,3162781.337407728,3246494.779628209,68.7069277712819,52.1322861748807,1
2026-03-03 02:22:06.812200,3.0853220815004416,-4.9263269424661935,3.892183543549986,-2.4103331122658065,31.32525442404053,2.592019118205128,-1.4183671272924565,3866187.197652336,4.236113569922684,-4.754791732672717,0.5883555732936797,-2.149240189121299,-0.1988689714774446,23.121935364503884,4253437.21904284,-2.4827826124561247,0.7693529492850921,-2.1261014222753323,4.765711450415584,2.9722933113157253,4928779.448237364,2112616.2293333053,78.16870681182846,89.41981599136949,1
2026-03-03 03:22:06.812200,-4.246744721243278,4.416290419514866,-0.7937230519055014,-0.5297765045846888,29.909993578675323,5.0068868158428215,3.5486022807488258,3405298.4662309526,-0.4230052772217478,4.329060388386932,-0.865846238899511,4.304678651269004,1.4695643631063933,25.504141489271525,3360511.701839487,-2.431576963730342,-4.239594581238653,1.5912136866589497,-2.1315657988110326,-3.344935499377676,3369293.8857455794,2396157.002891951,53.29174721854614,62.56427733466612,0
2026-03-03 04:22:06.812200,1.610585602184078,-3.829203971610753,4.429077027408162,-2.5040917839218264,11.807835269876358,-1.5054720654078344,-0.1889628067855121,1266951.8426141702,1.097197410594606,-4.968938532379481,0.0005732727897439,-4.050343981091478,-0.4051353150309051,24.93065518252944,2484727.424704184,5.009525882913709,-2.6655757417579324,-0.5162264748712776,-3.786099085877664,2.628035778860925,3090099.95367852,4173553.946660928,25.01896889582497,53.97032721452127,1
2026-03-03 05:22:06.812200,-4.561895866788724,-4.028219938941187,-4.228324651153191,-0.9643808718112598,31.98559032242148,-1.4900517124515806,-0.5491691207093359,3759210.139733718,0.9688104484035768,2.3891823569887154,-3.0312154457717013,1.7297434794676534,0.7182273203595368,68.19133889043492,4304293.481590481,3.068379704138815,-1.7899377115104549,2.179779648314421,4.084412244374791,3.5727860913318987,3579107.3395610293,3043404.401089899,30.81085968069221,24.093928332705737,0
2026-03-03 06:22:06.812200,4.660355476606435,4.589186448029508,-0.7864171665619921,-4.855569141294515,80.3003313520731,4.008917775863937,-4.7439387224129295,4947410.344784447,3.63185917485038,-2.655414913338312,3.7645700276615015,-2.9521206131289026,3.5011901758059643,64.56035607869458,4254906.377349507,4.5125438913916405,4.221642392951505,1.661085434650916,-1.847048035737897,3.2123790472552893,2578149.5667442377,2119983.366265075,63.46561676847151,10.010242387132411,1
2026-03-03 07:22:06.812200,3.547753078767855,-0.4760482030606022,-1.0477903408195233,-0.6654507783047596,7.702902738010072,4.052027595878843,4.075118176711096,3219888.5998299546,-3.170486709983488,4.403382868604324,-3.122365648902956,3.335883991996756,3.744823078824955,95.7254108767805,4678125.692758998,-4.511385052290711,4.800286184234157,-2.786550744718017,-1.4220235389819074,-0.8954205279034498,2186312.10698596,4660475.303485423,70.99094627160922,27.48632776288008,1
2026-03-03 08:22:06.812200,-1.736406175502914,0.9251346358045518,-1.194231012421356,-2.6425936331151587,54.31265424773459,2.815261761133971,0.188179056490933,4170889.4191643833,2.2930423526435515,0.7239544125284629,-2.163103628576037,-1.2028695573658903,0.3632383982168016,84.78410452589226,3102899.8368174112,3.650388058559855,-1.1517367648323666,-1.5722833392762063,-2.51221542203234,3.210802766014534,2956055.567933287,1445493.662876045,57.72363113882117,22.09938096653701,1
2026-03-03 09:22:06.812200,3.03559504045037,0.9719642186235872,3.0344985817849004,-1.0951775418567946,35.609878926317684,4.771323976354585,0.0678577338776938,1275635.5135078875,-3.1908201310664994,3.723635183440901,-1.690952546641733,4.24212674335043,0.7901103792911948,32.47099198331589,2423602.4935727,-3.9132369039900254,1.1138703679635762,0.6351192292728232,-3.120847402887214,1.7516717017635597,2332554.212989901,3648761.2571728337,87.76047254474967,37.47036918229546,0
2026-03-03 10:22:06.812200,-0.2504019875147001,-1.0350446430053708,-2.3029428842231057,1.2790225559829511,99.12647269336146,0.1046865659398315,-1.299816983285462,1968347.560278036,3.12902753612503,0.0614427897819445,0.4567727071722981,-0.1427136640141533,-2.2939001511890464,51.17846922977257,2079974.935149802,-4.1832941517446,-1.4031333997186446,3.113790221809823,-0.6254452261666802,-3.4529162116866456,3853234.202498431,1863141.4281615457,16.784736663291156,70.35081484219322,1
2026-03-03 11:22:06.812200,-4.765887722077292,-2.969935737855492,2.906874228474222,2.996512927610735,86.62429988884473,1.8056893882712288,3.425901004111472,1644886.4407091788,-1.019859794168364,-3.563906830199268,0.7719805952366802,-1.4433169624649405,0.7075125058550359,67.02137179706286,4425978.430351938,1.6004846879492116,-0.3881496718523731,4.217815933080854,1.8374260941391505,-0.4848605096733839,1506194.2176524987,1960336.969258568,3.414984679711432,74.59740279278647,0
2026-03-03 12:22:06.812200,0.1765255279913364,2.8711666363812487,1.9507938730141443,-4.035904995407192,57.71622899850697,3.7108238103081,0.794235249502992,2169427.5541489786,0.5578339963612513,1.9445597665174787,-4.71037631009595,2.3146453432608425,-3.267859605707806,68.16465085417218,1465004.231871472,-0.5827141337487803,3.384803012749463,-3.684027704101542,-2.2184611074662466,4.279606093977934,2992534.3285900047,3194919.554369607,0.2635992286881281,47.653169357887336,0
2026-03-03 13:22:06.812200,2.085026585424032,2.244830574152856,-2.9884122522686547,0.9318554930459708,8.008913400359814,-3.717447407120007,-1.6348405694267791,1837830.463136498,-3.361137427008356,3.710257012310108,-1.8543852995979189,3.9429035660470313,2.8080200138213898,92.20436497366492,2012091.3124191773,0.8297377461374921,-0.5462928168683051,-1.6481827261427815,-4.596676806478059,2.924110359297565,4827199.203808693,3341256.3515257067,38.12981344531608,99.3245976617376,0
2026-03-03 14:22:06.812200,0.4595436623733103,1.9664879308701413,-4.436430899279341,-3.762711680139805,69.29544894256263,2.5268321070167747,2.360094580566146,1945645.4815358585,-0.923019943221048,-3.768178452066467,2.5658600439870884,1.2383831912544656,2.028153187110772,54.884508882111945,2299747.410368178,-3.508401035354992,1.98603178561184,3.907058713197054,-2.938653838733277,-2.182805707467632,2561151.5340615744,4787511.321872383,0.2993530632709176,60.25022064926475,1
2026-03-03 15:22:06.812200,-3.243402424300428,-4.589583363133327,1.1518125982219656,3.214271249291728,73.39456008860321,1.3825242784472431,-2.555376736753894,3172721.7294705994,-2.943059236224148,2.350964803526263,-0.7136951944974396,0.4363815736840638,-1.2887418282039682,101.00819172301372,3065176.771349268,0.6772773016794098,2.4049699097729014,-1.285862523040009,-1.3377091842296964,-2.325794377277436,1418330.9029481767,2064490.946764897,66.86078387689206,65.07927564154905,0
2026-03-03 16:22:06.812200,-2.209548170569789,-2.477288005894448,2.035599909106542,1.8481801932538533,15.969311726734762,-0.8583486949037419,4.001443002824075,4191933.048043601,-2.495868975380352,4.926986342454929,2.310093338191416,4.1731546223011415,0.1484749934730564,15.839448440963228,2561464.6443340643,-3.766212980311108,-2.345824569665169,-1.0602408306816868,0.1651461323413156,-1.1604983697906643,1063892.7871328716,1288554.4322438906,47.69235000845874,39.48441214004245,1
2026-03-03 17:22:06.812200,-4.138498256893065,4.274367906819779,2.652231944406957,-0.9666803082979712,18.55247991794732,-0.9033101313617128,2.106511929376445,3568030.272667776,1.1529381971672066,0.7608483384666271,-2.96693522501393,2.600683836703661,-4.367496967832146,12.993056096466344,4742801.168444917,-5.047302227758569,4.346514827601258,-1.2111859229659387,4.442983707729573,-0.4348523515228656,2635222.5051148003,3454134.3539721216,1.26128086337529,51.32984583211769,1
2026-03-03 18:22:06.812200,-1.3508300784542775,-0.2726880629254545,-4.587267046875041,-4.595781656640659,55.46445527757989,-1.1861400750956907,-4.143214005072029,4390722.137118086,-2.655171721791958,0.7526065015046493,-3.267972089852335,4.43590060827868,-2.898167324316038,5.603971847494933,2863933.2062061788,-4.875502276545481,4.162380987296532,-0.5115146026073604,1.55612800946217,-1.904538830129534,2996770.6793607087,4622327.511485335,14.066072124350056,12.699770736781998,0
2026-03-03 19:22:06.812200,3.880584455388772,4.181267066571076,3.50629367506352,1.434979438069954,54.96774306248946,4.8323501129575455,-2.165627413640097,4175358.150871541,2.286072855398342,2.168391635057169,-0.5662731991359151,1.7930848876038266,4.165608108390433,48.55619218323606,2191641.690104955,-0.9690923270683726,-0.4569218710965674,4.481011969908575,-0.4722181900968626,2.110945475572501,4194479.991142327,3539133.593472947,99.382654143612,26.32591105861336,1
2026-03-03 20:22:06.812200,-1.5455029929079385,2.102230989166745,2.430730740624276,0.1936656511227648,80.56602629491353,1.5564124588772763,4.842394120286195,2724407.8527395693,-2.234414388356207,0.6608035593930449,3.0179991762305622,4.812119693434772,-1.154854720739405,16.603471863595967,3218574.4725400894,2.733273595913756,3.39506590228338,-3.207753543283398,-0.9378635000939176,4.585078657922112,1550834.8353116887,3799911.374459578,21.85890280790171,50.15610463400254,1
2026-03-03 21:22:06.812200,-5.026745465093338,-3.23058129138847,4.828526709288573,2.778296421527289,34.26364441584512,0.0305533228308765,-0.9547970029698007,3712938.5268629184,1.303311103489838,1.7338141533043452,2.805949692437992,2.642897969688059,-1.6208091591538114,48.38306085042795,1081694.9999543782,-0.7022046181931975,0.8091947379493337,4.832630377720655,2.892982169843779,-0.0231820258854408,4278157.768656745,2413276.139897036,81.46165918907876,23.756441931296774,0
2026-03-03 22:22:06.812200,-2.3922263319377883,0.2348886666361598,0.5151597316213925,-4.479002174481817,65.59340607108382,-4.0097947417675845,2.753991949414345,1985157.9041205533,-3.505205068244476,-4.607516449810816,4.408485091875198,0.0341647133381115,4.7797010954221495,29.367413642705586,1064319.2192136047,-0.7950489447328593,-1.4589580638447768,-3.646166018260152,0.3464329541045896,0.0848178176715991,3033029.621538596,1032598.5365275802,99.11471324882518,98.925818644803,1
2026-03-03 23:22:06.812200,0.1044848718719758,-1.4355925103781226,-0.5448726654385795,-3.6789187883838106,71.977637763358,4.351392867409144,-4.341898342001021,1264886.6992328567,4.709056458499203,-0.9159928512891622,0.7553753818078067,-3.371362057225248,1.920222510786188,1.6668894200563609,1622381.1275164932,-2.56847358047898,-4.249490840201108,-1.4334818850582645,-4.747014919286092,2.906449083006979,2018376.1373663328,4286249.902865263,81.4443077339552,4.012575013175463,0
2026-03-04 00:22:06.812200,-3.7489263284677694,-0.6402324371533117,3.665216036852218,2.013566157676673,51.6174294903161,1.159871299005133,-3.0000208826048893,4450171.357219498,-1.2812166435025525,0.6529143778507942,0.536788707513179,-1.2883245951772786,-2.1330895695127383,81.81115278954648,1753707.0386750374,-1.813014124210692,1.9008605241162844,0.4760337746016197,-3.7681752122498327,-0.504435145339284,3872243.699547367,2098118.0231453376,71.79374688606552,65.34388640936093,1
2026-03-04 01:22:06.812200,-4.871363398783776,-2.9184734098062344,3.0055363905354464,3.1463702295400364,87.6517461203821,1.785570899195833,3.4011642530675736,1682707.069100371,-1.034616054718187,-3.667608316626849,0.7828436639412769,-1.4273587585034917,0.6957844064042337,62.64353406285737,4419952.488166444,1.6189990468430595,-0.3874090320966795,4.252966484680623,1.91496644469679,-0.5078851499238124,1505960.7832433577,2013216.7560064176,3.297077395298857,75.10998849485817,0
2026-03-04 02:22:06.812200,-4.070931660355089,-1.1728645412557397,-1.5710855402243034,5.027328603303984,49.74755479656746,-0.1651425689483996,2.111946711085241,3872218.669845406,-4.341329640374123,-1.3544211198316831,1.0593246591972298,3.320979139077698,-3.630721092012174,93.82599117767172,4435022.623017629,-1.389553593332089,4.591679020890739,0.5519167189347044,1.9733750416522853,1.7246977372889831,2457504.37683276,4887038.825146902,58.37112254009217,48.75971165915532,1
2026-03-04 03:22:06.812200,-1.7711430624366151,-0.8509557004787381,1.1754274395494126,5.034095764594511,33.55594592314274,1.2549790241201144,-2.1432840994343,1645193.6687485706,2.4747304642092374,4.322406785094654,-0.1633214174193585,3.082909150840677,2.502413925495439,78.00802740169823,1841752.5355372403,-0.2493562655419772,1.6780704889882363,-3.934114184970544,2.1047051256492586,-1.7817879286028195,4756208.27259282,1418770.331059887,34.54501401106475,83.1164809617801,1
2026-03-04 04:22:06.812200,-4.122310559734834,1.2481490947885925,-2.340187451615249,-2.902386423896457,73.1894386083082,-4.471351807511373,-3.6209469666701857,4011814.612395286,-2.43712542212184,0.429681870258765,4.534134267308746,4.6419875770122925,-3.188226482168756,97.38441693324506,3146649.70408846,4.521946175270989,-2.527126435327079,-0.6254787639648925,-2.8414370266765503,1.968183778818713,1958222.9731419184,1072830.1379013231,59.45426536435139,3.678077091089675,0
2026-03-04 05:22:06.812200,-1.1046176699200332,1.6624146645664757,-2.53041550116969,-4.381356270970642,45.625383252877135,4.027963097988664,2.330686320258436,3654954.144684868,4.1883273215680825,4.287043202907049,-4.86043312251797,2.034440282914349,-0.6324463478291997,34.05475496841986,2435167.597597126,-3.943729067678389,-0.0645708959287706,-3.648370129235299,2.031368747936418,-3.723153982785685,1573663.0214285594,2391386.206660985,46.84526158885469,79.66066633040235,0
2026-03-04 06:22:06.812200,2.8339881709980435,-3.730127606380928,-2.9039043283700567,0.5625413523485048,33.48141340108994,4.7532624922129285,1.7109318719823086,3901240.131006228,1.2176170160969133,2.5663238371276345,-0.1697959703479674,-3.293641288279995,0.8365855227998857,22.76158515385619,3871842.474407688,-1.6839350239549755,-1.942043811724498,-2.995779783934174,-0.8072502643363313,4.6150567913634335,3945356.6094996985,4615885.139749792,37.08683457956288,0.5430186961596809,0
2026-03-04 07:22:06.812200,2.371960130996866,-3.504068589705181,3.70446713905255,2.477394484457602,79.61922740107549,3.302980987799781,-3.332009022409476,1874135.961647036,4.620124646093991,1.77731378396606,3.8822365468792497,4.81840552886488,-4.170370053607149,62.18362702838189,2689689.8736008503,-2.7373014787491554,0.0414675168052042,0.5311754251693288,-3.1039593986961824,3.365399470754364,2617459.893188256,3716578.014097109,10.021509708521997,71.09169377181821,1
2026-03-04 08:22:06.812200,2.949315210220322,0.3819522037599981,0.826369783010532,-1.3525585963216855,43.15770129933125,-0.9733280989118668,3.6780341776843657,4020186.182859208,-4.226927699343152,3.29775499574973,1.1995833550689017,-0.5425506636740766,-0.4057968127074373,70.78237444240429,1488588.9565566762,-2.0825344027536863,4.431396919754655,4.498608508650821,2.239269622625191,-1.2599981770445088,3355740.041255172,1251957.557609457,23.24957799132424,5.01739638324117,0
2026-03-04 09:22:06.812200,-4.36455992218479,1.1722294903833608,0.9680303307402168,0.3186047538841022,62.38587682726274,-3.468881913644636,-4.718787287135065,2782636.916352712,-3.0350390187900267,1.7521113426882162,0.4867963481827964,-1.0966187820096138,0.1057296538896102,89.50597239640115,1271459.529171914,1.3719220583769094,-3.178647856003405,0.5770946797424235,-0.236642515621413,0.7889230440361288,1449736.650152444,3055952.045729712,34.17680943346284,9.595647188417878,0
2026-03-04 10:22:06.812200,4.697412475112416,2.9296424065862414,-4.611710588912003,-0.4974494209316876,5.056633058389124,-0.9040095675030226,2.075300195491433,3657235.253486662,-2.449196917594908,-1.6184069809854087,-0.9166944298386592,4.611152024607943,1.2482177883234784,58.47302352638545,1812480.077367701,-4.242538309894264,-2.9730181021946605,4.789176819348066,3.0196789117746303,1.7168560310752676,2987127.289803008,2380690.607947386,74.06370463423075,86.86424921261475,1
2026-03-04 11:22:06.812200,-3.720680002970776,4.822849827806896,0.9202744151048756,-0.7718736617961794,3.817587691376096,-1.9182528243792225,-2.957345395173608,3627402.817455636,-2.781807591451982,3.688427736107992,-3.2621971687443714,-3.4095656468990354,-2.977071704135974,32.0281562730165,2593085.2732662307,-1.4675261356647251,-4.477640749940008,3.8715672661609246,3.3559474313234805,-3.017143147225339,3312818.867965149,1746377.4819602894,67.3038360911568,59.71870547322529,0
2026-03-04 12:22:06.812200,-4.631149964381017,0.428864968834609,1.3214730516909812,1.5997648727266829,16.373690794808674,3.756322309046253,3.128436377776933,2548259.097622044,0.9480603510168628,1.3982132699159986,-0.3853792585232917,-2.361355167822026,1.9045500176151509,8.687513366127249,1846399.1321866,1.1759159835484303,1.4186442108415869,2.7318830924219264,1.4122598005311209,-3.427828217567093,1323855.2507937192,3853723.1991060334,36.26265051325912,23.26374568699566,1
2026-03-04 13:22:06.812200,-4.078260883687228,4.3627619534333295,4.077231556237416,4.628208059908,76.38423347982973,1.6521416130559097,-0.8688004149527779,1228970.7984195189,-0.1191609066966557,2.4978252069240554,-3.9380228084778377,-4.3012783278388165,1.0542031527126896,66.7168321235582,4940866.144803945,-1.3217455502917854,-0.5030486391153207,3.7008590940921486,2.964991342106871,-3.1783286434274447,1993460.1625530112,1264830.1034075506,52.31904393547393,67.1141910195404,1
2026-03-04 14:22:06.812200,-2.946551862554675,-1.2421232313132982,-3.956672368808812,-4.204775820387193,24.20005176519057,2.993422439338804,4.171120944522652,1327619.3576811615,3.860101631526904,1.8702435193105944,0.2370433221342597,-3.8834053987602313,-0.8564733634977538,5.623885427820522,4556018.013701963,-0.4014397186580297,-0.8630260416690724,-3.297872824546747,-0.3452265432430769,-0.9907980042215184,2762217.343907409,2683672.316965928,13.118377011367382,9.924546139217576,0
2026-03-04 15:22:06.812200,-0.913613999799964,4.4449743025036685,1.908246413537539,-4.340335782043429,47.49642972393428,-2.9389660114467806,3.090395962062527,2098531.844419593,0.3195059296261549,0.5679951315930091,-3.990591041980047,0.7946597664547679,-3.5560151528248336,19.2398870461428,2270012.4095026846,-3.348027546729476,-1.922512284994076,-1.3127477512847434,-2.01140956040068,2.649668722402298,1350747.3283979758,3466856.328540631,86.41117605183642,24.869424863229067,1
2026-03-04 16:22:06.812200,1.3322378897295604,2.7374335517384902,2.2303338657226752,4.357542324583624,90.21427935768487,-3.153061151159508,-1.0071254593895522,2200764.8953945865,-0.1074027789524948,-1.3621858421397768,1.709681818416516,4.134197168854615,4.600392557079346,92.58497306875228,1363674.5662041348,-0.4953575356720611,0.0365681134260956,4.377144518462118,-1.1962556507454,-0.7665214935860142,3693506.5619752337,2256461.0292405463,55.5354663629407,73.99218384711759,0
2026-03-04 17:22:06.812200,-4.77319015198028,3.362483077297826,3.199336999917921,0.7686275861558802,19.95831296577156,-2.946802429650258,-3.906963347828577,4103186.448849884,0.4524919810216008,-0.2205236254177102,4.476752935677642,0.172385075995188,-3.720477433650899,33.60154243620058,3458645.257448983,-3.6494384737758,3.556816845333721,2.7026023955134115,-2.14410405694165,1.7998921016064382,2079946.8590334773,4019449.139747171,84.59543092906125,100.6778820013924,0
2026-03-04 18:22:06.812200,-1.4573973970436616,3.635404293269224,3.718294041491757,-2.370451113184884,63.18696945817487,3.369742858707886,-0.0706936793309086,2866702.638339209,-4.197340286496489,-4.66975147672722,-3.2934488929065355,-1.6736979005948185,-0.7163300626652745,54.32685154372776,1195210.2743955716,3.0665566637534187,0.3735215290490205,0.1252861860427912,-1.0756276915631309,-0.3303068613719305,4132242.126379113,2535360.582833982,59.99526153291768,50.04983080237668,1
2026-03-04 19:22:06.812200,-4.3903305849861125,4.794292383676789,4.009894454856512,4.792651488512188,79.32275891899809,-1.8894816001902952,-0.3541291958809452,4822981.601406802,-0.8259430732050838,0.3065290509553942,4.087100986299147,0.963865622571578,4.067099049404825,3.838562560865212,4393987.773975479,4.344670009535018,-3.485816732739461,3.816168011501343,-4.482525824101264,-0.3305494690840085,3628609.588916168,4384594.982846079,22.208194022446683,74.29773273341846,1
2026-03-04 20:22:06.812200,-2.2195990851916285,-5.163052274060966,-3.023995678454026,0.0257880072946238,63.31990146751053,1.9941675354797688,-3.4996728139547377,4798343.181663121,-0.8970185606911578,4.494066119724764,0.121910974002246,0.6599114977886454,3.630090005686828,12.787144644350157,3112491.0338216405,4.730764216989498,-0.4485578300273091,-4.638549476747517,0.6446998615871274,-0.8954887760726759,2587388.834304104,3414215.55961512,73.77315330078125,54.33467921099524,0
2026-03-04 21:22:06.812200,-2.1137518032568265,-0.306920369248016,3.2619908344787003,2.850662910752712,9.672152434282582,3.6731548460348593,-5.048868947405975,4975851.005866616,5.027340532083664,-3.424450744832075,-4.32915777628568,4.4389820107600135,0.0192690739904873,16.02593424411344,4622850.298259145,0.0269155376174407,4.248823044552422,-3.3741016549406697,2.967077350106749,-4.844195276812298,1854822.126103822,3346846.665207641,73.9430130560836,90.13832331203444,1
2026-03-04 22:22:06.812200,0.1756741658138617,-3.539559371386214,-2.824433709718553,1.2341052680871247,24.10608350399423,0.4072549579993594,-0.8098484649902218,2484237.303246856,-4.316446720921547,-1.8181056837457947,-3.9018189012343183,-1.637616576464156,2.236824552109107,27.64827504086896,3250498.704727011,3.494705373010431,-1.9786813390823468,-0.2286652592813924,4.821107946564794,1.82189566943878,1022798.3683704248,2993879.082557732,97.92053128649636,32.667385439765845,1
2026-03-04 23:22:06.812200,1.519608351318051,1.7460478641769068,-0.811191876815056,4.0041261818927545,60.03053114517641,1.0460262759428145,1.3172013335540362,1796637.468556668,2.689024731766992,4.508264927044972,3.8419070405526985,-1.6855408040001212,1.7375583919905808,23.63221916238528,2951372.594635875,-5.155120328756331,-1.1758276307502775,1.2224789221007792,-4.491830132765729,1.504507383273905,4414756.71724106,4658669.272105135,69.05447450593809,31.691453505493964,1
2026-03-05 00:22:06.812200,2.0100981762934755,-4.45571129065134,3.625352823251352,-3.429198295305444,44.68174366308399,0.4103133472811606,-0.024426605682074,3616936.22843105,1.6786096627050344,1.6849562504332989,3.1179775296491004,3.112175839456808,-2.726248286316564,96.5569660955808,3283626.414145632,-1.990408663643569,3.659758870552367,1.2278684740328774,-4.162005718724052,-4.932155724759919,3313551.297266714,2110597.1012151614,87.22994148391437,44.08077187715405,0
2026-03-05 01:22:06.812200,0.9399051718647412,0.8603399295744834,-4.764248441802351,4.839478964816177,39.20042964476723,-4.609849640849505,4.399066611985742,2000607.956172718,3.550820448151556,-1.0654426147954947,-3.586077456318178,0.1193858682948149,-0.4419668078429958,21.22948072469567,2054463.0298204524,-4.92389199349835,-3.505202558709678,-0.8420371607399892,-3.651933331356154,-3.0094533741155725,2467273.375542716,2542136.741120952,24.17711373662711,87.75826260231709,0
2026-03-05 02:22:06.812200,-3.8938256900981902,-4.297086820315736,0.2935826002671375,-1.0305520559281225,0.3247045950362574,3.906801173615866,4.738023052513921,1886480.6273549213,0.0129948645432541,-5.019182627578451,-3.069625275378401,4.938016366558938,4.759212573997179,88.90925653682228,4726697.769129386,4.31397601700911,-3.639896439721046,0.8486212785087943,-0.5029497070736032,0.6861131228597733,2693777.462264111,4188678.773797823,10.587504233613773,87.72686736254303,1
2026-03-05 03:22:06.812200,3.299876969100504,2.9297121381764843,-1.6931179784531896,-4.126715331411633,46.9223579486614,-4.559822044101762,-4.905335816032545,4163835.256549499,-1.5567227090506417,0.4190740216481129,3.586291608215219,-2.6908620810909665,3.67864537870021,0.701952001341366,1118953.3873258396,4.27125337821432,-2.3018504043642336,-1.862457748923151,-3.836745709456311,0.9431491658074792,2429573.047377935,4327839.051086655,93.04304819617464,34.631770385038664,0
2026-03-05 04:22:06.812200,-0.1076509360407219,-3.615311019107184,4.809694801903776,-2.7778653800932327,20.97444312409774,1.398887400704167,-0.5069016784308193,1411578.4177040088,-1.4868945267702631,1.7583898938951452,-4.93261507066055,2.692314265159721,2.920469957031771,62.07013973522381,4106196.910546031,0.543482720106206,-3.0873033380237107,3.279917986125218,-2.795122798395851,2.582039188303716,3723525.341454134,2623850.0778481485,74.62625960476852,88.06918712397055,1
2026-03-05 05:22:06.812200,2.5933427379034306,-0.0160782079588803,-2.07820506615305,-0.603650745087784,89.07772247075525,-2.6924091489612554,-4.396852305329192,4899142.947615374,-2.6794825598981347,4.772080663131755,2.99718225067,2.502888880249645,-2.985473110742977,80.41322823571642,3871565.970334659,1.1367928819601507,3.682108945538552,2.2353370236450094,0.2563724717042862,0.5584372504507431,2516340.6360375406,2614958.6751412773,13.27551504791173,96.96430876615916,1
2026-03-05 06:22:06.812200,2.54401309618778,-1.0236157986055952,-4.2907403582401615,-3.527395254106511,87.03101080688089,-4.283325340486211,-2.125051543753976,2697846.0676575075,1.522912230986416,0.881131647510417,-1.2125070311056776,-4.669098382636131,-0.5051418705414762,15.637416564306216,3076944.2889480744,-2.905067176156407,2.0205372730218936,-4.816635490737455,-2.049791478099249,0.8172452602513024,1846429.546759341,3578405.132165149,63.40080049563589,56.194831625489655,1
2026-03-05 07:22:06.812200,0.3510506358657836,-3.095584063333062,-3.801058821393924,3.70184705914388,3.546079232803141,-3.7959146637373857,-0.3917147004923029,2767794.9947009142,-0.3296501846114392,2.704711495977776,1.2241412979530129,2.9791940787421987,-4.827686031300745,91.8081998478479,1030929.3412428638,0.424882427989338,3.8182191495426574,0.2783730304260264,-1.922781166380496,-1.879423590911886,3435238.51842319,4658677.664635394,75.94389118494135,49.79867025051702,1
2026-03-05 08:22:06.812200,-4.670136196093875,3.085806166151792,-0.1136908328736613,4.225034396436353,86.73269240753459,4.005665284371556,2.514724362284009,3719675.2915421408,-2.448884303628453,4.671025214648715,2.722482657618377,-2.127516360116802,3.404414435615215,80.99059412972515,2785701.0912752505,1.3163343904253728,-3.376129742828592,0.4220852657686322,-1.2877347496946177,1.5463247438433814,2747612.77432055,2408598.0755243315,91.16465933740452,87.35872612206815,1
2026-03-05 09:22:06.812200,-3.9372831173472593,-3.77429968056226,-2.4366210544374547,3.226898077196347,27.41134168041728,4.658278857416415,-1.4966932963328483,1891279.686050241,0.7915880113052755,3.697076289804897,-1.202910141207873,1.202071899059657,-1.921580372297768,52.339406334763005,3769402.274925469,2.271373327642228,4.055191294767047,2.5415509932690656,3.7982922905549614,0.3812091105550899,4297911.299044393,2496811.6946035163,66.34138703299699,81.26636018384093,0
2026-03-05 10:22:06.812200,-4.396930373765975,-1.6972097618128124,4.074576243818086,0.7150761466033737,71.87454193047937,-1.943750990337813,2.107728898004912,2218469.999923705,2.988458560402514,-2.545885701590012,-2.3975502223689364,-0.5465654407223366,2.67461578290828,82.30421892132995,4393193.165152548,-4.362068461471556,3.87899700009487,4.811043542500367,2.3088582020561064,-0.4927016389157982,2730179.78004964,1371686.511964787,17.589613917346632,5.064243215822372,1
2026-03-05 11:22:06.812200,4.303971056624135,4.288102036971679,1.5047906025035689,3.1706214833860464,79.38303363382744,2.6329773090557955,-1.181086661148635,1129453.606780786,-3.379409040468499,-1.1002409645042388,0.1295889329776332,-3.737380589854693,-0.3947833821739971,8.77278587631927,4576306.011054921,0.0973283853148642,-4.338401344958449,-3.0532687234006035,-1.2093769071329274,1.8776437034378373,3005793.774011375,1830727.7598932288,29.62052076312284,62.209812454315575,0
2026-03-05 12:22:06.812200,2.6793770750704424,3.717595919938325,-2.127156491208341,2.137300744080161,81.8409802124764,0.1265325604021107,2.728444025430202,1249749.9662015445,3.960262490131637,-4.336741116859482,-0.9174658111887628,3.277904662518736,0.0907033981700828,65.58430693577483,1097122.9131394697,2.2472552632861444,-0.0947884025817592,3.08345293195837,4.372584334300028,-3.3812067988807133,2755692.8449505973,3933273.297218412,30.041641293631383,16.717878823846977,0
